,object,saccade_id,sim,pos.x,pos.y,goal.y,goal.x,ts,rot,trial,saccade_num
1404,square,0000-0004,sweep_m8d4_decaying-speed-4-0-local-decaying-speed-1-0-match-std-8-0_000103,40.0,40.0,0.0,2.0,4,0.0,square-0-0,78
1405,square,0000-0008,sweep_m8d4_decaying-speed-4-0-local-decaying-speed-1-0-match-std-8-0_000103,40.0,40.0,6.0,6.0,8,0.0,square-0-0,79
1406,square,0000-0012,sweep_m8d4_decaying-speed-4-0-local-decaying-speed-1-0-match-std-8-0_000103,40.0,40.0,2.0,9.0,12,0.0,square-0-0,80
1407,square,0000-0016,sweep_m8d4_decaying-speed-4-0-local-decaying-speed-1-0-match-std-8-0_000103,40.0,40.0,8.0,5.0,16,0.0,square-0-0,81
1408,square,0000-0020,sweep_m8d4_decaying-speed-4-0-local-decaying-speed-1-0-match-std-8-0_000103,40.0,40.0,0.0,2.0,20,0.0,square-0-0,82
1409,square,0000-0024,sweep_m8d4_decaying-speed-4-0-local-decaying-speed-1-0-match-std-8-0_000103,40.0,40.0,6.0,6.0,24,0.0,square-0-0,83
1410,square,0000-0028,sweep_m8d4_decaying-speed-4-0-local-decaying-speed-1-0-match-std-8-0_000103,40.0,40.0,2.0,9.0,28,0.0,square-0-0,84
1411,square,0000-0032,sweep_m8d4_decaying-speed-4-0-local-decaying-speed-1-0-match-std-8-0_000103,40.0,40.0,8.0,5.0,32,0.0,square-0-0,85
1412,square,0000-0036,sweep_m8d4_decaying-speed-4-0-local-decaying-speed-1-0-match-std-8-0_000103,40.0,40.0,0.0,2.0,36,0.0,square-0-0,86
1413,square,0000-0040,sweep_m8d4_decaying-speed-4-0-local-decaying-speed-1-0-match-std-8-0_000103,40.0,40.0,6.0,6.0,40,0.0,square-0-0,87
1414,square,0000-0044,sweep_m8d4_decaying-speed-4-0-local-decaying-speed-1-0-match-std-8-0_000103,40.0,40.0,2.0,9.0,44,0.0,square-0-0,88
1415,square,0000-0048,sweep_m8d4_decaying-speed-4-0-local-decaying-speed-1-0-match-std-8-0_000103,40.0,40.0,8.0,5.0,48,0.0,square-0-0,89
1416,square,0000-0052,sweep_m8d4_decaying-speed-4-0-local-decaying-speed-1-0-match-std-8-0_000103,40.0,40.0,0.0,2.0,52,0.0,square-0-0,90
1417,square,0000-0056,sweep_m8d4_decaying-speed-4-0-local-decaying-speed-1-0-match-std-8-0_000103,40.0,40.0,6.0,6.0,56,0.0,square-0-0,91
1418,square,0000-0060,sweep_m8d4_decaying-speed-4-0-local-decaying-speed-1-0-match-std-8-0_000103,40.0,40.0,2.0,9.0,60,0.0,square-0-0,92
1419,square,0000-0064,sweep_m8d4_decaying-speed-4-0-local-decaying-speed-1-0-match-std-8-0_000103,40.0,40.0,8.0,5.0,64,0.0,square-0-0,93
1420,square,0000-0068,sweep_m8d4_decaying-speed-4-0-local-decaying-speed-1-0-match-std-8-0_000103,40.0,40.0,0.0,2.0,68,0.0,square-0-0,94
1421,square,0000-0072,sweep_m8d4_decaying-speed-4-0-local-decaying-speed-1-0-match-std-8-0_000103,40.0,40.0,6.0,6.0,72,0.0,square-0-0,95
1422,square,0000-0076,sweep_m8d4_decaying-speed-4-0-local-decaying-speed-1-0-match-std-8-0_000103,40.0,40.0,2.0,9.0,76,0.0,square-0-0,96
1423,square,0000-0080,sweep_m8d4_decaying-speed-4-0-local-decaying-speed-1-0-match-std-8-0_000103,40.0,40.0,8.0,5.0,80,0.0,square-0-0,97
1424,square,0000-0084,sweep_m8d4_decaying-speed-4-0-local-decaying-speed-1-0-match-std-8-0_000103,40.0,40.0,0.0,2.0,84,0.0,square-0-0,98
1425,square,0000-0088,sweep_m8d4_decaying-speed-4-0-local-decaying-speed-1-0-match-std-8-0_000103,40.0,40.0,6.0,6.0,88,0.0,square-0-0,99
1426,square,0000-0092,sweep_m8d4_decaying-speed-4-0-local-decaying-speed-1-0-match-std-8-0_000103,40.0,40.0,2.0,9.0,92,0.0,square-0-0,100
1427,square,0000-0096,sweep_m8d4_decaying-speed-4-0-local-decaying-speed-1-0-match-std-8-0_000103,40.0,40.0,8.0,5.0,96,0.0,square-0-0,101
1428,square,0000-0100,sweep_m8d4_decaying-speed-4-0-local-decaying-speed-1-0-match-std-8-0_000103,40.0,40.0,0.0,2.0,100,0.0,square-0-0,102
1429,square,0000-0104,sweep_m8d4_decaying-speed-4-0-local-decaying-speed-1-0-match-std-8-0_000103,40.0,40.0,6.0,6.0,104,0.0,square-0-0,103
1430,square,0000-0108,sweep_m8d4_decaying-speed-4-0-local-decaying-speed-1-0-match-std-8-0_000103,40.0,40.0,2.0,9.0,108,0.0,square-0-0,104
1431,square,0000-0112,sweep_m8d4_decaying-speed-4-0-local-decaying-speed-1-0-match-std-8-0_000103,40.0,40.0,8.0,5.0,112,0.0,square-0-0,105
1432,square,0000-0116,sweep_m8d4_decaying-speed-4-0-local-decaying-speed-1-0-match-std-8-0_000103,40.0,40.0,0.0,2.0,116,0.0,square-0-0,106
1433,square,0000-0120,sweep_m8d4_decaying-speed-4-0-local-decaying-speed-1-0-match-std-8-0_000103,40.0,40.0,6.0,6.0,120,0.0,square-0-0,107
1434,square,0000-0124,sweep_m8d4_decaying-speed-4-0-local-decaying-speed-1-0-match-std-8-0_000103,40.0,40.0,2.0,9.0,124,0.0,square-0-0,108
1435,square,0000-0128,sweep_m8d4_decaying-speed-4-0-local-decaying-speed-1-0-match-std-8-0_000103,40.0,40.0,8.0,5.0,128,0.0,square-0-0,109
1436,square,0000-0132,sweep_m8d4_decaying-speed-4-0-local-decaying-speed-1-0-match-std-8-0_000103,40.0,40.0,0.0,2.0,132,0.0,square-0-0,110
1437,square,0000-0136,sweep_m8d4_decaying-speed-4-0-local-decaying-speed-1-0-match-std-8-0_000103,40.0,40.0,6.0,6.0,136,0.0,square-0-0,111
1438,square,0000-0140,sweep_m8d4_decaying-speed-4-0-local-decaying-speed-1-0-match-std-8-0_000103,40.0,40.0,2.0,9.0,140,0.0,square-0-0,112
1439,square,0000-0144,sweep_m8d4_decaying-speed-4-0-local-decaying-speed-1-0-match-std-8-0_000103,40.0,40.0,8.0,5.0,144,0.0,square-0-0,113
1440,square,0000-0148,sweep_m8d4_decaying-speed-4-0-local-decaying-speed-1-0-match-std-8-0_000103,40.0,40.0,0.0,2.0,148,0.0,square-0-0,114
1441,square,0000-0152,sweep_m8d4_decaying-speed-4-0-local-decaying-speed-1-0-match-std-8-0_000103,40.0,40.0,6.0,6.0,152,0.0,square-0-0,115
1442,square,0000-0156,sweep_m8d4_decaying-speed-4-0-local-decaying-speed-1-0-match-std-8-0_000103,40.0,40.0,2.0,9.0,156,0.0,square-0-0,116
1443,triangle,0000-0004,sweep_m8d4_decaying-speed-4-0-local-decaying-speed-1-0-match-std-8-0_000103,40.0,40.0,3.0,2.0,4,91.67324722093171,triangle-1-6,78
1444,triangle,0000-0008,sweep_m8d4_decaying-speed-4-0-local-decaying-speed-1-0-match-std-8-0_000103,40.0,40.0,4.0,6.0,8,91.67324722093171,triangle-1-6,79
1445,triangle,0000-0012,sweep_m8d4_decaying-speed-4-0-local-decaying-speed-1-0-match-std-8-0_000103,40.0,40.0,9.0,0.0,12,91.67324722093171,triangle-1-6,80
1446,triangle,0000-0016,sweep_m8d4_decaying-speed-4-0-local-decaying-speed-1-0-match-std-8-0_000103,40.0,40.0,4.0,6.0,16,91.67324722093171,triangle-1-6,81
1447,triangle,0000-0020,sweep_m8d4_decaying-speed-4-0-local-decaying-speed-1-0-match-std-8-0_000103,40.0,40.0,9.0,0.0,20,91.67324722093171,triangle-1-6,82
1448,triangle,0000-0024,sweep_m8d4_decaying-speed-4-0-local-decaying-speed-1-0-match-std-8-0_000103,40.0,40.0,4.0,6.0,24,91.67324722093171,triangle-1-6,83
1449,triangle,0000-0028,sweep_m8d4_decaying-speed-4-0-local-decaying-speed-1-0-match-std-8-0_000103,40.0,40.0,9.0,0.0,28,91.67324722093171,triangle-1-6,84
1450,triangle,0000-0032,sweep_m8d4_decaying-speed-4-0-local-decaying-speed-1-0-match-std-8-0_000103,40.0,40.0,4.0,6.0,32,91.67324722093171,triangle-1-6,85
1451,triangle,0000-0036,sweep_m8d4_decaying-speed-4-0-local-decaying-speed-1-0-match-std-8-0_000103,40.0,40.0,9.0,0.0,36,91.67324722093171,triangle-1-6,86
1452,triangle,0000-0040,sweep_m8d4_decaying-speed-4-0-local-decaying-speed-1-0-match-std-8-0_000103,40.0,40.0,4.0,6.0,40,91.67324722093171,triangle-1-6,87
1453,triangle,0000-0044,sweep_m8d4_decaying-speed-4-0-local-decaying-speed-1-0-match-std-8-0_000103,40.0,40.0,9.0,0.0,44,91.67324722093171,triangle-1-6,88
1454,triangle,0000-0048,sweep_m8d4_decaying-speed-4-0-local-decaying-speed-1-0-match-std-8-0_000103,40.0,40.0,4.0,6.0,48,91.67324722093171,triangle-1-6,89
1455,triangle,0000-0052,sweep_m8d4_decaying-speed-4-0-local-decaying-speed-1-0-match-std-8-0_000103,40.0,40.0,9.0,0.0,52,91.67324722093171,triangle-1-6,90
1456,triangle,0000-0056,sweep_m8d4_decaying-speed-4-0-local-decaying-speed-1-0-match-std-8-0_000103,40.0,40.0,4.0,6.0,56,91.67324722093171,triangle-1-6,91
1457,triangle,0000-0060,sweep_m8d4_decaying-speed-4-0-local-decaying-speed-1-0-match-std-8-0_000103,40.0,40.0,9.0,0.0,60,91.67324722093171,triangle-1-6,92
1458,triangle,0000-0064,sweep_m8d4_decaying-speed-4-0-local-decaying-speed-1-0-match-std-8-0_000103,40.0,40.0,4.0,6.0,64,91.67324722093171,triangle-1-6,93
1459,triangle,0000-0068,sweep_m8d4_decaying-speed-4-0-local-decaying-speed-1-0-match-std-8-0_000103,40.0,40.0,9.0,0.0,68,91.67324722093171,triangle-1-6,94
1460,triangle,0000-0072,sweep_m8d4_decaying-speed-4-0-local-decaying-speed-1-0-match-std-8-0_000103,40.0,40.0,4.0,6.0,72,91.67324722093171,triangle-1-6,95
1461,triangle,0000-0076,sweep_m8d4_decaying-speed-4-0-local-decaying-speed-1-0-match-std-8-0_000103,40.0,40.0,9.0,0.0,76,91.67324722093171,triangle-1-6,96
1462,triangle,0000-0080,sweep_m8d4_decaying-speed-4-0-local-decaying-speed-1-0-match-std-8-0_000103,40.0,40.0,4.0,6.0,80,91.67324722093171,triangle-1-6,97
1463,triangle,0000-0084,sweep_m8d4_decaying-speed-4-0-local-decaying-speed-1-0-match-std-8-0_000103,40.0,40.0,9.0,0.0,84,91.67324722093171,triangle-1-6,98
1464,triangle,0000-0088,sweep_m8d4_decaying-speed-4-0-local-decaying-speed-1-0-match-std-8-0_000103,40.0,40.0,4.0,6.0,88,91.67324722093171,triangle-1-6,99
1465,triangle,0000-0092,sweep_m8d4_decaying-speed-4-0-local-decaying-speed-1-0-match-std-8-0_000103,40.0,40.0,9.0,0.0,92,91.67324722093171,triangle-1-6,100
1466,triangle,0000-0096,sweep_m8d4_decaying-speed-4-0-local-decaying-speed-1-0-match-std-8-0_000103,40.0,40.0,4.0,6.0,96,91.67324722093171,triangle-1-6,101
1467,triangle,0000-0100,sweep_m8d4_decaying-speed-4-0-local-decaying-speed-1-0-match-std-8-0_000103,40.0,40.0,9.0,0.0,100,91.67324722093171,triangle-1-6,102
1468,triangle,0000-0104,sweep_m8d4_decaying-speed-4-0-local-decaying-speed-1-0-match-std-8-0_000103,40.0,40.0,4.0,6.0,104,91.67324722093171,triangle-1-6,103
1469,triangle,0000-0108,sweep_m8d4_decaying-speed-4-0-local-decaying-speed-1-0-match-std-8-0_000103,40.0,40.0,9.0,0.0,108,91.67324722093171,triangle-1-6,104
1470,triangle,0000-0112,sweep_m8d4_decaying-speed-4-0-local-decaying-speed-1-0-match-std-8-0_000103,40.0,40.0,4.0,6.0,112,91.67324722093171,triangle-1-6,105
1471,triangle,0000-0116,sweep_m8d4_decaying-speed-4-0-local-decaying-speed-1-0-match-std-8-0_000103,40.0,40.0,9.0,0.0,116,91.67324722093171,triangle-1-6,106
1472,triangle,0000-0120,sweep_m8d4_decaying-speed-4-0-local-decaying-speed-1-0-match-std-8-0_000103,40.0,40.0,4.0,6.0,120,91.67324722093171,triangle-1-6,107
1473,triangle,0000-0124,sweep_m8d4_decaying-speed-4-0-local-decaying-speed-1-0-match-std-8-0_000103,40.0,40.0,9.0,0.0,124,91.67324722093171,triangle-1-6,108
1474,triangle,0000-0128,sweep_m8d4_decaying-speed-4-0-local-decaying-speed-1-0-match-std-8-0_000103,40.0,40.0,4.0,6.0,128,91.67324722093171,triangle-1-6,109
1475,triangle,0000-0132,sweep_m8d4_decaying-speed-4-0-local-decaying-speed-1-0-match-std-8-0_000103,40.0,40.0,9.0,0.0,132,91.67324722093171,triangle-1-6,110
1476,triangle,0000-0136,sweep_m8d4_decaying-speed-4-0-local-decaying-speed-1-0-match-std-8-0_000103,40.0,40.0,4.0,6.0,136,91.67324722093171,triangle-1-6,111
1477,triangle,0000-0140,sweep_m8d4_decaying-speed-4-0-local-decaying-speed-1-0-match-std-8-0_000103,40.0,40.0,9.0,0.0,140,91.67324722093171,triangle-1-6,112
1478,triangle,0000-0144,sweep_m8d4_decaying-speed-4-0-local-decaying-speed-1-0-match-std-8-0_000103,40.0,40.0,4.0,6.0,144,91.67324722093171,triangle-1-6,113
1479,triangle,0000-0148,sweep_m8d4_decaying-speed-4-0-local-decaying-speed-1-0-match-std-8-0_000103,40.0,40.0,9.0,0.0,148,91.67324722093171,triangle-1-6,114
1480,triangle,0000-0152,sweep_m8d4_decaying-speed-4-0-local-decaying-speed-1-0-match-std-8-0_000103,40.0,40.0,4.0,6.0,152,91.67324722093171,triangle-1-6,115
1481,triangle,0000-0156,sweep_m8d4_decaying-speed-4-0-local-decaying-speed-1-0-match-std-8-0_000103,40.0,40.0,9.0,0.0,156,91.67324722093171,triangle-1-6,116
1482,square,0000-0004,sweep_m8d4_decaying-speed-4-0-local-decaying-speed-1-0-match-std-8-0_000103,40.0,40.0,2.0,0.0,4,34.37746770784939,square-0-6,78
1483,square,0000-0008,sweep_m8d4_decaying-speed-4-0-local-decaying-speed-1-0-match-std-8-0_000103,40.0,40.0,2.0,7.0,8,34.37746770784939,square-0-6,79
1484,square,0000-0012,sweep_m8d4_decaying-speed-4-0-local-decaying-speed-1-0-match-std-8-0_000103,40.0,40.0,8.0,3.0,12,34.37746770784939,square-0-6,80
1485,square,0000-0016,sweep_m8d4_decaying-speed-4-0-local-decaying-speed-1-0-match-std-8-0_000103,40.0,40.0,2.0,0.0,16,34.37746770784939,square-0-6,81
1486,square,0000-0020,sweep_m8d4_decaying-speed-4-0-local-decaying-speed-1-0-match-std-8-0_000103,40.0,40.0,2.0,7.0,20,34.37746770784939,square-0-6,82
1487,square,0000-0024,sweep_m8d4_decaying-speed-4-0-local-decaying-speed-1-0-match-std-8-0_000103,40.0,40.0,8.0,3.0,24,34.37746770784939,square-0-6,83
1488,square,0000-0028,sweep_m8d4_decaying-speed-4-0-local-decaying-speed-1-0-match-std-8-0_000103,40.0,40.0,2.0,0.0,28,34.37746770784939,square-0-6,84
1489,square,0000-0032,sweep_m8d4_decaying-speed-4-0-local-decaying-speed-1-0-match-std-8-0_000103,40.0,40.0,2.0,7.0,32,34.37746770784939,square-0-6,85
1490,square,0000-0036,sweep_m8d4_decaying-speed-4-0-local-decaying-speed-1-0-match-std-8-0_000103,40.0,40.0,8.0,3.0,36,34.37746770784939,square-0-6,86
1491,square,0000-0040,sweep_m8d4_decaying-speed-4-0-local-decaying-speed-1-0-match-std-8-0_000103,40.0,40.0,2.0,0.0,40,34.37746770784939,square-0-6,87
1492,square,0000-0044,sweep_m8d4_decaying-speed-4-0-local-decaying-speed-1-0-match-std-8-0_000103,40.0,40.0,2.0,7.0,44,34.37746770784939,square-0-6,88
1493,square,0000-0048,sweep_m8d4_decaying-speed-4-0-local-decaying-speed-1-0-match-std-8-0_000103,40.0,40.0,8.0,3.0,48,34.37746770784939,square-0-6,89
1494,square,0000-0052,sweep_m8d4_decaying-speed-4-0-local-decaying-speed-1-0-match-std-8-0_000103,40.0,40.0,2.0,0.0,52,34.37746770784939,square-0-6,90
1495,square,0000-0056,sweep_m8d4_decaying-speed-4-0-local-decaying-speed-1-0-match-std-8-0_000103,40.0,40.0,2.0,7.0,56,34.37746770784939,square-0-6,91
1496,square,0000-0060,sweep_m8d4_decaying-speed-4-0-local-decaying-speed-1-0-match-std-8-0_000103,40.0,40.0,8.0,3.0,60,34.37746770784939,square-0-6,92
1497,square,0000-0064,sweep_m8d4_decaying-speed-4-0-local-decaying-speed-1-0-match-std-8-0_000103,40.0,40.0,2.0,0.0,64,34.37746770784939,square-0-6,93
1498,square,0000-0068,sweep_m8d4_decaying-speed-4-0-local-decaying-speed-1-0-match-std-8-0_000103,40.0,40.0,2.0,7.0,68,34.37746770784939,square-0-6,94
1499,square,0000-0072,sweep_m8d4_decaying-speed-4-0-local-decaying-speed-1-0-match-std-8-0_000103,40.0,40.0,8.0,3.0,72,34.37746770784939,square-0-6,95
1500,square,0000-0076,sweep_m8d4_decaying-speed-4-0-local-decaying-speed-1-0-match-std-8-0_000103,40.0,40.0,2.0,0.0,76,34.37746770784939,square-0-6,96
1501,square,0000-0080,sweep_m8d4_decaying-speed-4-0-local-decaying-speed-1-0-match-std-8-0_000103,40.0,40.0,2.0,7.0,80,34.37746770784939,square-0-6,97
1502,square,0000-0084,sweep_m8d4_decaying-speed-4-0-local-decaying-speed-1-0-match-std-8-0_000103,40.0,40.0,8.0,3.0,84,34.37746770784939,square-0-6,98
1503,square,0000-0088,sweep_m8d4_decaying-speed-4-0-local-decaying-speed-1-0-match-std-8-0_000103,40.0,40.0,2.0,0.0,88,34.37746770784939,square-0-6,99
1504,square,0000-0092,sweep_m8d4_decaying-speed-4-0-local-decaying-speed-1-0-match-std-8-0_000103,40.0,40.0,2.0,7.0,92,34.37746770784939,square-0-6,100
1505,square,0000-0096,sweep_m8d4_decaying-speed-4-0-local-decaying-speed-1-0-match-std-8-0_000103,40.0,40.0,8.0,3.0,96,34.37746770784939,square-0-6,101
1506,square,0000-0100,sweep_m8d4_decaying-speed-4-0-local-decaying-speed-1-0-match-std-8-0_000103,40.0,40.0,2.0,0.0,100,34.37746770784939,square-0-6,102
1507,square,0000-0104,sweep_m8d4_decaying-speed-4-0-local-decaying-speed-1-0-match-std-8-0_000103,40.0,40.0,2.0,7.0,104,34.37746770784939,square-0-6,103
1508,square,0000-0108,sweep_m8d4_decaying-speed-4-0-local-decaying-speed-1-0-match-std-8-0_000103,40.0,40.0,8.0,3.0,108,34.37746770784939,square-0-6,104
1509,square,0000-0112,sweep_m8d4_decaying-speed-4-0-local-decaying-speed-1-0-match-std-8-0_000103,40.0,40.0,2.0,0.0,112,34.37746770784939,square-0-6,105
1510,square,0000-0116,sweep_m8d4_decaying-speed-4-0-local-decaying-speed-1-0-match-std-8-0_000103,40.0,40.0,2.0,7.0,116,34.37746770784939,square-0-6,106
1511,square,0000-0120,sweep_m8d4_decaying-speed-4-0-local-decaying-speed-1-0-match-std-8-0_000103,40.0,40.0,8.0,3.0,120,34.37746770784939,square-0-6,107
1512,square,0000-0124,sweep_m8d4_decaying-speed-4-0-local-decaying-speed-1-0-match-std-8-0_000103,40.0,40.0,2.0,0.0,124,34.37746770784939,square-0-6,108
1513,square,0000-0128,sweep_m8d4_decaying-speed-4-0-local-decaying-speed-1-0-match-std-8-0_000103,40.0,40.0,2.0,7.0,128,34.37746770784939,square-0-6,109
1514,square,0000-0132,sweep_m8d4_decaying-speed-4-0-local-decaying-speed-1-0-match-std-8-0_000103,40.0,40.0,8.0,3.0,132,34.37746770784939,square-0-6,110
1515,square,0000-0136,sweep_m8d4_decaying-speed-4-0-local-decaying-speed-1-0-match-std-8-0_000103,40.0,40.0,2.0,0.0,136,34.37746770784939,square-0-6,111
1516,square,0000-0140,sweep_m8d4_decaying-speed-4-0-local-decaying-speed-1-0-match-std-8-0_000103,40.0,40.0,2.0,7.0,140,34.37746770784939,square-0-6,112
1517,square,0000-0144,sweep_m8d4_decaying-speed-4-0-local-decaying-speed-1-0-match-std-8-0_000103,40.0,40.0,8.0,3.0,144,34.37746770784939,square-0-6,113
1518,square,0000-0148,sweep_m8d4_decaying-speed-4-0-local-decaying-speed-1-0-match-std-8-0_000103,40.0,40.0,2.0,0.0,148,34.37746770784939,square-0-6,114
1519,square,0000-0152,sweep_m8d4_decaying-speed-4-0-local-decaying-speed-1-0-match-std-8-0_000103,40.0,40.0,2.0,7.0,152,34.37746770784939,square-0-6,115
1520,square,0000-0156,sweep_m8d4_decaying-speed-4-0-local-decaying-speed-1-0-match-std-8-0_000103,40.0,40.0,8.0,3.0,156,34.37746770784939,square-0-6,116
1521,triangle,0000-0004,sweep_m8d4_decaying-speed-4-0-local-decaying-speed-1-0-match-std-8-0_000103,40.0,40.0,4.0,9.0,4,11.459155902616464,triangle-0-2,78
1522,triangle,0000-0008,sweep_m8d4_decaying-speed-4-0-local-decaying-speed-1-0-match-std-8-0_000103,40.0,40.0,7.0,0.0,8,11.459155902616464,triangle-0-2,79
1523,triangle,0000-0012,sweep_m8d4_decaying-speed-4-0-local-decaying-speed-1-0-match-std-8-0_000103,40.0,40.0,4.0,9.0,12,11.459155902616464,triangle-0-2,80
1524,triangle,0000-0016,sweep_m8d4_decaying-speed-4-0-local-decaying-speed-1-0-match-std-8-0_000103,40.0,40.0,7.0,0.0,16,11.459155902616464,triangle-0-2,81
1525,triangle,0000-0020,sweep_m8d4_decaying-speed-4-0-local-decaying-speed-1-0-match-std-8-0_000103,40.0,40.0,4.0,9.0,20,11.459155902616464,triangle-0-2,82
1526,triangle,0000-0024,sweep_m8d4_decaying-speed-4-0-local-decaying-speed-1-0-match-std-8-0_000103,40.0,40.0,7.0,0.0,24,11.459155902616464,triangle-0-2,83
1527,triangle,0000-0028,sweep_m8d4_decaying-speed-4-0-local-decaying-speed-1-0-match-std-8-0_000103,40.0,40.0,4.0,9.0,28,11.459155902616464,triangle-0-2,84
1528,triangle,0000-0032,sweep_m8d4_decaying-speed-4-0-local-decaying-speed-1-0-match-std-8-0_000103,40.0,40.0,7.0,0.0,32,11.459155902616464,triangle-0-2,85
1529,triangle,0000-0036,sweep_m8d4_decaying-speed-4-0-local-decaying-speed-1-0-match-std-8-0_000103,40.0,40.0,4.0,9.0,36,11.459155902616464,triangle-0-2,86
1530,triangle,0000-0040,sweep_m8d4_decaying-speed-4-0-local-decaying-speed-1-0-match-std-8-0_000103,40.0,40.0,7.0,0.0,40,11.459155902616464,triangle-0-2,87
1531,triangle,0000-0044,sweep_m8d4_decaying-speed-4-0-local-decaying-speed-1-0-match-std-8-0_000103,40.0,40.0,4.0,9.0,44,11.459155902616464,triangle-0-2,88
1532,triangle,0000-0048,sweep_m8d4_decaying-speed-4-0-local-decaying-speed-1-0-match-std-8-0_000103,40.0,40.0,7.0,0.0,48,11.459155902616464,triangle-0-2,89
1533,triangle,0000-0052,sweep_m8d4_decaying-speed-4-0-local-decaying-speed-1-0-match-std-8-0_000103,40.0,40.0,4.0,9.0,52,11.459155902616464,triangle-0-2,90
1534,triangle,0000-0056,sweep_m8d4_decaying-speed-4-0-local-decaying-speed-1-0-match-std-8-0_000103,40.0,40.0,7.0,0.0,56,11.459155902616464,triangle-0-2,91
1535,triangle,0000-0060,sweep_m8d4_decaying-speed-4-0-local-decaying-speed-1-0-match-std-8-0_000103,40.0,40.0,4.0,9.0,60,11.459155902616464,triangle-0-2,92
1536,triangle,0000-0064,sweep_m8d4_decaying-speed-4-0-local-decaying-speed-1-0-match-std-8-0_000103,40.0,40.0,7.0,0.0,64,11.459155902616464,triangle-0-2,93
1537,triangle,0000-0068,sweep_m8d4_decaying-speed-4-0-local-decaying-speed-1-0-match-std-8-0_000103,40.0,40.0,4.0,9.0,68,11.459155902616464,triangle-0-2,94
1538,triangle,0000-0072,sweep_m8d4_decaying-speed-4-0-local-decaying-speed-1-0-match-std-8-0_000103,40.0,40.0,7.0,0.0,72,11.459155902616464,triangle-0-2,95
1539,triangle,0000-0076,sweep_m8d4_decaying-speed-4-0-local-decaying-speed-1-0-match-std-8-0_000103,40.0,40.0,4.0,9.0,76,11.459155902616464,triangle-0-2,96
1540,triangle,0000-0080,sweep_m8d4_decaying-speed-4-0-local-decaying-speed-1-0-match-std-8-0_000103,40.0,40.0,7.0,0.0,80,11.459155902616464,triangle-0-2,97
1541,triangle,0000-0084,sweep_m8d4_decaying-speed-4-0-local-decaying-speed-1-0-match-std-8-0_000103,40.0,40.0,4.0,9.0,84,11.459155902616464,triangle-0-2,98
1542,triangle,0000-0088,sweep_m8d4_decaying-speed-4-0-local-decaying-speed-1-0-match-std-8-0_000103,40.0,40.0,7.0,0.0,88,11.459155902616464,triangle-0-2,99
1543,triangle,0000-0092,sweep_m8d4_decaying-speed-4-0-local-decaying-speed-1-0-match-std-8-0_000103,40.0,40.0,4.0,9.0,92,11.459155902616464,triangle-0-2,100
1544,triangle,0000-0096,sweep_m8d4_decaying-speed-4-0-local-decaying-speed-1-0-match-std-8-0_000103,40.0,40.0,7.0,0.0,96,11.459155902616464,triangle-0-2,101
1545,triangle,0000-0100,sweep_m8d4_decaying-speed-4-0-local-decaying-speed-1-0-match-std-8-0_000103,40.0,40.0,4.0,9.0,100,11.459155902616464,triangle-0-2,102
1546,triangle,0000-0104,sweep_m8d4_decaying-speed-4-0-local-decaying-speed-1-0-match-std-8-0_000103,40.0,40.0,7.0,0.0,104,11.459155902616464,triangle-0-2,103
1547,triangle,0000-0108,sweep_m8d4_decaying-speed-4-0-local-decaying-speed-1-0-match-std-8-0_000103,40.0,40.0,4.0,9.0,108,11.459155902616464,triangle-0-2,104
1548,triangle,0000-0112,sweep_m8d4_decaying-speed-4-0-local-decaying-speed-1-0-match-std-8-0_000103,40.0,40.0,7.0,0.0,112,11.459155902616464,triangle-0-2,105
1549,triangle,0000-0116,sweep_m8d4_decaying-speed-4-0-local-decaying-speed-1-0-match-std-8-0_000103,40.0,40.0,4.0,9.0,116,11.459155902616464,triangle-0-2,106
1550,triangle,0000-0120,sweep_m8d4_decaying-speed-4-0-local-decaying-speed-1-0-match-std-8-0_000103,40.0,40.0,7.0,0.0,120,11.459155902616464,triangle-0-2,107
1551,triangle,0000-0124,sweep_m8d4_decaying-speed-4-0-local-decaying-speed-1-0-match-std-8-0_000103,40.0,40.0,4.0,9.0,124,11.459155902616464,triangle-0-2,108
1552,triangle,0000-0128,sweep_m8d4_decaying-speed-4-0-local-decaying-speed-1-0-match-std-8-0_000103,40.0,40.0,7.0,0.0,128,11.459155902616464,triangle-0-2,109
1553,triangle,0000-0132,sweep_m8d4_decaying-speed-4-0-local-decaying-speed-1-0-match-std-8-0_000103,40.0,40.0,4.0,9.0,132,11.459155902616464,triangle-0-2,110
1554,triangle,0000-0136,sweep_m8d4_decaying-speed-4-0-local-decaying-speed-1-0-match-std-8-0_000103,40.0,40.0,7.0,0.0,136,11.459155902616464,triangle-0-2,111
1555,triangle,0000-0140,sweep_m8d4_decaying-speed-4-0-local-decaying-speed-1-0-match-std-8-0_000103,40.0,40.0,4.0,9.0,140,11.459155902616464,triangle-0-2,112
1556,triangle,0000-0144,sweep_m8d4_decaying-speed-4-0-local-decaying-speed-1-0-match-std-8-0_000103,40.0,40.0,7.0,0.0,144,11.459155902616464,triangle-0-2,113
1557,triangle,0000-0148,sweep_m8d4_decaying-speed-4-0-local-decaying-speed-1-0-match-std-8-0_000103,40.0,40.0,4.0,9.0,148,11.459155902616464,triangle-0-2,114
1558,triangle,0000-0152,sweep_m8d4_decaying-speed-4-0-local-decaying-speed-1-0-match-std-8-0_000103,40.0,40.0,7.0,0.0,152,11.459155902616464,triangle-0-2,115
1559,triangle,0000-0156,sweep_m8d4_decaying-speed-4-0-local-decaying-speed-1-0-match-std-8-0_000103,40.0,40.0,4.0,9.0,156,11.459155902616464,triangle-0-2,116
1560,triangle,0000-0004,sweep_m8d4_decaying-speed-4-0-local-decaying-speed-1-0-match-std-8-0_000103,40.0,40.0,6.0,0.0,4,34.37746770784939,triangle-0-6,78
1561,triangle,0000-0008,sweep_m8d4_decaying-speed-4-0-local-decaying-speed-1-0-match-std-8-0_000103,40.0,40.0,2.0,4.0,8,34.37746770784939,triangle-0-6,79
1562,triangle,0000-0012,sweep_m8d4_decaying-speed-4-0-local-decaying-speed-1-0-match-std-8-0_000103,40.0,40.0,9.0,7.0,12,34.37746770784939,triangle-0-6,80
1563,triangle,0000-0016,sweep_m8d4_decaying-speed-4-0-local-decaying-speed-1-0-match-std-8-0_000103,40.0,40.0,6.0,0.0,16,34.37746770784939,triangle-0-6,81
1564,triangle,0000-0020,sweep_m8d4_decaying-speed-4-0-local-decaying-speed-1-0-match-std-8-0_000103,40.0,40.0,2.0,4.0,20,34.37746770784939,triangle-0-6,82
1565,triangle,0000-0024,sweep_m8d4_decaying-speed-4-0-local-decaying-speed-1-0-match-std-8-0_000103,40.0,40.0,9.0,7.0,24,34.37746770784939,triangle-0-6,83
1566,triangle,0000-0028,sweep_m8d4_decaying-speed-4-0-local-decaying-speed-1-0-match-std-8-0_000103,40.0,40.0,6.0,0.0,28,34.37746770784939,triangle-0-6,84
1567,triangle,0000-0032,sweep_m8d4_decaying-speed-4-0-local-decaying-speed-1-0-match-std-8-0_000103,40.0,40.0,2.0,4.0,32,34.37746770784939,triangle-0-6,85
1568,triangle,0000-0036,sweep_m8d4_decaying-speed-4-0-local-decaying-speed-1-0-match-std-8-0_000103,40.0,40.0,9.0,7.0,36,34.37746770784939,triangle-0-6,86
1569,triangle,0000-0040,sweep_m8d4_decaying-speed-4-0-local-decaying-speed-1-0-match-std-8-0_000103,40.0,40.0,6.0,0.0,40,34.37746770784939,triangle-0-6,87
1570,triangle,0000-0044,sweep_m8d4_decaying-speed-4-0-local-decaying-speed-1-0-match-std-8-0_000103,40.0,40.0,2.0,4.0,44,34.37746770784939,triangle-0-6,88
1571,triangle,0000-0048,sweep_m8d4_decaying-speed-4-0-local-decaying-speed-1-0-match-std-8-0_000103,40.0,40.0,9.0,7.0,48,34.37746770784939,triangle-0-6,89
1572,triangle,0000-0052,sweep_m8d4_decaying-speed-4-0-local-decaying-speed-1-0-match-std-8-0_000103,40.0,40.0,6.0,0.0,52,34.37746770784939,triangle-0-6,90
1573,triangle,0000-0056,sweep_m8d4_decaying-speed-4-0-local-decaying-speed-1-0-match-std-8-0_000103,40.0,40.0,2.0,4.0,56,34.37746770784939,triangle-0-6,91
1574,triangle,0000-0060,sweep_m8d4_decaying-speed-4-0-local-decaying-speed-1-0-match-std-8-0_000103,40.0,40.0,9.0,7.0,60,34.37746770784939,triangle-0-6,92
1575,triangle,0000-0064,sweep_m8d4_decaying-speed-4-0-local-decaying-speed-1-0-match-std-8-0_000103,40.0,40.0,6.0,0.0,64,34.37746770784939,triangle-0-6,93
1576,triangle,0000-0068,sweep_m8d4_decaying-speed-4-0-local-decaying-speed-1-0-match-std-8-0_000103,40.0,40.0,2.0,4.0,68,34.37746770784939,triangle-0-6,94
1577,triangle,0000-0072,sweep_m8d4_decaying-speed-4-0-local-decaying-speed-1-0-match-std-8-0_000103,40.0,40.0,9.0,7.0,72,34.37746770784939,triangle-0-6,95
1578,triangle,0000-0076,sweep_m8d4_decaying-speed-4-0-local-decaying-speed-1-0-match-std-8-0_000103,40.0,40.0,6.0,0.0,76,34.37746770784939,triangle-0-6,96
1579,triangle,0000-0080,sweep_m8d4_decaying-speed-4-0-local-decaying-speed-1-0-match-std-8-0_000103,40.0,40.0,2.0,4.0,80,34.37746770784939,triangle-0-6,97
1580,triangle,0000-0084,sweep_m8d4_decaying-speed-4-0-local-decaying-speed-1-0-match-std-8-0_000103,40.0,40.0,9.0,7.0,84,34.37746770784939,triangle-0-6,98
1581,triangle,0000-0088,sweep_m8d4_decaying-speed-4-0-local-decaying-speed-1-0-match-std-8-0_000103,40.0,40.0,6.0,0.0,88,34.37746770784939,triangle-0-6,99
1582,triangle,0000-0092,sweep_m8d4_decaying-speed-4-0-local-decaying-speed-1-0-match-std-8-0_000103,40.0,40.0,2.0,4.0,92,34.37746770784939,triangle-0-6,100
1583,triangle,0000-0096,sweep_m8d4_decaying-speed-4-0-local-decaying-speed-1-0-match-std-8-0_000103,40.0,40.0,9.0,7.0,96,34.37746770784939,triangle-0-6,101
1584,triangle,0000-0100,sweep_m8d4_decaying-speed-4-0-local-decaying-speed-1-0-match-std-8-0_000103,40.0,40.0,6.0,0.0,100,34.37746770784939,triangle-0-6,102
1585,triangle,0000-0104,sweep_m8d4_decaying-speed-4-0-local-decaying-speed-1-0-match-std-8-0_000103,40.0,40.0,2.0,4.0,104,34.37746770784939,triangle-0-6,103
1586,triangle,0000-0108,sweep_m8d4_decaying-speed-4-0-local-decaying-speed-1-0-match-std-8-0_000103,40.0,40.0,9.0,7.0,108,34.37746770784939,triangle-0-6,104
1587,triangle,0000-0112,sweep_m8d4_decaying-speed-4-0-local-decaying-speed-1-0-match-std-8-0_000103,40.0,40.0,6.0,0.0,112,34.37746770784939,triangle-0-6,105
1588,triangle,0000-0116,sweep_m8d4_decaying-speed-4-0-local-decaying-speed-1-0-match-std-8-0_000103,40.0,40.0,2.0,4.0,116,34.37746770784939,triangle-0-6,106
1589,triangle,0000-0120,sweep_m8d4_decaying-speed-4-0-local-decaying-speed-1-0-match-std-8-0_000103,40.0,40.0,9.0,7.0,120,34.37746770784939,triangle-0-6,107
1590,triangle,0000-0124,sweep_m8d4_decaying-speed-4-0-local-decaying-speed-1-0-match-std-8-0_000103,40.0,40.0,6.0,0.0,124,34.37746770784939,triangle-0-6,108
1591,triangle,0000-0128,sweep_m8d4_decaying-speed-4-0-local-decaying-speed-1-0-match-std-8-0_000103,40.0,40.0,2.0,4.0,128,34.37746770784939,triangle-0-6,109
1592,triangle,0000-0132,sweep_m8d4_decaying-speed-4-0-local-decaying-speed-1-0-match-std-8-0_000103,40.0,40.0,9.0,7.0,132,34.37746770784939,triangle-0-6,110
1593,triangle,0000-0136,sweep_m8d4_decaying-speed-4-0-local-decaying-speed-1-0-match-std-8-0_000103,40.0,40.0,6.0,0.0,136,34.37746770784939,triangle-0-6,111
1594,triangle,0000-0140,sweep_m8d4_decaying-speed-4-0-local-decaying-speed-1-0-match-std-8-0_000103,40.0,40.0,2.0,4.0,140,34.37746770784939,triangle-0-6,112
1595,triangle,0000-0144,sweep_m8d4_decaying-speed-4-0-local-decaying-speed-1-0-match-std-8-0_000103,40.0,40.0,9.0,7.0,144,34.37746770784939,triangle-0-6,113
1596,triangle,0000-0148,sweep_m8d4_decaying-speed-4-0-local-decaying-speed-1-0-match-std-8-0_000103,40.0,40.0,6.0,0.0,148,34.37746770784939,triangle-0-6,114
1597,triangle,0000-0152,sweep_m8d4_decaying-speed-4-0-local-decaying-speed-1-0-match-std-8-0_000103,40.0,40.0,2.0,4.0,152,34.37746770784939,triangle-0-6,115
1598,triangle,0000-0156,sweep_m8d4_decaying-speed-4-0-local-decaying-speed-1-0-match-std-8-0_000103,40.0,40.0,9.0,7.0,156,34.37746770784939,triangle-0-6,116
1599,triangle,0000-0004,sweep_m8d4_decaying-speed-4-0-local-decaying-speed-1-0-match-std-8-0_000103,40.0,40.0,6.0,0.0,4,22.91831180523293,triangle-0-4,78
1600,triangle,0000-0008,sweep_m8d4_decaying-speed-4-0-local-decaying-speed-1-0-match-std-8-0_000103,40.0,40.0,4.0,9.0,8,22.91831180523293,triangle-0-4,79
1601,triangle,0000-0012,sweep_m8d4_decaying-speed-4-0-local-decaying-speed-1-0-match-std-8-0_000103,40.0,40.0,6.0,0.0,12,22.91831180523293,triangle-0-4,80
1602,triangle,0000-0016,sweep_m8d4_decaying-speed-4-0-local-decaying-speed-1-0-match-std-8-0_000103,40.0,40.0,4.0,9.0,16,22.91831180523293,triangle-0-4,81
1603,triangle,0000-0020,sweep_m8d4_decaying-speed-4-0-local-decaying-speed-1-0-match-std-8-0_000103,40.0,40.0,6.0,0.0,20,22.91831180523293,triangle-0-4,82
1604,triangle,0000-0024,sweep_m8d4_decaying-speed-4-0-local-decaying-speed-1-0-match-std-8-0_000103,40.0,40.0,4.0,9.0,24,22.91831180523293,triangle-0-4,83
1605,triangle,0000-0028,sweep_m8d4_decaying-speed-4-0-local-decaying-speed-1-0-match-std-8-0_000103,40.0,40.0,6.0,0.0,28,22.91831180523293,triangle-0-4,84
1606,triangle,0000-0032,sweep_m8d4_decaying-speed-4-0-local-decaying-speed-1-0-match-std-8-0_000103,40.0,40.0,4.0,9.0,32,22.91831180523293,triangle-0-4,85
1607,triangle,0000-0036,sweep_m8d4_decaying-speed-4-0-local-decaying-speed-1-0-match-std-8-0_000103,40.0,40.0,6.0,0.0,36,22.91831180523293,triangle-0-4,86
1608,triangle,0000-0040,sweep_m8d4_decaying-speed-4-0-local-decaying-speed-1-0-match-std-8-0_000103,40.0,40.0,4.0,9.0,40,22.91831180523293,triangle-0-4,87
1609,triangle,0000-0044,sweep_m8d4_decaying-speed-4-0-local-decaying-speed-1-0-match-std-8-0_000103,40.0,40.0,6.0,0.0,44,22.91831180523293,triangle-0-4,88
1610,triangle,0000-0048,sweep_m8d4_decaying-speed-4-0-local-decaying-speed-1-0-match-std-8-0_000103,40.0,40.0,4.0,9.0,48,22.91831180523293,triangle-0-4,89
1611,triangle,0000-0052,sweep_m8d4_decaying-speed-4-0-local-decaying-speed-1-0-match-std-8-0_000103,40.0,40.0,6.0,0.0,52,22.91831180523293,triangle-0-4,90
1612,triangle,0000-0056,sweep_m8d4_decaying-speed-4-0-local-decaying-speed-1-0-match-std-8-0_000103,40.0,40.0,4.0,9.0,56,22.91831180523293,triangle-0-4,91
1613,triangle,0000-0060,sweep_m8d4_decaying-speed-4-0-local-decaying-speed-1-0-match-std-8-0_000103,40.0,40.0,6.0,0.0,60,22.91831180523293,triangle-0-4,92
1614,triangle,0000-0064,sweep_m8d4_decaying-speed-4-0-local-decaying-speed-1-0-match-std-8-0_000103,40.0,40.0,4.0,9.0,64,22.91831180523293,triangle-0-4,93
1615,triangle,0000-0068,sweep_m8d4_decaying-speed-4-0-local-decaying-speed-1-0-match-std-8-0_000103,40.0,40.0,6.0,0.0,68,22.91831180523293,triangle-0-4,94
1616,triangle,0000-0072,sweep_m8d4_decaying-speed-4-0-local-decaying-speed-1-0-match-std-8-0_000103,40.0,40.0,4.0,9.0,72,22.91831180523293,triangle-0-4,95
1617,triangle,0000-0076,sweep_m8d4_decaying-speed-4-0-local-decaying-speed-1-0-match-std-8-0_000103,40.0,40.0,6.0,0.0,76,22.91831180523293,triangle-0-4,96
1618,triangle,0000-0080,sweep_m8d4_decaying-speed-4-0-local-decaying-speed-1-0-match-std-8-0_000103,40.0,40.0,4.0,9.0,80,22.91831180523293,triangle-0-4,97
1619,triangle,0000-0084,sweep_m8d4_decaying-speed-4-0-local-decaying-speed-1-0-match-std-8-0_000103,40.0,40.0,6.0,0.0,84,22.91831180523293,triangle-0-4,98
1620,triangle,0000-0088,sweep_m8d4_decaying-speed-4-0-local-decaying-speed-1-0-match-std-8-0_000103,40.0,40.0,4.0,9.0,88,22.91831180523293,triangle-0-4,99
1621,triangle,0000-0092,sweep_m8d4_decaying-speed-4-0-local-decaying-speed-1-0-match-std-8-0_000103,40.0,40.0,6.0,0.0,92,22.91831180523293,triangle-0-4,100
1622,triangle,0000-0096,sweep_m8d4_decaying-speed-4-0-local-decaying-speed-1-0-match-std-8-0_000103,40.0,40.0,4.0,9.0,96,22.91831180523293,triangle-0-4,101
1623,triangle,0000-0100,sweep_m8d4_decaying-speed-4-0-local-decaying-speed-1-0-match-std-8-0_000103,40.0,40.0,6.0,0.0,100,22.91831180523293,triangle-0-4,102
1624,triangle,0000-0104,sweep_m8d4_decaying-speed-4-0-local-decaying-speed-1-0-match-std-8-0_000103,40.0,40.0,4.0,9.0,104,22.91831180523293,triangle-0-4,103
1625,triangle,0000-0108,sweep_m8d4_decaying-speed-4-0-local-decaying-speed-1-0-match-std-8-0_000103,40.0,40.0,6.0,0.0,108,22.91831180523293,triangle-0-4,104
1626,triangle,0000-0112,sweep_m8d4_decaying-speed-4-0-local-decaying-speed-1-0-match-std-8-0_000103,40.0,40.0,4.0,9.0,112,22.91831180523293,triangle-0-4,105
1627,triangle,0000-0116,sweep_m8d4_decaying-speed-4-0-local-decaying-speed-1-0-match-std-8-0_000103,40.0,40.0,6.0,0.0,116,22.91831180523293,triangle-0-4,106
1628,triangle,0000-0120,sweep_m8d4_decaying-speed-4-0-local-decaying-speed-1-0-match-std-8-0_000103,40.0,40.0,4.0,9.0,120,22.91831180523293,triangle-0-4,107
1629,triangle,0000-0124,sweep_m8d4_decaying-speed-4-0-local-decaying-speed-1-0-match-std-8-0_000103,40.0,40.0,6.0,0.0,124,22.91831180523293,triangle-0-4,108
1630,triangle,0000-0128,sweep_m8d4_decaying-speed-4-0-local-decaying-speed-1-0-match-std-8-0_000103,40.0,40.0,4.0,9.0,128,22.91831180523293,triangle-0-4,109
1631,triangle,0000-0132,sweep_m8d4_decaying-speed-4-0-local-decaying-speed-1-0-match-std-8-0_000103,40.0,40.0,6.0,0.0,132,22.91831180523293,triangle-0-4,110
1632,triangle,0000-0136,sweep_m8d4_decaying-speed-4-0-local-decaying-speed-1-0-match-std-8-0_000103,40.0,40.0,4.0,9.0,136,22.91831180523293,triangle-0-4,111
1633,triangle,0000-0140,sweep_m8d4_decaying-speed-4-0-local-decaying-speed-1-0-match-std-8-0_000103,40.0,40.0,6.0,0.0,140,22.91831180523293,triangle-0-4,112
1634,triangle,0000-0144,sweep_m8d4_decaying-speed-4-0-local-decaying-speed-1-0-match-std-8-0_000103,40.0,40.0,4.0,9.0,144,22.91831180523293,triangle-0-4,113
1635,triangle,0000-0148,sweep_m8d4_decaying-speed-4-0-local-decaying-speed-1-0-match-std-8-0_000103,40.0,40.0,6.0,0.0,148,22.91831180523293,triangle-0-4,114
1636,triangle,0000-0152,sweep_m8d4_decaying-speed-4-0-local-decaying-speed-1-0-match-std-8-0_000103,40.0,40.0,4.0,9.0,152,22.91831180523293,triangle-0-4,115
1637,triangle,0000-0156,sweep_m8d4_decaying-speed-4-0-local-decaying-speed-1-0-match-std-8-0_000103,40.0,40.0,6.0,0.0,156,22.91831180523293,triangle-0-4,116
1638,triangle,0000-0004,sweep_m8d4_decaying-speed-4-0-local-decaying-speed-1-0-match-std-8-0_000103,40.0,40.0,4.0,1.0,4,68.75493541569878,triangle-1-2,78
1639,triangle,0000-0008,sweep_m8d4_decaying-speed-4-0-local-decaying-speed-1-0-match-std-8-0_000103,40.0,40.0,3.0,5.0,8,68.75493541569878,triangle-1-2,79
1640,triangle,0000-0012,sweep_m8d4_decaying-speed-4-0-local-decaying-speed-1-0-match-std-8-0_000103,40.0,40.0,8.0,9.0,12,68.75493541569878,triangle-1-2,80
1641,triangle,0000-0016,sweep_m8d4_decaying-speed-4-0-local-decaying-speed-1-0-match-std-8-0_000103,40.0,40.0,4.0,1.0,16,68.75493541569878,triangle-1-2,81
1642,triangle,0000-0020,sweep_m8d4_decaying-speed-4-0-local-decaying-speed-1-0-match-std-8-0_000103,40.0,40.0,3.0,5.0,20,68.75493541569878,triangle-1-2,82
1643,triangle,0000-0024,sweep_m8d4_decaying-speed-4-0-local-decaying-speed-1-0-match-std-8-0_000103,40.0,40.0,8.0,9.0,24,68.75493541569878,triangle-1-2,83
1644,triangle,0000-0028,sweep_m8d4_decaying-speed-4-0-local-decaying-speed-1-0-match-std-8-0_000103,40.0,40.0,4.0,1.0,28,68.75493541569878,triangle-1-2,84
1645,triangle,0000-0032,sweep_m8d4_decaying-speed-4-0-local-decaying-speed-1-0-match-std-8-0_000103,40.0,40.0,3.0,5.0,32,68.75493541569878,triangle-1-2,85
1646,triangle,0000-0036,sweep_m8d4_decaying-speed-4-0-local-decaying-speed-1-0-match-std-8-0_000103,40.0,40.0,8.0,9.0,36,68.75493541569878,triangle-1-2,86
1647,triangle,0000-0040,sweep_m8d4_decaying-speed-4-0-local-decaying-speed-1-0-match-std-8-0_000103,40.0,40.0,4.0,1.0,40,68.75493541569878,triangle-1-2,87
1648,triangle,0000-0044,sweep_m8d4_decaying-speed-4-0-local-decaying-speed-1-0-match-std-8-0_000103,40.0,40.0,3.0,5.0,44,68.75493541569878,triangle-1-2,88
1649,triangle,0000-0048,sweep_m8d4_decaying-speed-4-0-local-decaying-speed-1-0-match-std-8-0_000103,40.0,40.0,8.0,9.0,48,68.75493541569878,triangle-1-2,89
1650,triangle,0000-0052,sweep_m8d4_decaying-speed-4-0-local-decaying-speed-1-0-match-std-8-0_000103,40.0,40.0,4.0,1.0,52,68.75493541569878,triangle-1-2,90
1651,triangle,0000-0056,sweep_m8d4_decaying-speed-4-0-local-decaying-speed-1-0-match-std-8-0_000103,40.0,40.0,3.0,5.0,56,68.75493541569878,triangle-1-2,91
1652,triangle,0000-0060,sweep_m8d4_decaying-speed-4-0-local-decaying-speed-1-0-match-std-8-0_000103,40.0,40.0,8.0,9.0,60,68.75493541569878,triangle-1-2,92
1653,triangle,0000-0064,sweep_m8d4_decaying-speed-4-0-local-decaying-speed-1-0-match-std-8-0_000103,40.0,40.0,4.0,1.0,64,68.75493541569878,triangle-1-2,93
1654,triangle,0000-0068,sweep_m8d4_decaying-speed-4-0-local-decaying-speed-1-0-match-std-8-0_000103,40.0,40.0,3.0,5.0,68,68.75493541569878,triangle-1-2,94
1655,triangle,0000-0072,sweep_m8d4_decaying-speed-4-0-local-decaying-speed-1-0-match-std-8-0_000103,40.0,40.0,8.0,9.0,72,68.75493541569878,triangle-1-2,95
1656,triangle,0000-0076,sweep_m8d4_decaying-speed-4-0-local-decaying-speed-1-0-match-std-8-0_000103,40.0,40.0,4.0,1.0,76,68.75493541569878,triangle-1-2,96
1657,triangle,0000-0080,sweep_m8d4_decaying-speed-4-0-local-decaying-speed-1-0-match-std-8-0_000103,40.0,40.0,3.0,5.0,80,68.75493541569878,triangle-1-2,97
1658,triangle,0000-0084,sweep_m8d4_decaying-speed-4-0-local-decaying-speed-1-0-match-std-8-0_000103,40.0,40.0,8.0,9.0,84,68.75493541569878,triangle-1-2,98
1659,triangle,0000-0088,sweep_m8d4_decaying-speed-4-0-local-decaying-speed-1-0-match-std-8-0_000103,40.0,40.0,4.0,1.0,88,68.75493541569878,triangle-1-2,99
1660,triangle,0000-0092,sweep_m8d4_decaying-speed-4-0-local-decaying-speed-1-0-match-std-8-0_000103,40.0,40.0,3.0,5.0,92,68.75493541569878,triangle-1-2,100
1661,triangle,0000-0096,sweep_m8d4_decaying-speed-4-0-local-decaying-speed-1-0-match-std-8-0_000103,40.0,40.0,8.0,9.0,96,68.75493541569878,triangle-1-2,101
1662,triangle,0000-0100,sweep_m8d4_decaying-speed-4-0-local-decaying-speed-1-0-match-std-8-0_000103,40.0,40.0,4.0,1.0,100,68.75493541569878,triangle-1-2,102
1663,triangle,0000-0104,sweep_m8d4_decaying-speed-4-0-local-decaying-speed-1-0-match-std-8-0_000103,40.0,40.0,3.0,5.0,104,68.75493541569878,triangle-1-2,103
1664,triangle,0000-0108,sweep_m8d4_decaying-speed-4-0-local-decaying-speed-1-0-match-std-8-0_000103,40.0,40.0,8.0,9.0,108,68.75493541569878,triangle-1-2,104
1665,triangle,0000-0112,sweep_m8d4_decaying-speed-4-0-local-decaying-speed-1-0-match-std-8-0_000103,40.0,40.0,4.0,1.0,112,68.75493541569878,triangle-1-2,105
1666,triangle,0000-0116,sweep_m8d4_decaying-speed-4-0-local-decaying-speed-1-0-match-std-8-0_000103,40.0,40.0,3.0,5.0,116,68.75493541569878,triangle-1-2,106
1667,triangle,0000-0120,sweep_m8d4_decaying-speed-4-0-local-decaying-speed-1-0-match-std-8-0_000103,40.0,40.0,8.0,9.0,120,68.75493541569878,triangle-1-2,107
1668,triangle,0000-0124,sweep_m8d4_decaying-speed-4-0-local-decaying-speed-1-0-match-std-8-0_000103,40.0,40.0,4.0,1.0,124,68.75493541569878,triangle-1-2,108
1669,triangle,0000-0128,sweep_m8d4_decaying-speed-4-0-local-decaying-speed-1-0-match-std-8-0_000103,40.0,40.0,3.0,5.0,128,68.75493541569878,triangle-1-2,109
1670,triangle,0000-0132,sweep_m8d4_decaying-speed-4-0-local-decaying-speed-1-0-match-std-8-0_000103,40.0,40.0,8.0,9.0,132,68.75493541569878,triangle-1-2,110
1671,triangle,0000-0136,sweep_m8d4_decaying-speed-4-0-local-decaying-speed-1-0-match-std-8-0_000103,40.0,40.0,4.0,1.0,136,68.75493541569878,triangle-1-2,111
1672,triangle,0000-0140,sweep_m8d4_decaying-speed-4-0-local-decaying-speed-1-0-match-std-8-0_000103,40.0,40.0,3.0,5.0,140,68.75493541569878,triangle-1-2,112
1673,triangle,0000-0144,sweep_m8d4_decaying-speed-4-0-local-decaying-speed-1-0-match-std-8-0_000103,40.0,40.0,8.0,9.0,144,68.75493541569878,triangle-1-2,113
1674,triangle,0000-0148,sweep_m8d4_decaying-speed-4-0-local-decaying-speed-1-0-match-std-8-0_000103,40.0,40.0,4.0,1.0,148,68.75493541569878,triangle-1-2,114
1675,triangle,0000-0152,sweep_m8d4_decaying-speed-4-0-local-decaying-speed-1-0-match-std-8-0_000103,40.0,40.0,3.0,5.0,152,68.75493541569878,triangle-1-2,115
1676,triangle,0000-0156,sweep_m8d4_decaying-speed-4-0-local-decaying-speed-1-0-match-std-8-0_000103,40.0,40.0,8.0,9.0,156,68.75493541569878,triangle-1-2,116
1677,triangle,0000-0004,sweep_m8d4_decaying-speed-4-0-local-decaying-speed-1-0-match-std-8-0_000103,40.0,40.0,5.0,2.0,4,57.29577951308232,triangle-1-0,78
1678,triangle,0000-0008,sweep_m8d4_decaying-speed-4-0-local-decaying-speed-1-0-match-std-8-0_000103,40.0,40.0,2.0,5.0,8,57.29577951308232,triangle-1-0,79
1679,triangle,0000-0012,sweep_m8d4_decaying-speed-4-0-local-decaying-speed-1-0-match-std-8-0_000103,40.0,40.0,8.0,8.0,12,57.29577951308232,triangle-1-0,80
1680,triangle,0000-0016,sweep_m8d4_decaying-speed-4-0-local-decaying-speed-1-0-match-std-8-0_000103,40.0,40.0,5.0,2.0,16,57.29577951308232,triangle-1-0,81
1681,triangle,0000-0020,sweep_m8d4_decaying-speed-4-0-local-decaying-speed-1-0-match-std-8-0_000103,40.0,40.0,2.0,5.0,20,57.29577951308232,triangle-1-0,82
1682,triangle,0000-0024,sweep_m8d4_decaying-speed-4-0-local-decaying-speed-1-0-match-std-8-0_000103,40.0,40.0,8.0,8.0,24,57.29577951308232,triangle-1-0,83
1683,triangle,0000-0028,sweep_m8d4_decaying-speed-4-0-local-decaying-speed-1-0-match-std-8-0_000103,40.0,40.0,5.0,2.0,28,57.29577951308232,triangle-1-0,84
1684,triangle,0000-0032,sweep_m8d4_decaying-speed-4-0-local-decaying-speed-1-0-match-std-8-0_000103,40.0,40.0,2.0,5.0,32,57.29577951308232,triangle-1-0,85
1685,triangle,0000-0036,sweep_m8d4_decaying-speed-4-0-local-decaying-speed-1-0-match-std-8-0_000103,40.0,40.0,8.0,8.0,36,57.29577951308232,triangle-1-0,86
1686,triangle,0000-0040,sweep_m8d4_decaying-speed-4-0-local-decaying-speed-1-0-match-std-8-0_000103,40.0,40.0,5.0,2.0,40,57.29577951308232,triangle-1-0,87
1687,triangle,0000-0044,sweep_m8d4_decaying-speed-4-0-local-decaying-speed-1-0-match-std-8-0_000103,40.0,40.0,2.0,5.0,44,57.29577951308232,triangle-1-0,88
1688,triangle,0000-0048,sweep_m8d4_decaying-speed-4-0-local-decaying-speed-1-0-match-std-8-0_000103,40.0,40.0,8.0,8.0,48,57.29577951308232,triangle-1-0,89
1689,triangle,0000-0052,sweep_m8d4_decaying-speed-4-0-local-decaying-speed-1-0-match-std-8-0_000103,40.0,40.0,5.0,2.0,52,57.29577951308232,triangle-1-0,90
1690,triangle,0000-0056,sweep_m8d4_decaying-speed-4-0-local-decaying-speed-1-0-match-std-8-0_000103,40.0,40.0,2.0,5.0,56,57.29577951308232,triangle-1-0,91
1691,triangle,0000-0060,sweep_m8d4_decaying-speed-4-0-local-decaying-speed-1-0-match-std-8-0_000103,40.0,40.0,8.0,8.0,60,57.29577951308232,triangle-1-0,92
1692,triangle,0000-0064,sweep_m8d4_decaying-speed-4-0-local-decaying-speed-1-0-match-std-8-0_000103,40.0,40.0,5.0,2.0,64,57.29577951308232,triangle-1-0,93
1693,triangle,0000-0068,sweep_m8d4_decaying-speed-4-0-local-decaying-speed-1-0-match-std-8-0_000103,40.0,40.0,2.0,5.0,68,57.29577951308232,triangle-1-0,94
1694,triangle,0000-0072,sweep_m8d4_decaying-speed-4-0-local-decaying-speed-1-0-match-std-8-0_000103,40.0,40.0,8.0,8.0,72,57.29577951308232,triangle-1-0,95
1695,triangle,0000-0076,sweep_m8d4_decaying-speed-4-0-local-decaying-speed-1-0-match-std-8-0_000103,40.0,40.0,5.0,2.0,76,57.29577951308232,triangle-1-0,96
1696,triangle,0000-0080,sweep_m8d4_decaying-speed-4-0-local-decaying-speed-1-0-match-std-8-0_000103,40.0,40.0,2.0,5.0,80,57.29577951308232,triangle-1-0,97
1697,triangle,0000-0084,sweep_m8d4_decaying-speed-4-0-local-decaying-speed-1-0-match-std-8-0_000103,40.0,40.0,8.0,8.0,84,57.29577951308232,triangle-1-0,98
1698,triangle,0000-0088,sweep_m8d4_decaying-speed-4-0-local-decaying-speed-1-0-match-std-8-0_000103,40.0,40.0,5.0,2.0,88,57.29577951308232,triangle-1-0,99
1699,triangle,0000-0092,sweep_m8d4_decaying-speed-4-0-local-decaying-speed-1-0-match-std-8-0_000103,40.0,40.0,2.0,5.0,92,57.29577951308232,triangle-1-0,100
1700,triangle,0000-0096,sweep_m8d4_decaying-speed-4-0-local-decaying-speed-1-0-match-std-8-0_000103,40.0,40.0,8.0,8.0,96,57.29577951308232,triangle-1-0,101
1701,triangle,0000-0100,sweep_m8d4_decaying-speed-4-0-local-decaying-speed-1-0-match-std-8-0_000103,40.0,40.0,5.0,2.0,100,57.29577951308232,triangle-1-0,102
1702,triangle,0000-0104,sweep_m8d4_decaying-speed-4-0-local-decaying-speed-1-0-match-std-8-0_000103,40.0,40.0,2.0,5.0,104,57.29577951308232,triangle-1-0,103
1703,triangle,0000-0108,sweep_m8d4_decaying-speed-4-0-local-decaying-speed-1-0-match-std-8-0_000103,40.0,40.0,8.0,8.0,108,57.29577951308232,triangle-1-0,104
1704,triangle,0000-0112,sweep_m8d4_decaying-speed-4-0-local-decaying-speed-1-0-match-std-8-0_000103,40.0,40.0,5.0,2.0,112,57.29577951308232,triangle-1-0,105
1705,triangle,0000-0116,sweep_m8d4_decaying-speed-4-0-local-decaying-speed-1-0-match-std-8-0_000103,40.0,40.0,2.0,5.0,116,57.29577951308232,triangle-1-0,106
1706,triangle,0000-0120,sweep_m8d4_decaying-speed-4-0-local-decaying-speed-1-0-match-std-8-0_000103,40.0,40.0,8.0,8.0,120,57.29577951308232,triangle-1-0,107
1707,triangle,0000-0124,sweep_m8d4_decaying-speed-4-0-local-decaying-speed-1-0-match-std-8-0_000103,40.0,40.0,5.0,2.0,124,57.29577951308232,triangle-1-0,108
1708,triangle,0000-0128,sweep_m8d4_decaying-speed-4-0-local-decaying-speed-1-0-match-std-8-0_000103,40.0,40.0,2.0,5.0,128,57.29577951308232,triangle-1-0,109
1709,triangle,0000-0132,sweep_m8d4_decaying-speed-4-0-local-decaying-speed-1-0-match-std-8-0_000103,40.0,40.0,8.0,8.0,132,57.29577951308232,triangle-1-0,110
1710,triangle,0000-0136,sweep_m8d4_decaying-speed-4-0-local-decaying-speed-1-0-match-std-8-0_000103,40.0,40.0,5.0,2.0,136,57.29577951308232,triangle-1-0,111
1711,triangle,0000-0140,sweep_m8d4_decaying-speed-4-0-local-decaying-speed-1-0-match-std-8-0_000103,40.0,40.0,2.0,5.0,140,57.29577951308232,triangle-1-0,112
1712,triangle,0000-0144,sweep_m8d4_decaying-speed-4-0-local-decaying-speed-1-0-match-std-8-0_000103,40.0,40.0,8.0,8.0,144,57.29577951308232,triangle-1-0,113
1713,triangle,0000-0148,sweep_m8d4_decaying-speed-4-0-local-decaying-speed-1-0-match-std-8-0_000103,40.0,40.0,5.0,2.0,148,57.29577951308232,triangle-1-0,114
1714,triangle,0000-0152,sweep_m8d4_decaying-speed-4-0-local-decaying-speed-1-0-match-std-8-0_000103,40.0,40.0,2.0,5.0,152,57.29577951308232,triangle-1-0,115
1715,triangle,0000-0156,sweep_m8d4_decaying-speed-4-0-local-decaying-speed-1-0-match-std-8-0_000103,40.0,40.0,8.0,8.0,156,57.29577951308232,triangle-1-0,116
1716,triangle,0000-0004,sweep_m8d4_decaying-speed-4-0-local-decaying-speed-1-0-match-std-8-0_000103,40.0,40.0,4.0,1.0,4,80.21409131831524,triangle-1-4,78
1717,triangle,0000-0008,sweep_m8d4_decaying-speed-4-0-local-decaying-speed-1-0-match-std-8-0_000103,40.0,40.0,4.0,5.0,8,80.21409131831524,triangle-1-4,79
1718,triangle,0000-0012,sweep_m8d4_decaying-speed-4-0-local-decaying-speed-1-0-match-std-8-0_000103,40.0,40.0,9.0,9.0,12,80.21409131831524,triangle-1-4,80
1719,triangle,0000-0016,sweep_m8d4_decaying-speed-4-0-local-decaying-speed-1-0-match-std-8-0_000103,40.0,40.0,4.0,1.0,16,80.21409131831524,triangle-1-4,81
1720,triangle,0000-0020,sweep_m8d4_decaying-speed-4-0-local-decaying-speed-1-0-match-std-8-0_000103,40.0,40.0,4.0,5.0,20,80.21409131831524,triangle-1-4,82
1721,triangle,0000-0024,sweep_m8d4_decaying-speed-4-0-local-decaying-speed-1-0-match-std-8-0_000103,40.0,40.0,9.0,9.0,24,80.21409131831524,triangle-1-4,83
1722,triangle,0000-0028,sweep_m8d4_decaying-speed-4-0-local-decaying-speed-1-0-match-std-8-0_000103,40.0,40.0,4.0,1.0,28,80.21409131831524,triangle-1-4,84
1723,triangle,0000-0032,sweep_m8d4_decaying-speed-4-0-local-decaying-speed-1-0-match-std-8-0_000103,40.0,40.0,4.0,5.0,32,80.21409131831524,triangle-1-4,85
1724,triangle,0000-0036,sweep_m8d4_decaying-speed-4-0-local-decaying-speed-1-0-match-std-8-0_000103,40.0,40.0,9.0,9.0,36,80.21409131831524,triangle-1-4,86
1725,triangle,0000-0040,sweep_m8d4_decaying-speed-4-0-local-decaying-speed-1-0-match-std-8-0_000103,40.0,40.0,4.0,1.0,40,80.21409131831524,triangle-1-4,87
1726,triangle,0000-0044,sweep_m8d4_decaying-speed-4-0-local-decaying-speed-1-0-match-std-8-0_000103,40.0,40.0,4.0,5.0,44,80.21409131831524,triangle-1-4,88
1727,triangle,0000-0048,sweep_m8d4_decaying-speed-4-0-local-decaying-speed-1-0-match-std-8-0_000103,40.0,40.0,9.0,9.0,48,80.21409131831524,triangle-1-4,89
1728,triangle,0000-0052,sweep_m8d4_decaying-speed-4-0-local-decaying-speed-1-0-match-std-8-0_000103,40.0,40.0,4.0,1.0,52,80.21409131831524,triangle-1-4,90
1729,triangle,0000-0056,sweep_m8d4_decaying-speed-4-0-local-decaying-speed-1-0-match-std-8-0_000103,40.0,40.0,4.0,5.0,56,80.21409131831524,triangle-1-4,91
1730,triangle,0000-0060,sweep_m8d4_decaying-speed-4-0-local-decaying-speed-1-0-match-std-8-0_000103,40.0,40.0,9.0,9.0,60,80.21409131831524,triangle-1-4,92
1731,triangle,0000-0064,sweep_m8d4_decaying-speed-4-0-local-decaying-speed-1-0-match-std-8-0_000103,40.0,40.0,4.0,1.0,64,80.21409131831524,triangle-1-4,93
1732,triangle,0000-0068,sweep_m8d4_decaying-speed-4-0-local-decaying-speed-1-0-match-std-8-0_000103,40.0,40.0,4.0,5.0,68,80.21409131831524,triangle-1-4,94
1733,triangle,0000-0072,sweep_m8d4_decaying-speed-4-0-local-decaying-speed-1-0-match-std-8-0_000103,40.0,40.0,9.0,9.0,72,80.21409131831524,triangle-1-4,95
1734,triangle,0000-0076,sweep_m8d4_decaying-speed-4-0-local-decaying-speed-1-0-match-std-8-0_000103,40.0,40.0,4.0,1.0,76,80.21409131831524,triangle-1-4,96
1735,triangle,0000-0080,sweep_m8d4_decaying-speed-4-0-local-decaying-speed-1-0-match-std-8-0_000103,40.0,40.0,4.0,5.0,80,80.21409131831524,triangle-1-4,97
1736,triangle,0000-0084,sweep_m8d4_decaying-speed-4-0-local-decaying-speed-1-0-match-std-8-0_000103,40.0,40.0,9.0,9.0,84,80.21409131831524,triangle-1-4,98
1737,triangle,0000-0088,sweep_m8d4_decaying-speed-4-0-local-decaying-speed-1-0-match-std-8-0_000103,40.0,40.0,4.0,1.0,88,80.21409131831524,triangle-1-4,99
1738,triangle,0000-0092,sweep_m8d4_decaying-speed-4-0-local-decaying-speed-1-0-match-std-8-0_000103,40.0,40.0,4.0,5.0,92,80.21409131831524,triangle-1-4,100
1739,triangle,0000-0096,sweep_m8d4_decaying-speed-4-0-local-decaying-speed-1-0-match-std-8-0_000103,40.0,40.0,9.0,9.0,96,80.21409131831524,triangle-1-4,101
1740,triangle,0000-0100,sweep_m8d4_decaying-speed-4-0-local-decaying-speed-1-0-match-std-8-0_000103,40.0,40.0,4.0,1.0,100,80.21409131831524,triangle-1-4,102
1741,triangle,0000-0104,sweep_m8d4_decaying-speed-4-0-local-decaying-speed-1-0-match-std-8-0_000103,40.0,40.0,4.0,5.0,104,80.21409131831524,triangle-1-4,103
1742,triangle,0000-0108,sweep_m8d4_decaying-speed-4-0-local-decaying-speed-1-0-match-std-8-0_000103,40.0,40.0,9.0,9.0,108,80.21409131831524,triangle-1-4,104
1743,triangle,0000-0112,sweep_m8d4_decaying-speed-4-0-local-decaying-speed-1-0-match-std-8-0_000103,40.0,40.0,4.0,1.0,112,80.21409131831524,triangle-1-4,105
1744,triangle,0000-0116,sweep_m8d4_decaying-speed-4-0-local-decaying-speed-1-0-match-std-8-0_000103,40.0,40.0,4.0,5.0,116,80.21409131831524,triangle-1-4,106
1745,triangle,0000-0120,sweep_m8d4_decaying-speed-4-0-local-decaying-speed-1-0-match-std-8-0_000103,40.0,40.0,9.0,9.0,120,80.21409131831524,triangle-1-4,107
1746,triangle,0000-0124,sweep_m8d4_decaying-speed-4-0-local-decaying-speed-1-0-match-std-8-0_000103,40.0,40.0,4.0,1.0,124,80.21409131831524,triangle-1-4,108
1747,triangle,0000-0128,sweep_m8d4_decaying-speed-4-0-local-decaying-speed-1-0-match-std-8-0_000103,40.0,40.0,4.0,5.0,128,80.21409131831524,triangle-1-4,109
1748,triangle,0000-0132,sweep_m8d4_decaying-speed-4-0-local-decaying-speed-1-0-match-std-8-0_000103,40.0,40.0,9.0,9.0,132,80.21409131831524,triangle-1-4,110
1749,triangle,0000-0136,sweep_m8d4_decaying-speed-4-0-local-decaying-speed-1-0-match-std-8-0_000103,40.0,40.0,4.0,1.0,136,80.21409131831524,triangle-1-4,111
1750,triangle,0000-0140,sweep_m8d4_decaying-speed-4-0-local-decaying-speed-1-0-match-std-8-0_000103,40.0,40.0,4.0,5.0,140,80.21409131831524,triangle-1-4,112
1751,triangle,0000-0144,sweep_m8d4_decaying-speed-4-0-local-decaying-speed-1-0-match-std-8-0_000103,40.0,40.0,9.0,9.0,144,80.21409131831524,triangle-1-4,113
1752,triangle,0000-0148,sweep_m8d4_decaying-speed-4-0-local-decaying-speed-1-0-match-std-8-0_000103,40.0,40.0,4.0,1.0,148,80.21409131831524,triangle-1-4,114
1753,triangle,0000-0152,sweep_m8d4_decaying-speed-4-0-local-decaying-speed-1-0-match-std-8-0_000103,40.0,40.0,4.0,5.0,152,80.21409131831524,triangle-1-4,115
1754,triangle,0000-0156,sweep_m8d4_decaying-speed-4-0-local-decaying-speed-1-0-match-std-8-0_000103,40.0,40.0,9.0,9.0,156,80.21409131831524,triangle-1-4,116
1755,square,0000-0004,sweep_m8d4_decaying-speed-4-0-local-decaying-speed-1-0-match-std-8-0_000103,40.0,40.0,0.0,7.0,4,57.29577951308232,square-1-0,78
1756,square,0000-0008,sweep_m8d4_decaying-speed-4-0-local-decaying-speed-1-0-match-std-8-0_000103,40.0,40.0,7.0,3.0,8,57.29577951308232,square-1-0,79
1757,square,0000-0012,sweep_m8d4_decaying-speed-4-0-local-decaying-speed-1-0-match-std-8-0_000103,40.0,40.0,0.0,7.0,12,57.29577951308232,square-1-0,80
1758,square,0000-0016,sweep_m8d4_decaying-speed-4-0-local-decaying-speed-1-0-match-std-8-0_000103,40.0,40.0,7.0,3.0,16,57.29577951308232,square-1-0,81
1759,square,0000-0020,sweep_m8d4_decaying-speed-4-0-local-decaying-speed-1-0-match-std-8-0_000103,40.0,40.0,0.0,7.0,20,57.29577951308232,square-1-0,82
1760,square,0000-0024,sweep_m8d4_decaying-speed-4-0-local-decaying-speed-1-0-match-std-8-0_000103,40.0,40.0,7.0,3.0,24,57.29577951308232,square-1-0,83
1761,square,0000-0028,sweep_m8d4_decaying-speed-4-0-local-decaying-speed-1-0-match-std-8-0_000103,40.0,40.0,0.0,7.0,28,57.29577951308232,square-1-0,84
1762,square,0000-0032,sweep_m8d4_decaying-speed-4-0-local-decaying-speed-1-0-match-std-8-0_000103,40.0,40.0,7.0,3.0,32,57.29577951308232,square-1-0,85
1763,square,0000-0036,sweep_m8d4_decaying-speed-4-0-local-decaying-speed-1-0-match-std-8-0_000103,40.0,40.0,0.0,7.0,36,57.29577951308232,square-1-0,86
1764,square,0000-0040,sweep_m8d4_decaying-speed-4-0-local-decaying-speed-1-0-match-std-8-0_000103,40.0,40.0,7.0,3.0,40,57.29577951308232,square-1-0,87
1765,square,0000-0044,sweep_m8d4_decaying-speed-4-0-local-decaying-speed-1-0-match-std-8-0_000103,40.0,40.0,0.0,7.0,44,57.29577951308232,square-1-0,88
1766,square,0000-0048,sweep_m8d4_decaying-speed-4-0-local-decaying-speed-1-0-match-std-8-0_000103,40.0,40.0,7.0,3.0,48,57.29577951308232,square-1-0,89
1767,square,0000-0052,sweep_m8d4_decaying-speed-4-0-local-decaying-speed-1-0-match-std-8-0_000103,40.0,40.0,0.0,7.0,52,57.29577951308232,square-1-0,90
1768,square,0000-0056,sweep_m8d4_decaying-speed-4-0-local-decaying-speed-1-0-match-std-8-0_000103,40.0,40.0,7.0,3.0,56,57.29577951308232,square-1-0,91
1769,square,0000-0060,sweep_m8d4_decaying-speed-4-0-local-decaying-speed-1-0-match-std-8-0_000103,40.0,40.0,0.0,7.0,60,57.29577951308232,square-1-0,92
1770,square,0000-0064,sweep_m8d4_decaying-speed-4-0-local-decaying-speed-1-0-match-std-8-0_000103,40.0,40.0,7.0,3.0,64,57.29577951308232,square-1-0,93
1771,square,0000-0068,sweep_m8d4_decaying-speed-4-0-local-decaying-speed-1-0-match-std-8-0_000103,40.0,40.0,0.0,7.0,68,57.29577951308232,square-1-0,94
1772,square,0000-0072,sweep_m8d4_decaying-speed-4-0-local-decaying-speed-1-0-match-std-8-0_000103,40.0,40.0,7.0,3.0,72,57.29577951308232,square-1-0,95
1773,square,0000-0076,sweep_m8d4_decaying-speed-4-0-local-decaying-speed-1-0-match-std-8-0_000103,40.0,40.0,0.0,7.0,76,57.29577951308232,square-1-0,96
1774,square,0000-0080,sweep_m8d4_decaying-speed-4-0-local-decaying-speed-1-0-match-std-8-0_000103,40.0,40.0,7.0,3.0,80,57.29577951308232,square-1-0,97
1775,square,0000-0084,sweep_m8d4_decaying-speed-4-0-local-decaying-speed-1-0-match-std-8-0_000103,40.0,40.0,0.0,7.0,84,57.29577951308232,square-1-0,98
1776,square,0000-0088,sweep_m8d4_decaying-speed-4-0-local-decaying-speed-1-0-match-std-8-0_000103,40.0,40.0,7.0,3.0,88,57.29577951308232,square-1-0,99
1777,square,0000-0092,sweep_m8d4_decaying-speed-4-0-local-decaying-speed-1-0-match-std-8-0_000103,40.0,40.0,0.0,7.0,92,57.29577951308232,square-1-0,100
1778,square,0000-0096,sweep_m8d4_decaying-speed-4-0-local-decaying-speed-1-0-match-std-8-0_000103,40.0,40.0,7.0,3.0,96,57.29577951308232,square-1-0,101
1779,square,0000-0100,sweep_m8d4_decaying-speed-4-0-local-decaying-speed-1-0-match-std-8-0_000103,40.0,40.0,0.0,7.0,100,57.29577951308232,square-1-0,102
1780,square,0000-0104,sweep_m8d4_decaying-speed-4-0-local-decaying-speed-1-0-match-std-8-0_000103,40.0,40.0,7.0,3.0,104,57.29577951308232,square-1-0,103
1781,square,0000-0108,sweep_m8d4_decaying-speed-4-0-local-decaying-speed-1-0-match-std-8-0_000103,40.0,40.0,0.0,7.0,108,57.29577951308232,square-1-0,104
1782,square,0000-0112,sweep_m8d4_decaying-speed-4-0-local-decaying-speed-1-0-match-std-8-0_000103,40.0,40.0,7.0,3.0,112,57.29577951308232,square-1-0,105
1783,square,0000-0116,sweep_m8d4_decaying-speed-4-0-local-decaying-speed-1-0-match-std-8-0_000103,40.0,40.0,0.0,7.0,116,57.29577951308232,square-1-0,106
1784,square,0000-0120,sweep_m8d4_decaying-speed-4-0-local-decaying-speed-1-0-match-std-8-0_000103,40.0,40.0,7.0,3.0,120,57.29577951308232,square-1-0,107
1785,square,0000-0124,sweep_m8d4_decaying-speed-4-0-local-decaying-speed-1-0-match-std-8-0_000103,40.0,40.0,0.0,7.0,124,57.29577951308232,square-1-0,108
1786,square,0000-0128,sweep_m8d4_decaying-speed-4-0-local-decaying-speed-1-0-match-std-8-0_000103,40.0,40.0,7.0,3.0,128,57.29577951308232,square-1-0,109
1787,square,0000-0132,sweep_m8d4_decaying-speed-4-0-local-decaying-speed-1-0-match-std-8-0_000103,40.0,40.0,0.0,7.0,132,57.29577951308232,square-1-0,110
1788,square,0000-0136,sweep_m8d4_decaying-speed-4-0-local-decaying-speed-1-0-match-std-8-0_000103,40.0,40.0,7.0,3.0,136,57.29577951308232,square-1-0,111
1789,square,0000-0140,sweep_m8d4_decaying-speed-4-0-local-decaying-speed-1-0-match-std-8-0_000103,40.0,40.0,0.0,7.0,140,57.29577951308232,square-1-0,112
1790,square,0000-0144,sweep_m8d4_decaying-speed-4-0-local-decaying-speed-1-0-match-std-8-0_000103,40.0,40.0,7.0,3.0,144,57.29577951308232,square-1-0,113
1791,square,0000-0148,sweep_m8d4_decaying-speed-4-0-local-decaying-speed-1-0-match-std-8-0_000103,40.0,40.0,0.0,7.0,148,57.29577951308232,square-1-0,114
1792,square,0000-0152,sweep_m8d4_decaying-speed-4-0-local-decaying-speed-1-0-match-std-8-0_000103,40.0,40.0,7.0,3.0,152,57.29577951308232,square-1-0,115
1793,square,0000-0156,sweep_m8d4_decaying-speed-4-0-local-decaying-speed-1-0-match-std-8-0_000103,40.0,40.0,0.0,7.0,156,57.29577951308232,square-1-0,116
1794,square,0000-0004,sweep_m8d4_decaying-speed-4-0-local-decaying-speed-1-0-match-std-8-0_000103,40.0,40.0,8.0,5.0,4,91.67324722093171,square-1-6,78
1795,square,0000-0008,sweep_m8d4_decaying-speed-4-0-local-decaying-speed-1-0-match-std-8-0_000103,40.0,40.0,0.0,1.0,8,91.67324722093171,square-1-6,79
1796,square,0000-0012,sweep_m8d4_decaying-speed-4-0-local-decaying-speed-1-0-match-std-8-0_000103,40.0,40.0,6.0,6.0,12,91.67324722093171,square-1-6,80
1797,square,0000-0016,sweep_m8d4_decaying-speed-4-0-local-decaying-speed-1-0-match-std-8-0_000103,40.0,40.0,0.0,1.0,16,91.67324722093171,square-1-6,81
1798,square,0000-0020,sweep_m8d4_decaying-speed-4-0-local-decaying-speed-1-0-match-std-8-0_000103,40.0,40.0,6.0,6.0,20,91.67324722093171,square-1-6,82
1799,square,0000-0024,sweep_m8d4_decaying-speed-4-0-local-decaying-speed-1-0-match-std-8-0_000103,40.0,40.0,0.0,1.0,24,91.67324722093171,square-1-6,83
1800,square,0000-0028,sweep_m8d4_decaying-speed-4-0-local-decaying-speed-1-0-match-std-8-0_000103,40.0,40.0,6.0,6.0,28,91.67324722093171,square-1-6,84
1801,square,0000-0032,sweep_m8d4_decaying-speed-4-0-local-decaying-speed-1-0-match-std-8-0_000103,40.0,40.0,0.0,1.0,32,91.67324722093171,square-1-6,85
1802,square,0000-0036,sweep_m8d4_decaying-speed-4-0-local-decaying-speed-1-0-match-std-8-0_000103,40.0,40.0,6.0,6.0,36,91.67324722093171,square-1-6,86
1803,square,0000-0040,sweep_m8d4_decaying-speed-4-0-local-decaying-speed-1-0-match-std-8-0_000103,40.0,40.0,0.0,1.0,40,91.67324722093171,square-1-6,87
1804,square,0000-0044,sweep_m8d4_decaying-speed-4-0-local-decaying-speed-1-0-match-std-8-0_000103,40.0,40.0,6.0,6.0,44,91.67324722093171,square-1-6,88
1805,square,0000-0048,sweep_m8d4_decaying-speed-4-0-local-decaying-speed-1-0-match-std-8-0_000103,40.0,40.0,0.0,1.0,48,91.67324722093171,square-1-6,89
1806,square,0000-0052,sweep_m8d4_decaying-speed-4-0-local-decaying-speed-1-0-match-std-8-0_000103,40.0,40.0,6.0,6.0,52,91.67324722093171,square-1-6,90
1807,square,0000-0056,sweep_m8d4_decaying-speed-4-0-local-decaying-speed-1-0-match-std-8-0_000103,40.0,40.0,0.0,1.0,56,91.67324722093171,square-1-6,91
1808,square,0000-0060,sweep_m8d4_decaying-speed-4-0-local-decaying-speed-1-0-match-std-8-0_000103,40.0,40.0,6.0,6.0,60,91.67324722093171,square-1-6,92
1809,square,0000-0064,sweep_m8d4_decaying-speed-4-0-local-decaying-speed-1-0-match-std-8-0_000103,40.0,40.0,0.0,1.0,64,91.67324722093171,square-1-6,93
1810,square,0000-0068,sweep_m8d4_decaying-speed-4-0-local-decaying-speed-1-0-match-std-8-0_000103,40.0,40.0,6.0,6.0,68,91.67324722093171,square-1-6,94
1811,square,0000-0072,sweep_m8d4_decaying-speed-4-0-local-decaying-speed-1-0-match-std-8-0_000103,40.0,40.0,0.0,1.0,72,91.67324722093171,square-1-6,95
1812,square,0000-0076,sweep_m8d4_decaying-speed-4-0-local-decaying-speed-1-0-match-std-8-0_000103,40.0,40.0,6.0,6.0,76,91.67324722093171,square-1-6,96
1813,square,0000-0080,sweep_m8d4_decaying-speed-4-0-local-decaying-speed-1-0-match-std-8-0_000103,40.0,40.0,0.0,1.0,80,91.67324722093171,square-1-6,97
1814,square,0000-0084,sweep_m8d4_decaying-speed-4-0-local-decaying-speed-1-0-match-std-8-0_000103,40.0,40.0,6.0,6.0,84,91.67324722093171,square-1-6,98
1815,square,0000-0088,sweep_m8d4_decaying-speed-4-0-local-decaying-speed-1-0-match-std-8-0_000103,40.0,40.0,0.0,1.0,88,91.67324722093171,square-1-6,99
1816,square,0000-0092,sweep_m8d4_decaying-speed-4-0-local-decaying-speed-1-0-match-std-8-0_000103,40.0,40.0,6.0,6.0,92,91.67324722093171,square-1-6,100
1817,square,0000-0096,sweep_m8d4_decaying-speed-4-0-local-decaying-speed-1-0-match-std-8-0_000103,40.0,40.0,0.0,1.0,96,91.67324722093171,square-1-6,101
1818,square,0000-0100,sweep_m8d4_decaying-speed-4-0-local-decaying-speed-1-0-match-std-8-0_000103,40.0,40.0,6.0,6.0,100,91.67324722093171,square-1-6,102
1819,square,0000-0104,sweep_m8d4_decaying-speed-4-0-local-decaying-speed-1-0-match-std-8-0_000103,40.0,40.0,0.0,1.0,104,91.67324722093171,square-1-6,103
1820,square,0000-0108,sweep_m8d4_decaying-speed-4-0-local-decaying-speed-1-0-match-std-8-0_000103,40.0,40.0,6.0,6.0,108,91.67324722093171,square-1-6,104
1821,square,0000-0112,sweep_m8d4_decaying-speed-4-0-local-decaying-speed-1-0-match-std-8-0_000103,40.0,40.0,0.0,1.0,112,91.67324722093171,square-1-6,105
1822,square,0000-0116,sweep_m8d4_decaying-speed-4-0-local-decaying-speed-1-0-match-std-8-0_000103,40.0,40.0,6.0,6.0,116,91.67324722093171,square-1-6,106
1823,square,0000-0120,sweep_m8d4_decaying-speed-4-0-local-decaying-speed-1-0-match-std-8-0_000103,40.0,40.0,0.0,1.0,120,91.67324722093171,square-1-6,107
1824,square,0000-0124,sweep_m8d4_decaying-speed-4-0-local-decaying-speed-1-0-match-std-8-0_000103,40.0,40.0,6.0,6.0,124,91.67324722093171,square-1-6,108
1825,square,0000-0128,sweep_m8d4_decaying-speed-4-0-local-decaying-speed-1-0-match-std-8-0_000103,40.0,40.0,0.0,1.0,128,91.67324722093171,square-1-6,109
1826,square,0000-0132,sweep_m8d4_decaying-speed-4-0-local-decaying-speed-1-0-match-std-8-0_000103,40.0,40.0,6.0,6.0,132,91.67324722093171,square-1-6,110
1827,square,0000-0136,sweep_m8d4_decaying-speed-4-0-local-decaying-speed-1-0-match-std-8-0_000103,40.0,40.0,0.0,1.0,136,91.67324722093171,square-1-6,111
1828,square,0000-0140,sweep_m8d4_decaying-speed-4-0-local-decaying-speed-1-0-match-std-8-0_000103,40.0,40.0,6.0,6.0,140,91.67324722093171,square-1-6,112
1829,square,0000-0144,sweep_m8d4_decaying-speed-4-0-local-decaying-speed-1-0-match-std-8-0_000103,40.0,40.0,0.0,1.0,144,91.67324722093171,square-1-6,113
1830,square,0000-0148,sweep_m8d4_decaying-speed-4-0-local-decaying-speed-1-0-match-std-8-0_000103,40.0,40.0,6.0,6.0,148,91.67324722093171,square-1-6,114
1831,square,0000-0152,sweep_m8d4_decaying-speed-4-0-local-decaying-speed-1-0-match-std-8-0_000103,40.0,40.0,0.0,1.0,152,91.67324722093171,square-1-6,115
1832,square,0000-0156,sweep_m8d4_decaying-speed-4-0-local-decaying-speed-1-0-match-std-8-0_000103,40.0,40.0,6.0,6.0,156,91.67324722093171,square-1-6,116
1833,square,0000-0004,sweep_m8d4_decaying-speed-4-0-local-decaying-speed-1-0-match-std-8-0_000103,40.0,40.0,0.0,9.0,4,68.75493541569878,square-1-2,78
1834,square,0000-0008,sweep_m8d4_decaying-speed-4-0-local-decaying-speed-1-0-match-std-8-0_000103,40.0,40.0,0.0,4.0,8,68.75493541569878,square-1-2,79
1835,square,0000-0012,sweep_m8d4_decaying-speed-4-0-local-decaying-speed-1-0-match-std-8-0_000103,40.0,40.0,7.0,5.0,12,68.75493541569878,square-1-2,80
1836,square,0000-0016,sweep_m8d4_decaying-speed-4-0-local-decaying-speed-1-0-match-std-8-0_000103,40.0,40.0,0.0,4.0,16,68.75493541569878,square-1-2,81
1837,square,0000-0020,sweep_m8d4_decaying-speed-4-0-local-decaying-speed-1-0-match-std-8-0_000103,40.0,40.0,7.0,5.0,20,68.75493541569878,square-1-2,82
1838,square,0000-0024,sweep_m8d4_decaying-speed-4-0-local-decaying-speed-1-0-match-std-8-0_000103,40.0,40.0,0.0,4.0,24,68.75493541569878,square-1-2,83
1839,square,0000-0028,sweep_m8d4_decaying-speed-4-0-local-decaying-speed-1-0-match-std-8-0_000103,40.0,40.0,7.0,5.0,28,68.75493541569878,square-1-2,84
1840,square,0000-0032,sweep_m8d4_decaying-speed-4-0-local-decaying-speed-1-0-match-std-8-0_000103,40.0,40.0,0.0,4.0,32,68.75493541569878,square-1-2,85
1841,square,0000-0036,sweep_m8d4_decaying-speed-4-0-local-decaying-speed-1-0-match-std-8-0_000103,40.0,40.0,7.0,5.0,36,68.75493541569878,square-1-2,86
1842,square,0000-0040,sweep_m8d4_decaying-speed-4-0-local-decaying-speed-1-0-match-std-8-0_000103,40.0,40.0,0.0,4.0,40,68.75493541569878,square-1-2,87
1843,square,0000-0044,sweep_m8d4_decaying-speed-4-0-local-decaying-speed-1-0-match-std-8-0_000103,40.0,40.0,7.0,5.0,44,68.75493541569878,square-1-2,88
1844,square,0000-0048,sweep_m8d4_decaying-speed-4-0-local-decaying-speed-1-0-match-std-8-0_000103,40.0,40.0,0.0,4.0,48,68.75493541569878,square-1-2,89
1845,square,0000-0052,sweep_m8d4_decaying-speed-4-0-local-decaying-speed-1-0-match-std-8-0_000103,40.0,40.0,7.0,5.0,52,68.75493541569878,square-1-2,90
1846,square,0000-0056,sweep_m8d4_decaying-speed-4-0-local-decaying-speed-1-0-match-std-8-0_000103,40.0,40.0,0.0,4.0,56,68.75493541569878,square-1-2,91
1847,square,0000-0060,sweep_m8d4_decaying-speed-4-0-local-decaying-speed-1-0-match-std-8-0_000103,40.0,40.0,7.0,5.0,60,68.75493541569878,square-1-2,92
1848,square,0000-0064,sweep_m8d4_decaying-speed-4-0-local-decaying-speed-1-0-match-std-8-0_000103,40.0,40.0,0.0,4.0,64,68.75493541569878,square-1-2,93
1849,square,0000-0068,sweep_m8d4_decaying-speed-4-0-local-decaying-speed-1-0-match-std-8-0_000103,40.0,40.0,7.0,5.0,68,68.75493541569878,square-1-2,94
1850,square,0000-0072,sweep_m8d4_decaying-speed-4-0-local-decaying-speed-1-0-match-std-8-0_000103,40.0,40.0,0.0,4.0,72,68.75493541569878,square-1-2,95
1851,square,0000-0076,sweep_m8d4_decaying-speed-4-0-local-decaying-speed-1-0-match-std-8-0_000103,40.0,40.0,7.0,5.0,76,68.75493541569878,square-1-2,96
1852,square,0000-0080,sweep_m8d4_decaying-speed-4-0-local-decaying-speed-1-0-match-std-8-0_000103,40.0,40.0,0.0,4.0,80,68.75493541569878,square-1-2,97
1853,square,0000-0084,sweep_m8d4_decaying-speed-4-0-local-decaying-speed-1-0-match-std-8-0_000103,40.0,40.0,7.0,5.0,84,68.75493541569878,square-1-2,98
1854,square,0000-0088,sweep_m8d4_decaying-speed-4-0-local-decaying-speed-1-0-match-std-8-0_000103,40.0,40.0,0.0,4.0,88,68.75493541569878,square-1-2,99
1855,square,0000-0092,sweep_m8d4_decaying-speed-4-0-local-decaying-speed-1-0-match-std-8-0_000103,40.0,40.0,7.0,5.0,92,68.75493541569878,square-1-2,100
1856,square,0000-0096,sweep_m8d4_decaying-speed-4-0-local-decaying-speed-1-0-match-std-8-0_000103,40.0,40.0,0.0,4.0,96,68.75493541569878,square-1-2,101
1857,square,0000-0100,sweep_m8d4_decaying-speed-4-0-local-decaying-speed-1-0-match-std-8-0_000103,40.0,40.0,7.0,5.0,100,68.75493541569878,square-1-2,102
1858,square,0000-0104,sweep_m8d4_decaying-speed-4-0-local-decaying-speed-1-0-match-std-8-0_000103,40.0,40.0,0.0,4.0,104,68.75493541569878,square-1-2,103
1859,square,0000-0108,sweep_m8d4_decaying-speed-4-0-local-decaying-speed-1-0-match-std-8-0_000103,40.0,40.0,7.0,5.0,108,68.75493541569878,square-1-2,104
1860,square,0000-0112,sweep_m8d4_decaying-speed-4-0-local-decaying-speed-1-0-match-std-8-0_000103,40.0,40.0,0.0,4.0,112,68.75493541569878,square-1-2,105
1861,square,0000-0116,sweep_m8d4_decaying-speed-4-0-local-decaying-speed-1-0-match-std-8-0_000103,40.0,40.0,7.0,5.0,116,68.75493541569878,square-1-2,106
1862,square,0000-0120,sweep_m8d4_decaying-speed-4-0-local-decaying-speed-1-0-match-std-8-0_000103,40.0,40.0,0.0,4.0,120,68.75493541569878,square-1-2,107
1863,square,0000-0124,sweep_m8d4_decaying-speed-4-0-local-decaying-speed-1-0-match-std-8-0_000103,40.0,40.0,7.0,5.0,124,68.75493541569878,square-1-2,108
1864,square,0000-0128,sweep_m8d4_decaying-speed-4-0-local-decaying-speed-1-0-match-std-8-0_000103,40.0,40.0,0.0,4.0,128,68.75493541569878,square-1-2,109
1865,square,0000-0132,sweep_m8d4_decaying-speed-4-0-local-decaying-speed-1-0-match-std-8-0_000103,40.0,40.0,7.0,5.0,132,68.75493541569878,square-1-2,110
1866,square,0000-0136,sweep_m8d4_decaying-speed-4-0-local-decaying-speed-1-0-match-std-8-0_000103,40.0,40.0,0.0,4.0,136,68.75493541569878,square-1-2,111
1867,square,0000-0140,sweep_m8d4_decaying-speed-4-0-local-decaying-speed-1-0-match-std-8-0_000103,40.0,40.0,7.0,5.0,140,68.75493541569878,square-1-2,112
1868,square,0000-0144,sweep_m8d4_decaying-speed-4-0-local-decaying-speed-1-0-match-std-8-0_000103,40.0,40.0,0.0,4.0,144,68.75493541569878,square-1-2,113
1869,square,0000-0148,sweep_m8d4_decaying-speed-4-0-local-decaying-speed-1-0-match-std-8-0_000103,40.0,40.0,7.0,5.0,148,68.75493541569878,square-1-2,114
1870,square,0000-0152,sweep_m8d4_decaying-speed-4-0-local-decaying-speed-1-0-match-std-8-0_000103,40.0,40.0,0.0,4.0,152,68.75493541569878,square-1-2,115
1871,square,0000-0156,sweep_m8d4_decaying-speed-4-0-local-decaying-speed-1-0-match-std-8-0_000103,40.0,40.0,7.0,5.0,156,68.75493541569878,square-1-2,116
1872,square,0000-0004,sweep_m8d4_decaying-speed-4-0-local-decaying-speed-1-0-match-std-8-0_000103,40.0,40.0,2.0,8.0,4,22.91831180523293,square-0-4,78
1873,square,0000-0008,sweep_m8d4_decaying-speed-4-0-local-decaying-speed-1-0-match-std-8-0_000103,40.0,40.0,9.0,3.0,8,22.91831180523293,square-0-4,79
1874,square,0000-0012,sweep_m8d4_decaying-speed-4-0-local-decaying-speed-1-0-match-std-8-0_000103,40.0,40.0,1.0,1.0,12,22.91831180523293,square-0-4,80
1875,square,0000-0016,sweep_m8d4_decaying-speed-4-0-local-decaying-speed-1-0-match-std-8-0_000103,40.0,40.0,2.0,8.0,16,22.91831180523293,square-0-4,81
1876,square,0000-0020,sweep_m8d4_decaying-speed-4-0-local-decaying-speed-1-0-match-std-8-0_000103,40.0,40.0,9.0,3.0,20,22.91831180523293,square-0-4,82
1877,square,0000-0024,sweep_m8d4_decaying-speed-4-0-local-decaying-speed-1-0-match-std-8-0_000103,40.0,40.0,1.0,1.0,24,22.91831180523293,square-0-4,83
1878,square,0000-0028,sweep_m8d4_decaying-speed-4-0-local-decaying-speed-1-0-match-std-8-0_000103,40.0,40.0,2.0,8.0,28,22.91831180523293,square-0-4,84
1879,square,0000-0032,sweep_m8d4_decaying-speed-4-0-local-decaying-speed-1-0-match-std-8-0_000103,40.0,40.0,9.0,3.0,32,22.91831180523293,square-0-4,85
1880,square,0000-0036,sweep_m8d4_decaying-speed-4-0-local-decaying-speed-1-0-match-std-8-0_000103,40.0,40.0,1.0,1.0,36,22.91831180523293,square-0-4,86
1881,square,0000-0040,sweep_m8d4_decaying-speed-4-0-local-decaying-speed-1-0-match-std-8-0_000103,40.0,40.0,2.0,8.0,40,22.91831180523293,square-0-4,87
1882,square,0000-0044,sweep_m8d4_decaying-speed-4-0-local-decaying-speed-1-0-match-std-8-0_000103,40.0,40.0,9.0,3.0,44,22.91831180523293,square-0-4,88
1883,square,0000-0048,sweep_m8d4_decaying-speed-4-0-local-decaying-speed-1-0-match-std-8-0_000103,40.0,40.0,1.0,1.0,48,22.91831180523293,square-0-4,89
1884,square,0000-0052,sweep_m8d4_decaying-speed-4-0-local-decaying-speed-1-0-match-std-8-0_000103,40.0,40.0,2.0,8.0,52,22.91831180523293,square-0-4,90
1885,square,0000-0056,sweep_m8d4_decaying-speed-4-0-local-decaying-speed-1-0-match-std-8-0_000103,40.0,40.0,9.0,3.0,56,22.91831180523293,square-0-4,91
1886,square,0000-0060,sweep_m8d4_decaying-speed-4-0-local-decaying-speed-1-0-match-std-8-0_000103,40.0,40.0,1.0,1.0,60,22.91831180523293,square-0-4,92
1887,square,0000-0064,sweep_m8d4_decaying-speed-4-0-local-decaying-speed-1-0-match-std-8-0_000103,40.0,40.0,2.0,8.0,64,22.91831180523293,square-0-4,93
1888,square,0000-0068,sweep_m8d4_decaying-speed-4-0-local-decaying-speed-1-0-match-std-8-0_000103,40.0,40.0,9.0,3.0,68,22.91831180523293,square-0-4,94
1889,square,0000-0072,sweep_m8d4_decaying-speed-4-0-local-decaying-speed-1-0-match-std-8-0_000103,40.0,40.0,1.0,1.0,72,22.91831180523293,square-0-4,95
1890,square,0000-0076,sweep_m8d4_decaying-speed-4-0-local-decaying-speed-1-0-match-std-8-0_000103,40.0,40.0,2.0,8.0,76,22.91831180523293,square-0-4,96
1891,square,0000-0080,sweep_m8d4_decaying-speed-4-0-local-decaying-speed-1-0-match-std-8-0_000103,40.0,40.0,9.0,3.0,80,22.91831180523293,square-0-4,97
1892,square,0000-0084,sweep_m8d4_decaying-speed-4-0-local-decaying-speed-1-0-match-std-8-0_000103,40.0,40.0,1.0,1.0,84,22.91831180523293,square-0-4,98
1893,square,0000-0088,sweep_m8d4_decaying-speed-4-0-local-decaying-speed-1-0-match-std-8-0_000103,40.0,40.0,2.0,8.0,88,22.91831180523293,square-0-4,99
1894,square,0000-0092,sweep_m8d4_decaying-speed-4-0-local-decaying-speed-1-0-match-std-8-0_000103,40.0,40.0,9.0,3.0,92,22.91831180523293,square-0-4,100
1895,square,0000-0096,sweep_m8d4_decaying-speed-4-0-local-decaying-speed-1-0-match-std-8-0_000103,40.0,40.0,1.0,1.0,96,22.91831180523293,square-0-4,101
1896,square,0000-0100,sweep_m8d4_decaying-speed-4-0-local-decaying-speed-1-0-match-std-8-0_000103,40.0,40.0,2.0,8.0,100,22.91831180523293,square-0-4,102
1897,square,0000-0104,sweep_m8d4_decaying-speed-4-0-local-decaying-speed-1-0-match-std-8-0_000103,40.0,40.0,9.0,3.0,104,22.91831180523293,square-0-4,103
1898,square,0000-0108,sweep_m8d4_decaying-speed-4-0-local-decaying-speed-1-0-match-std-8-0_000103,40.0,40.0,1.0,1.0,108,22.91831180523293,square-0-4,104
1899,square,0000-0112,sweep_m8d4_decaying-speed-4-0-local-decaying-speed-1-0-match-std-8-0_000103,40.0,40.0,2.0,8.0,112,22.91831180523293,square-0-4,105
1900,square,0000-0116,sweep_m8d4_decaying-speed-4-0-local-decaying-speed-1-0-match-std-8-0_000103,40.0,40.0,9.0,3.0,116,22.91831180523293,square-0-4,106
1901,square,0000-0120,sweep_m8d4_decaying-speed-4-0-local-decaying-speed-1-0-match-std-8-0_000103,40.0,40.0,1.0,1.0,120,22.91831180523293,square-0-4,107
1902,square,0000-0124,sweep_m8d4_decaying-speed-4-0-local-decaying-speed-1-0-match-std-8-0_000103,40.0,40.0,2.0,8.0,124,22.91831180523293,square-0-4,108
1903,square,0000-0128,sweep_m8d4_decaying-speed-4-0-local-decaying-speed-1-0-match-std-8-0_000103,40.0,40.0,9.0,3.0,128,22.91831180523293,square-0-4,109
1904,square,0000-0132,sweep_m8d4_decaying-speed-4-0-local-decaying-speed-1-0-match-std-8-0_000103,40.0,40.0,1.0,1.0,132,22.91831180523293,square-0-4,110
1905,square,0000-0136,sweep_m8d4_decaying-speed-4-0-local-decaying-speed-1-0-match-std-8-0_000103,40.0,40.0,2.0,8.0,136,22.91831180523293,square-0-4,111
1906,square,0000-0140,sweep_m8d4_decaying-speed-4-0-local-decaying-speed-1-0-match-std-8-0_000103,40.0,40.0,9.0,3.0,140,22.91831180523293,square-0-4,112
1907,square,0000-0144,sweep_m8d4_decaying-speed-4-0-local-decaying-speed-1-0-match-std-8-0_000103,40.0,40.0,1.0,1.0,144,22.91831180523293,square-0-4,113
1908,square,0000-0148,sweep_m8d4_decaying-speed-4-0-local-decaying-speed-1-0-match-std-8-0_000103,40.0,40.0,2.0,8.0,148,22.91831180523293,square-0-4,114
1909,square,0000-0152,sweep_m8d4_decaying-speed-4-0-local-decaying-speed-1-0-match-std-8-0_000103,40.0,40.0,9.0,3.0,152,22.91831180523293,square-0-4,115
1910,square,0000-0156,sweep_m8d4_decaying-speed-4-0-local-decaying-speed-1-0-match-std-8-0_000103,40.0,40.0,1.0,1.0,156,22.91831180523293,square-0-4,116
1911,square,0000-0004,sweep_m8d4_decaying-speed-4-0-local-decaying-speed-1-0-match-std-8-0_000103,40.0,40.0,0.0,6.0,4,45.83662361046586,square-0-8,78
1912,square,0000-0008,sweep_m8d4_decaying-speed-4-0-local-decaying-speed-1-0-match-std-8-0_000103,40.0,40.0,7.0,3.0,8,45.83662361046586,square-0-8,79
1913,square,0000-0012,sweep_m8d4_decaying-speed-4-0-local-decaying-speed-1-0-match-std-8-0_000103,40.0,40.0,0.0,6.0,12,45.83662361046586,square-0-8,80
1914,square,0000-0016,sweep_m8d4_decaying-speed-4-0-local-decaying-speed-1-0-match-std-8-0_000103,40.0,40.0,7.0,3.0,16,45.83662361046586,square-0-8,81
1915,square,0000-0020,sweep_m8d4_decaying-speed-4-0-local-decaying-speed-1-0-match-std-8-0_000103,40.0,40.0,0.0,6.0,20,45.83662361046586,square-0-8,82
1916,square,0000-0024,sweep_m8d4_decaying-speed-4-0-local-decaying-speed-1-0-match-std-8-0_000103,40.0,40.0,7.0,3.0,24,45.83662361046586,square-0-8,83
1917,square,0000-0028,sweep_m8d4_decaying-speed-4-0-local-decaying-speed-1-0-match-std-8-0_000103,40.0,40.0,0.0,6.0,28,45.83662361046586,square-0-8,84
1918,square,0000-0032,sweep_m8d4_decaying-speed-4-0-local-decaying-speed-1-0-match-std-8-0_000103,40.0,40.0,7.0,3.0,32,45.83662361046586,square-0-8,85
1919,square,0000-0036,sweep_m8d4_decaying-speed-4-0-local-decaying-speed-1-0-match-std-8-0_000103,40.0,40.0,0.0,6.0,36,45.83662361046586,square-0-8,86
1920,square,0000-0040,sweep_m8d4_decaying-speed-4-0-local-decaying-speed-1-0-match-std-8-0_000103,40.0,40.0,7.0,3.0,40,45.83662361046586,square-0-8,87
1921,square,0000-0044,sweep_m8d4_decaying-speed-4-0-local-decaying-speed-1-0-match-std-8-0_000103,40.0,40.0,0.0,6.0,44,45.83662361046586,square-0-8,88
1922,square,0000-0048,sweep_m8d4_decaying-speed-4-0-local-decaying-speed-1-0-match-std-8-0_000103,40.0,40.0,7.0,3.0,48,45.83662361046586,square-0-8,89
1923,square,0000-0052,sweep_m8d4_decaying-speed-4-0-local-decaying-speed-1-0-match-std-8-0_000103,40.0,40.0,0.0,6.0,52,45.83662361046586,square-0-8,90
1924,square,0000-0056,sweep_m8d4_decaying-speed-4-0-local-decaying-speed-1-0-match-std-8-0_000103,40.0,40.0,7.0,3.0,56,45.83662361046586,square-0-8,91
1925,square,0000-0060,sweep_m8d4_decaying-speed-4-0-local-decaying-speed-1-0-match-std-8-0_000103,40.0,40.0,0.0,6.0,60,45.83662361046586,square-0-8,92
1926,square,0000-0064,sweep_m8d4_decaying-speed-4-0-local-decaying-speed-1-0-match-std-8-0_000103,40.0,40.0,7.0,3.0,64,45.83662361046586,square-0-8,93
1927,square,0000-0068,sweep_m8d4_decaying-speed-4-0-local-decaying-speed-1-0-match-std-8-0_000103,40.0,40.0,0.0,6.0,68,45.83662361046586,square-0-8,94
1928,square,0000-0072,sweep_m8d4_decaying-speed-4-0-local-decaying-speed-1-0-match-std-8-0_000103,40.0,40.0,7.0,3.0,72,45.83662361046586,square-0-8,95
1929,square,0000-0076,sweep_m8d4_decaying-speed-4-0-local-decaying-speed-1-0-match-std-8-0_000103,40.0,40.0,0.0,6.0,76,45.83662361046586,square-0-8,96
1930,square,0000-0080,sweep_m8d4_decaying-speed-4-0-local-decaying-speed-1-0-match-std-8-0_000103,40.0,40.0,7.0,3.0,80,45.83662361046586,square-0-8,97
1931,square,0000-0084,sweep_m8d4_decaying-speed-4-0-local-decaying-speed-1-0-match-std-8-0_000103,40.0,40.0,0.0,6.0,84,45.83662361046586,square-0-8,98
1932,square,0000-0088,sweep_m8d4_decaying-speed-4-0-local-decaying-speed-1-0-match-std-8-0_000103,40.0,40.0,7.0,3.0,88,45.83662361046586,square-0-8,99
1933,square,0000-0092,sweep_m8d4_decaying-speed-4-0-local-decaying-speed-1-0-match-std-8-0_000103,40.0,40.0,0.0,6.0,92,45.83662361046586,square-0-8,100
1934,square,0000-0096,sweep_m8d4_decaying-speed-4-0-local-decaying-speed-1-0-match-std-8-0_000103,40.0,40.0,7.0,3.0,96,45.83662361046586,square-0-8,101
1935,square,0000-0100,sweep_m8d4_decaying-speed-4-0-local-decaying-speed-1-0-match-std-8-0_000103,40.0,40.0,0.0,6.0,100,45.83662361046586,square-0-8,102
1936,square,0000-0104,sweep_m8d4_decaying-speed-4-0-local-decaying-speed-1-0-match-std-8-0_000103,40.0,40.0,7.0,3.0,104,45.83662361046586,square-0-8,103
1937,square,0000-0108,sweep_m8d4_decaying-speed-4-0-local-decaying-speed-1-0-match-std-8-0_000103,40.0,40.0,0.0,6.0,108,45.83662361046586,square-0-8,104
1938,square,0000-0112,sweep_m8d4_decaying-speed-4-0-local-decaying-speed-1-0-match-std-8-0_000103,40.0,40.0,7.0,3.0,112,45.83662361046586,square-0-8,105
1939,square,0000-0116,sweep_m8d4_decaying-speed-4-0-local-decaying-speed-1-0-match-std-8-0_000103,40.0,40.0,0.0,6.0,116,45.83662361046586,square-0-8,106
1940,square,0000-0120,sweep_m8d4_decaying-speed-4-0-local-decaying-speed-1-0-match-std-8-0_000103,40.0,40.0,7.0,3.0,120,45.83662361046586,square-0-8,107
1941,square,0000-0124,sweep_m8d4_decaying-speed-4-0-local-decaying-speed-1-0-match-std-8-0_000103,40.0,40.0,0.0,6.0,124,45.83662361046586,square-0-8,108
1942,square,0000-0128,sweep_m8d4_decaying-speed-4-0-local-decaying-speed-1-0-match-std-8-0_000103,40.0,40.0,7.0,3.0,128,45.83662361046586,square-0-8,109
1943,square,0000-0132,sweep_m8d4_decaying-speed-4-0-local-decaying-speed-1-0-match-std-8-0_000103,40.0,40.0,0.0,6.0,132,45.83662361046586,square-0-8,110
1944,square,0000-0136,sweep_m8d4_decaying-speed-4-0-local-decaying-speed-1-0-match-std-8-0_000103,40.0,40.0,7.0,3.0,136,45.83662361046586,square-0-8,111
1945,square,0000-0140,sweep_m8d4_decaying-speed-4-0-local-decaying-speed-1-0-match-std-8-0_000103,40.0,40.0,0.0,6.0,140,45.83662361046586,square-0-8,112
1946,square,0000-0144,sweep_m8d4_decaying-speed-4-0-local-decaying-speed-1-0-match-std-8-0_000103,40.0,40.0,7.0,3.0,144,45.83662361046586,square-0-8,113
1947,square,0000-0148,sweep_m8d4_decaying-speed-4-0-local-decaying-speed-1-0-match-std-8-0_000103,40.0,40.0,0.0,6.0,148,45.83662361046586,square-0-8,114
1948,square,0000-0152,sweep_m8d4_decaying-speed-4-0-local-decaying-speed-1-0-match-std-8-0_000103,40.0,40.0,7.0,3.0,152,45.83662361046586,square-0-8,115
1949,square,0000-0156,sweep_m8d4_decaying-speed-4-0-local-decaying-speed-1-0-match-std-8-0_000103,40.0,40.0,0.0,6.0,156,45.83662361046586,square-0-8,116
1950,square,0000-0004,sweep_m8d4_decaying-speed-4-0-local-decaying-speed-1-0-match-std-8-0_000103,40.0,40.0,8.0,5.0,4,80.21409131831524,square-1-4,78
1951,square,0000-0008,sweep_m8d4_decaying-speed-4-0-local-decaying-speed-1-0-match-std-8-0_000103,40.0,40.0,0.0,3.0,8,80.21409131831524,square-1-4,79
1952,square,0000-0012,sweep_m8d4_decaying-speed-4-0-local-decaying-speed-1-0-match-std-8-0_000103,40.0,40.0,6.0,7.0,12,80.21409131831524,square-1-4,80
1953,square,0000-0016,sweep_m8d4_decaying-speed-4-0-local-decaying-speed-1-0-match-std-8-0_000103,40.0,40.0,2.0,9.0,16,80.21409131831524,square-1-4,81
1954,square,0000-0020,sweep_m8d4_decaying-speed-4-0-local-decaying-speed-1-0-match-std-8-0_000103,40.0,40.0,0.0,3.0,20,80.21409131831524,square-1-4,82
1955,square,0000-0024,sweep_m8d4_decaying-speed-4-0-local-decaying-speed-1-0-match-std-8-0_000103,40.0,40.0,6.0,7.0,24,80.21409131831524,square-1-4,83
1956,square,0000-0028,sweep_m8d4_decaying-speed-4-0-local-decaying-speed-1-0-match-std-8-0_000103,40.0,40.0,2.0,9.0,28,80.21409131831524,square-1-4,84
1957,square,0000-0032,sweep_m8d4_decaying-speed-4-0-local-decaying-speed-1-0-match-std-8-0_000103,40.0,40.0,0.0,3.0,32,80.21409131831524,square-1-4,85
1958,square,0000-0036,sweep_m8d4_decaying-speed-4-0-local-decaying-speed-1-0-match-std-8-0_000103,40.0,40.0,6.0,7.0,36,80.21409131831524,square-1-4,86
1959,square,0000-0040,sweep_m8d4_decaying-speed-4-0-local-decaying-speed-1-0-match-std-8-0_000103,40.0,40.0,2.0,9.0,40,80.21409131831524,square-1-4,87
1960,square,0000-0044,sweep_m8d4_decaying-speed-4-0-local-decaying-speed-1-0-match-std-8-0_000103,40.0,40.0,0.0,3.0,44,80.21409131831524,square-1-4,88
1961,square,0000-0048,sweep_m8d4_decaying-speed-4-0-local-decaying-speed-1-0-match-std-8-0_000103,40.0,40.0,6.0,7.0,48,80.21409131831524,square-1-4,89
1962,square,0000-0052,sweep_m8d4_decaying-speed-4-0-local-decaying-speed-1-0-match-std-8-0_000103,40.0,40.0,2.0,9.0,52,80.21409131831524,square-1-4,90
1963,square,0000-0056,sweep_m8d4_decaying-speed-4-0-local-decaying-speed-1-0-match-std-8-0_000103,40.0,40.0,0.0,3.0,56,80.21409131831524,square-1-4,91
1964,square,0000-0060,sweep_m8d4_decaying-speed-4-0-local-decaying-speed-1-0-match-std-8-0_000103,40.0,40.0,6.0,7.0,60,80.21409131831524,square-1-4,92
1965,square,0000-0064,sweep_m8d4_decaying-speed-4-0-local-decaying-speed-1-0-match-std-8-0_000103,40.0,40.0,2.0,9.0,64,80.21409131831524,square-1-4,93
1966,square,0000-0068,sweep_m8d4_decaying-speed-4-0-local-decaying-speed-1-0-match-std-8-0_000103,40.0,40.0,0.0,3.0,68,80.21409131831524,square-1-4,94
1967,square,0000-0072,sweep_m8d4_decaying-speed-4-0-local-decaying-speed-1-0-match-std-8-0_000103,40.0,40.0,6.0,7.0,72,80.21409131831524,square-1-4,95
1968,square,0000-0076,sweep_m8d4_decaying-speed-4-0-local-decaying-speed-1-0-match-std-8-0_000103,40.0,40.0,2.0,9.0,76,80.21409131831524,square-1-4,96
1969,square,0000-0080,sweep_m8d4_decaying-speed-4-0-local-decaying-speed-1-0-match-std-8-0_000103,40.0,40.0,0.0,3.0,80,80.21409131831524,square-1-4,97
1970,square,0000-0084,sweep_m8d4_decaying-speed-4-0-local-decaying-speed-1-0-match-std-8-0_000103,40.0,40.0,6.0,7.0,84,80.21409131831524,square-1-4,98
1971,square,0000-0088,sweep_m8d4_decaying-speed-4-0-local-decaying-speed-1-0-match-std-8-0_000103,40.0,40.0,2.0,9.0,88,80.21409131831524,square-1-4,99
1972,square,0000-0092,sweep_m8d4_decaying-speed-4-0-local-decaying-speed-1-0-match-std-8-0_000103,40.0,40.0,0.0,3.0,92,80.21409131831524,square-1-4,100
1973,square,0000-0096,sweep_m8d4_decaying-speed-4-0-local-decaying-speed-1-0-match-std-8-0_000103,40.0,40.0,6.0,7.0,96,80.21409131831524,square-1-4,101
1974,square,0000-0100,sweep_m8d4_decaying-speed-4-0-local-decaying-speed-1-0-match-std-8-0_000103,40.0,40.0,2.0,9.0,100,80.21409131831524,square-1-4,102
1975,square,0000-0104,sweep_m8d4_decaying-speed-4-0-local-decaying-speed-1-0-match-std-8-0_000103,40.0,40.0,0.0,3.0,104,80.21409131831524,square-1-4,103
1976,square,0000-0108,sweep_m8d4_decaying-speed-4-0-local-decaying-speed-1-0-match-std-8-0_000103,40.0,40.0,6.0,7.0,108,80.21409131831524,square-1-4,104
1977,square,0000-0112,sweep_m8d4_decaying-speed-4-0-local-decaying-speed-1-0-match-std-8-0_000103,40.0,40.0,2.0,9.0,112,80.21409131831524,square-1-4,105
1978,square,0000-0116,sweep_m8d4_decaying-speed-4-0-local-decaying-speed-1-0-match-std-8-0_000103,40.0,40.0,0.0,3.0,116,80.21409131831524,square-1-4,106
1979,square,0000-0120,sweep_m8d4_decaying-speed-4-0-local-decaying-speed-1-0-match-std-8-0_000103,40.0,40.0,6.0,7.0,120,80.21409131831524,square-1-4,107
1980,square,0000-0124,sweep_m8d4_decaying-speed-4-0-local-decaying-speed-1-0-match-std-8-0_000103,40.0,40.0,2.0,9.0,124,80.21409131831524,square-1-4,108
1981,square,0000-0128,sweep_m8d4_decaying-speed-4-0-local-decaying-speed-1-0-match-std-8-0_000103,40.0,40.0,0.0,3.0,128,80.21409131831524,square-1-4,109
1982,square,0000-0132,sweep_m8d4_decaying-speed-4-0-local-decaying-speed-1-0-match-std-8-0_000103,40.0,40.0,6.0,7.0,132,80.21409131831524,square-1-4,110
1983,square,0000-0136,sweep_m8d4_decaying-speed-4-0-local-decaying-speed-1-0-match-std-8-0_000103,40.0,40.0,2.0,9.0,136,80.21409131831524,square-1-4,111
1984,square,0000-0140,sweep_m8d4_decaying-speed-4-0-local-decaying-speed-1-0-match-std-8-0_000103,40.0,40.0,0.0,3.0,140,80.21409131831524,square-1-4,112
1985,square,0000-0144,sweep_m8d4_decaying-speed-4-0-local-decaying-speed-1-0-match-std-8-0_000103,40.0,40.0,6.0,7.0,144,80.21409131831524,square-1-4,113
1986,square,0000-0148,sweep_m8d4_decaying-speed-4-0-local-decaying-speed-1-0-match-std-8-0_000103,40.0,40.0,2.0,9.0,148,80.21409131831524,square-1-4,114
1987,square,0000-0152,sweep_m8d4_decaying-speed-4-0-local-decaying-speed-1-0-match-std-8-0_000103,40.0,40.0,0.0,3.0,152,80.21409131831524,square-1-4,115
1988,square,0000-0156,sweep_m8d4_decaying-speed-4-0-local-decaying-speed-1-0-match-std-8-0_000103,40.0,40.0,6.0,7.0,156,80.21409131831524,square-1-4,116
1989,triangle,0000-0004,sweep_m8d4_decaying-speed-4-0-local-decaying-speed-1-0-match-std-8-0_000103,40.0,40.0,7.0,1.0,4,0.0,triangle-0-0,78
1990,triangle,0000-0008,sweep_m8d4_decaying-speed-4-0-local-decaying-speed-1-0-match-std-8-0_000103,40.0,40.0,5.0,9.0,8,0.0,triangle-0-0,79
1991,triangle,0000-0012,sweep_m8d4_decaying-speed-4-0-local-decaying-speed-1-0-match-std-8-0_000103,40.0,40.0,7.0,1.0,12,0.0,triangle-0-0,80
1992,triangle,0000-0016,sweep_m8d4_decaying-speed-4-0-local-decaying-speed-1-0-match-std-8-0_000103,40.0,40.0,5.0,9.0,16,0.0,triangle-0-0,81
1993,triangle,0000-0020,sweep_m8d4_decaying-speed-4-0-local-decaying-speed-1-0-match-std-8-0_000103,40.0,40.0,7.0,1.0,20,0.0,triangle-0-0,82
1994,triangle,0000-0024,sweep_m8d4_decaying-speed-4-0-local-decaying-speed-1-0-match-std-8-0_000103,40.0,40.0,5.0,9.0,24,0.0,triangle-0-0,83
1995,triangle,0000-0028,sweep_m8d4_decaying-speed-4-0-local-decaying-speed-1-0-match-std-8-0_000103,40.0,40.0,7.0,1.0,28,0.0,triangle-0-0,84
1996,triangle,0000-0032,sweep_m8d4_decaying-speed-4-0-local-decaying-speed-1-0-match-std-8-0_000103,40.0,40.0,5.0,9.0,32,0.0,triangle-0-0,85
1997,triangle,0000-0036,sweep_m8d4_decaying-speed-4-0-local-decaying-speed-1-0-match-std-8-0_000103,40.0,40.0,7.0,1.0,36,0.0,triangle-0-0,86
1998,triangle,0000-0040,sweep_m8d4_decaying-speed-4-0-local-decaying-speed-1-0-match-std-8-0_000103,40.0,40.0,5.0,9.0,40,0.0,triangle-0-0,87
1999,triangle,0000-0044,sweep_m8d4_decaying-speed-4-0-local-decaying-speed-1-0-match-std-8-0_000103,40.0,40.0,7.0,1.0,44,0.0,triangle-0-0,88
2000,triangle,0000-0048,sweep_m8d4_decaying-speed-4-0-local-decaying-speed-1-0-match-std-8-0_000103,40.0,40.0,5.0,9.0,48,0.0,triangle-0-0,89
2001,triangle,0000-0052,sweep_m8d4_decaying-speed-4-0-local-decaying-speed-1-0-match-std-8-0_000103,40.0,40.0,7.0,1.0,52,0.0,triangle-0-0,90
2002,triangle,0000-0056,sweep_m8d4_decaying-speed-4-0-local-decaying-speed-1-0-match-std-8-0_000103,40.0,40.0,5.0,9.0,56,0.0,triangle-0-0,91
2003,triangle,0000-0060,sweep_m8d4_decaying-speed-4-0-local-decaying-speed-1-0-match-std-8-0_000103,40.0,40.0,7.0,1.0,60,0.0,triangle-0-0,92
2004,triangle,0000-0064,sweep_m8d4_decaying-speed-4-0-local-decaying-speed-1-0-match-std-8-0_000103,40.0,40.0,5.0,9.0,64,0.0,triangle-0-0,93
2005,triangle,0000-0068,sweep_m8d4_decaying-speed-4-0-local-decaying-speed-1-0-match-std-8-0_000103,40.0,40.0,7.0,1.0,68,0.0,triangle-0-0,94
2006,triangle,0000-0072,sweep_m8d4_decaying-speed-4-0-local-decaying-speed-1-0-match-std-8-0_000103,40.0,40.0,5.0,9.0,72,0.0,triangle-0-0,95
2007,triangle,0000-0076,sweep_m8d4_decaying-speed-4-0-local-decaying-speed-1-0-match-std-8-0_000103,40.0,40.0,7.0,1.0,76,0.0,triangle-0-0,96
2008,triangle,0000-0080,sweep_m8d4_decaying-speed-4-0-local-decaying-speed-1-0-match-std-8-0_000103,40.0,40.0,5.0,9.0,80,0.0,triangle-0-0,97
2009,triangle,0000-0084,sweep_m8d4_decaying-speed-4-0-local-decaying-speed-1-0-match-std-8-0_000103,40.0,40.0,7.0,1.0,84,0.0,triangle-0-0,98
2010,triangle,0000-0088,sweep_m8d4_decaying-speed-4-0-local-decaying-speed-1-0-match-std-8-0_000103,40.0,40.0,5.0,9.0,88,0.0,triangle-0-0,99
2011,triangle,0000-0092,sweep_m8d4_decaying-speed-4-0-local-decaying-speed-1-0-match-std-8-0_000103,40.0,40.0,7.0,1.0,92,0.0,triangle-0-0,100
2012,triangle,0000-0096,sweep_m8d4_decaying-speed-4-0-local-decaying-speed-1-0-match-std-8-0_000103,40.0,40.0,5.0,9.0,96,0.0,triangle-0-0,101
2013,triangle,0000-0100,sweep_m8d4_decaying-speed-4-0-local-decaying-speed-1-0-match-std-8-0_000103,40.0,40.0,7.0,1.0,100,0.0,triangle-0-0,102
2014,triangle,0000-0104,sweep_m8d4_decaying-speed-4-0-local-decaying-speed-1-0-match-std-8-0_000103,40.0,40.0,5.0,9.0,104,0.0,triangle-0-0,103
2015,triangle,0000-0108,sweep_m8d4_decaying-speed-4-0-local-decaying-speed-1-0-match-std-8-0_000103,40.0,40.0,7.0,1.0,108,0.0,triangle-0-0,104
2016,triangle,0000-0112,sweep_m8d4_decaying-speed-4-0-local-decaying-speed-1-0-match-std-8-0_000103,40.0,40.0,5.0,9.0,112,0.0,triangle-0-0,105
2017,triangle,0000-0116,sweep_m8d4_decaying-speed-4-0-local-decaying-speed-1-0-match-std-8-0_000103,40.0,40.0,7.0,1.0,116,0.0,triangle-0-0,106
2018,triangle,0000-0120,sweep_m8d4_decaying-speed-4-0-local-decaying-speed-1-0-match-std-8-0_000103,40.0,40.0,5.0,9.0,120,0.0,triangle-0-0,107
2019,triangle,0000-0124,sweep_m8d4_decaying-speed-4-0-local-decaying-speed-1-0-match-std-8-0_000103,40.0,40.0,7.0,1.0,124,0.0,triangle-0-0,108
2020,triangle,0000-0128,sweep_m8d4_decaying-speed-4-0-local-decaying-speed-1-0-match-std-8-0_000103,40.0,40.0,5.0,9.0,128,0.0,triangle-0-0,109
2021,triangle,0000-0132,sweep_m8d4_decaying-speed-4-0-local-decaying-speed-1-0-match-std-8-0_000103,40.0,40.0,7.0,1.0,132,0.0,triangle-0-0,110
2022,triangle,0000-0136,sweep_m8d4_decaying-speed-4-0-local-decaying-speed-1-0-match-std-8-0_000103,40.0,40.0,5.0,9.0,136,0.0,triangle-0-0,111
2023,triangle,0000-0140,sweep_m8d4_decaying-speed-4-0-local-decaying-speed-1-0-match-std-8-0_000103,40.0,40.0,7.0,1.0,140,0.0,triangle-0-0,112
2024,triangle,0000-0144,sweep_m8d4_decaying-speed-4-0-local-decaying-speed-1-0-match-std-8-0_000103,40.0,40.0,5.0,9.0,144,0.0,triangle-0-0,113
2025,triangle,0000-0148,sweep_m8d4_decaying-speed-4-0-local-decaying-speed-1-0-match-std-8-0_000103,40.0,40.0,7.0,1.0,148,0.0,triangle-0-0,114
2026,triangle,0000-0152,sweep_m8d4_decaying-speed-4-0-local-decaying-speed-1-0-match-std-8-0_000103,40.0,40.0,5.0,9.0,152,0.0,triangle-0-0,115
2027,triangle,0000-0156,sweep_m8d4_decaying-speed-4-0-local-decaying-speed-1-0-match-std-8-0_000103,40.0,40.0,7.0,1.0,156,0.0,triangle-0-0,116
2028,square,0000-0004,sweep_m8d4_decaying-speed-4-0-local-decaying-speed-1-0-match-std-8-0_000103,40.0,40.0,2.0,8.0,4,11.459155902616464,square-0-2,78
2029,square,0000-0008,sweep_m8d4_decaying-speed-4-0-local-decaying-speed-1-0-match-std-8-0_000103,40.0,40.0,9.0,5.0,8,11.459155902616464,square-0-2,79
2030,square,0000-0012,sweep_m8d4_decaying-speed-4-0-local-decaying-speed-1-0-match-std-8-0_000103,40.0,40.0,1.0,2.0,12,11.459155902616464,square-0-2,80
2031,square,0000-0016,sweep_m8d4_decaying-speed-4-0-local-decaying-speed-1-0-match-std-8-0_000103,40.0,40.0,6.0,6.0,16,11.459155902616464,square-0-2,81
2032,square,0000-0020,sweep_m8d4_decaying-speed-4-0-local-decaying-speed-1-0-match-std-8-0_000103,40.0,40.0,1.0,2.0,20,11.459155902616464,square-0-2,82
2033,square,0000-0024,sweep_m8d4_decaying-speed-4-0-local-decaying-speed-1-0-match-std-8-0_000103,40.0,40.0,6.0,6.0,24,11.459155902616464,square-0-2,83
2034,square,0000-0028,sweep_m8d4_decaying-speed-4-0-local-decaying-speed-1-0-match-std-8-0_000103,40.0,40.0,1.0,2.0,28,11.459155902616464,square-0-2,84
2035,square,0000-0032,sweep_m8d4_decaying-speed-4-0-local-decaying-speed-1-0-match-std-8-0_000103,40.0,40.0,6.0,6.0,32,11.459155902616464,square-0-2,85
2036,square,0000-0036,sweep_m8d4_decaying-speed-4-0-local-decaying-speed-1-0-match-std-8-0_000103,40.0,40.0,1.0,2.0,36,11.459155902616464,square-0-2,86
2037,square,0000-0040,sweep_m8d4_decaying-speed-4-0-local-decaying-speed-1-0-match-std-8-0_000103,40.0,40.0,6.0,6.0,40,11.459155902616464,square-0-2,87
2038,square,0000-0044,sweep_m8d4_decaying-speed-4-0-local-decaying-speed-1-0-match-std-8-0_000103,40.0,40.0,1.0,2.0,44,11.459155902616464,square-0-2,88
2039,square,0000-0048,sweep_m8d4_decaying-speed-4-0-local-decaying-speed-1-0-match-std-8-0_000103,40.0,40.0,6.0,6.0,48,11.459155902616464,square-0-2,89
2040,square,0000-0052,sweep_m8d4_decaying-speed-4-0-local-decaying-speed-1-0-match-std-8-0_000103,40.0,40.0,1.0,2.0,52,11.459155902616464,square-0-2,90
2041,square,0000-0056,sweep_m8d4_decaying-speed-4-0-local-decaying-speed-1-0-match-std-8-0_000103,40.0,40.0,6.0,6.0,56,11.459155902616464,square-0-2,91
2042,square,0000-0060,sweep_m8d4_decaying-speed-4-0-local-decaying-speed-1-0-match-std-8-0_000103,40.0,40.0,1.0,2.0,60,11.459155902616464,square-0-2,92
2043,square,0000-0064,sweep_m8d4_decaying-speed-4-0-local-decaying-speed-1-0-match-std-8-0_000103,40.0,40.0,6.0,6.0,64,11.459155902616464,square-0-2,93
2044,square,0000-0068,sweep_m8d4_decaying-speed-4-0-local-decaying-speed-1-0-match-std-8-0_000103,40.0,40.0,1.0,2.0,68,11.459155902616464,square-0-2,94
2045,square,0000-0072,sweep_m8d4_decaying-speed-4-0-local-decaying-speed-1-0-match-std-8-0_000103,40.0,40.0,6.0,6.0,72,11.459155902616464,square-0-2,95
2046,square,0000-0076,sweep_m8d4_decaying-speed-4-0-local-decaying-speed-1-0-match-std-8-0_000103,40.0,40.0,1.0,2.0,76,11.459155902616464,square-0-2,96
2047,square,0000-0080,sweep_m8d4_decaying-speed-4-0-local-decaying-speed-1-0-match-std-8-0_000103,40.0,40.0,6.0,6.0,80,11.459155902616464,square-0-2,97
2048,square,0000-0084,sweep_m8d4_decaying-speed-4-0-local-decaying-speed-1-0-match-std-8-0_000103,40.0,40.0,1.0,2.0,84,11.459155902616464,square-0-2,98
2049,square,0000-0088,sweep_m8d4_decaying-speed-4-0-local-decaying-speed-1-0-match-std-8-0_000103,40.0,40.0,6.0,6.0,88,11.459155902616464,square-0-2,99
2050,square,0000-0092,sweep_m8d4_decaying-speed-4-0-local-decaying-speed-1-0-match-std-8-0_000103,40.0,40.0,1.0,2.0,92,11.459155902616464,square-0-2,100
2051,square,0000-0096,sweep_m8d4_decaying-speed-4-0-local-decaying-speed-1-0-match-std-8-0_000103,40.0,40.0,6.0,6.0,96,11.459155902616464,square-0-2,101
2052,square,0000-0100,sweep_m8d4_decaying-speed-4-0-local-decaying-speed-1-0-match-std-8-0_000103,40.0,40.0,1.0,2.0,100,11.459155902616464,square-0-2,102
2053,square,0000-0104,sweep_m8d4_decaying-speed-4-0-local-decaying-speed-1-0-match-std-8-0_000103,40.0,40.0,6.0,6.0,104,11.459155902616464,square-0-2,103
2054,square,0000-0108,sweep_m8d4_decaying-speed-4-0-local-decaying-speed-1-0-match-std-8-0_000103,40.0,40.0,1.0,2.0,108,11.459155902616464,square-0-2,104
2055,square,0000-0112,sweep_m8d4_decaying-speed-4-0-local-decaying-speed-1-0-match-std-8-0_000103,40.0,40.0,6.0,6.0,112,11.459155902616464,square-0-2,105
2056,square,0000-0116,sweep_m8d4_decaying-speed-4-0-local-decaying-speed-1-0-match-std-8-0_000103,40.0,40.0,1.0,2.0,116,11.459155902616464,square-0-2,106
2057,square,0000-0120,sweep_m8d4_decaying-speed-4-0-local-decaying-speed-1-0-match-std-8-0_000103,40.0,40.0,6.0,6.0,120,11.459155902616464,square-0-2,107
2058,square,0000-0124,sweep_m8d4_decaying-speed-4-0-local-decaying-speed-1-0-match-std-8-0_000103,40.0,40.0,1.0,2.0,124,11.459155902616464,square-0-2,108
2059,square,0000-0128,sweep_m8d4_decaying-speed-4-0-local-decaying-speed-1-0-match-std-8-0_000103,40.0,40.0,6.0,6.0,128,11.459155902616464,square-0-2,109
2060,square,0000-0132,sweep_m8d4_decaying-speed-4-0-local-decaying-speed-1-0-match-std-8-0_000103,40.0,40.0,1.0,2.0,132,11.459155902616464,square-0-2,110
2061,square,0000-0136,sweep_m8d4_decaying-speed-4-0-local-decaying-speed-1-0-match-std-8-0_000103,40.0,40.0,6.0,6.0,136,11.459155902616464,square-0-2,111
2062,square,0000-0140,sweep_m8d4_decaying-speed-4-0-local-decaying-speed-1-0-match-std-8-0_000103,40.0,40.0,1.0,2.0,140,11.459155902616464,square-0-2,112
2063,square,0000-0144,sweep_m8d4_decaying-speed-4-0-local-decaying-speed-1-0-match-std-8-0_000103,40.0,40.0,6.0,6.0,144,11.459155902616464,square-0-2,113
2064,square,0000-0148,sweep_m8d4_decaying-speed-4-0-local-decaying-speed-1-0-match-std-8-0_000103,40.0,40.0,1.0,2.0,148,11.459155902616464,square-0-2,114
2065,square,0000-0152,sweep_m8d4_decaying-speed-4-0-local-decaying-speed-1-0-match-std-8-0_000103,40.0,40.0,6.0,6.0,152,11.459155902616464,square-0-2,115
2066,square,0000-0156,sweep_m8d4_decaying-speed-4-0-local-decaying-speed-1-0-match-std-8-0_000103,40.0,40.0,1.0,2.0,156,11.459155902616464,square-0-2,116
2067,triangle,0000-0004,sweep_m8d4_decaying-speed-4-0-local-decaying-speed-1-0-match-std-8-0_000103,40.0,40.0,5.0,3.0,4,45.83662361046586,triangle-0-8,78
2068,triangle,0000-0008,sweep_m8d4_decaying-speed-4-0-local-decaying-speed-1-0-match-std-8-0_000103,40.0,40.0,2.0,5.0,8,45.83662361046586,triangle-0-8,79
2069,triangle,0000-0012,sweep_m8d4_decaying-speed-4-0-local-decaying-speed-1-0-match-std-8-0_000103,40.0,40.0,9.0,7.0,12,45.83662361046586,triangle-0-8,80
2070,triangle,0000-0016,sweep_m8d4_decaying-speed-4-0-local-decaying-speed-1-0-match-std-8-0_000103,40.0,40.0,5.0,3.0,16,45.83662361046586,triangle-0-8,81
2071,triangle,0000-0020,sweep_m8d4_decaying-speed-4-0-local-decaying-speed-1-0-match-std-8-0_000103,40.0,40.0,2.0,5.0,20,45.83662361046586,triangle-0-8,82
2072,triangle,0000-0024,sweep_m8d4_decaying-speed-4-0-local-decaying-speed-1-0-match-std-8-0_000103,40.0,40.0,9.0,7.0,24,45.83662361046586,triangle-0-8,83
2073,triangle,0000-0028,sweep_m8d4_decaying-speed-4-0-local-decaying-speed-1-0-match-std-8-0_000103,40.0,40.0,5.0,3.0,28,45.83662361046586,triangle-0-8,84
2074,triangle,0000-0032,sweep_m8d4_decaying-speed-4-0-local-decaying-speed-1-0-match-std-8-0_000103,40.0,40.0,2.0,5.0,32,45.83662361046586,triangle-0-8,85
2075,triangle,0000-0036,sweep_m8d4_decaying-speed-4-0-local-decaying-speed-1-0-match-std-8-0_000103,40.0,40.0,9.0,7.0,36,45.83662361046586,triangle-0-8,86
2076,triangle,0000-0040,sweep_m8d4_decaying-speed-4-0-local-decaying-speed-1-0-match-std-8-0_000103,40.0,40.0,5.0,3.0,40,45.83662361046586,triangle-0-8,87
2077,triangle,0000-0044,sweep_m8d4_decaying-speed-4-0-local-decaying-speed-1-0-match-std-8-0_000103,40.0,40.0,2.0,5.0,44,45.83662361046586,triangle-0-8,88
2078,triangle,0000-0048,sweep_m8d4_decaying-speed-4-0-local-decaying-speed-1-0-match-std-8-0_000103,40.0,40.0,9.0,7.0,48,45.83662361046586,triangle-0-8,89
2079,triangle,0000-0052,sweep_m8d4_decaying-speed-4-0-local-decaying-speed-1-0-match-std-8-0_000103,40.0,40.0,5.0,3.0,52,45.83662361046586,triangle-0-8,90
2080,triangle,0000-0056,sweep_m8d4_decaying-speed-4-0-local-decaying-speed-1-0-match-std-8-0_000103,40.0,40.0,2.0,5.0,56,45.83662361046586,triangle-0-8,91
2081,triangle,0000-0060,sweep_m8d4_decaying-speed-4-0-local-decaying-speed-1-0-match-std-8-0_000103,40.0,40.0,9.0,7.0,60,45.83662361046586,triangle-0-8,92
2082,triangle,0000-0064,sweep_m8d4_decaying-speed-4-0-local-decaying-speed-1-0-match-std-8-0_000103,40.0,40.0,5.0,3.0,64,45.83662361046586,triangle-0-8,93
2083,triangle,0000-0068,sweep_m8d4_decaying-speed-4-0-local-decaying-speed-1-0-match-std-8-0_000103,40.0,40.0,2.0,5.0,68,45.83662361046586,triangle-0-8,94
2084,triangle,0000-0072,sweep_m8d4_decaying-speed-4-0-local-decaying-speed-1-0-match-std-8-0_000103,40.0,40.0,9.0,7.0,72,45.83662361046586,triangle-0-8,95
2085,triangle,0000-0076,sweep_m8d4_decaying-speed-4-0-local-decaying-speed-1-0-match-std-8-0_000103,40.0,40.0,5.0,3.0,76,45.83662361046586,triangle-0-8,96
2086,triangle,0000-0080,sweep_m8d4_decaying-speed-4-0-local-decaying-speed-1-0-match-std-8-0_000103,40.0,40.0,2.0,5.0,80,45.83662361046586,triangle-0-8,97
2087,triangle,0000-0084,sweep_m8d4_decaying-speed-4-0-local-decaying-speed-1-0-match-std-8-0_000103,40.0,40.0,9.0,7.0,84,45.83662361046586,triangle-0-8,98
2088,triangle,0000-0088,sweep_m8d4_decaying-speed-4-0-local-decaying-speed-1-0-match-std-8-0_000103,40.0,40.0,5.0,3.0,88,45.83662361046586,triangle-0-8,99
2089,triangle,0000-0092,sweep_m8d4_decaying-speed-4-0-local-decaying-speed-1-0-match-std-8-0_000103,40.0,40.0,2.0,5.0,92,45.83662361046586,triangle-0-8,100
2090,triangle,0000-0096,sweep_m8d4_decaying-speed-4-0-local-decaying-speed-1-0-match-std-8-0_000103,40.0,40.0,9.0,7.0,96,45.83662361046586,triangle-0-8,101
2091,triangle,0000-0100,sweep_m8d4_decaying-speed-4-0-local-decaying-speed-1-0-match-std-8-0_000103,40.0,40.0,5.0,3.0,100,45.83662361046586,triangle-0-8,102
2092,triangle,0000-0104,sweep_m8d4_decaying-speed-4-0-local-decaying-speed-1-0-match-std-8-0_000103,40.0,40.0,2.0,5.0,104,45.83662361046586,triangle-0-8,103
2093,triangle,0000-0108,sweep_m8d4_decaying-speed-4-0-local-decaying-speed-1-0-match-std-8-0_000103,40.0,40.0,9.0,7.0,108,45.83662361046586,triangle-0-8,104
2094,triangle,0000-0112,sweep_m8d4_decaying-speed-4-0-local-decaying-speed-1-0-match-std-8-0_000103,40.0,40.0,5.0,3.0,112,45.83662361046586,triangle-0-8,105
2095,triangle,0000-0116,sweep_m8d4_decaying-speed-4-0-local-decaying-speed-1-0-match-std-8-0_000103,40.0,40.0,2.0,5.0,116,45.83662361046586,triangle-0-8,106
2096,triangle,0000-0120,sweep_m8d4_decaying-speed-4-0-local-decaying-speed-1-0-match-std-8-0_000103,40.0,40.0,9.0,7.0,120,45.83662361046586,triangle-0-8,107
2097,triangle,0000-0124,sweep_m8d4_decaying-speed-4-0-local-decaying-speed-1-0-match-std-8-0_000103,40.0,40.0,5.0,3.0,124,45.83662361046586,triangle-0-8,108
2098,triangle,0000-0128,sweep_m8d4_decaying-speed-4-0-local-decaying-speed-1-0-match-std-8-0_000103,40.0,40.0,2.0,5.0,128,45.83662361046586,triangle-0-8,109
2099,triangle,0000-0132,sweep_m8d4_decaying-speed-4-0-local-decaying-speed-1-0-match-std-8-0_000103,40.0,40.0,9.0,7.0,132,45.83662361046586,triangle-0-8,110
2100,triangle,0000-0136,sweep_m8d4_decaying-speed-4-0-local-decaying-speed-1-0-match-std-8-0_000103,40.0,40.0,5.0,3.0,136,45.83662361046586,triangle-0-8,111
2101,triangle,0000-0140,sweep_m8d4_decaying-speed-4-0-local-decaying-speed-1-0-match-std-8-0_000103,40.0,40.0,2.0,5.0,140,45.83662361046586,triangle-0-8,112
2102,triangle,0000-0144,sweep_m8d4_decaying-speed-4-0-local-decaying-speed-1-0-match-std-8-0_000103,40.0,40.0,9.0,7.0,144,45.83662361046586,triangle-0-8,113
2103,triangle,0000-0148,sweep_m8d4_decaying-speed-4-0-local-decaying-speed-1-0-match-std-8-0_000103,40.0,40.0,5.0,3.0,148,45.83662361046586,triangle-0-8,114
2104,triangle,0000-0152,sweep_m8d4_decaying-speed-4-0-local-decaying-speed-1-0-match-std-8-0_000103,40.0,40.0,2.0,5.0,152,45.83662361046586,triangle-0-8,115
2105,triangle,0000-0156,sweep_m8d4_decaying-speed-4-0-local-decaying-speed-1-0-match-std-8-0_000103,40.0,40.0,9.0,7.0,156,45.83662361046586,triangle-0-8,116
