,object,saccade_id,sim,pos.x,pos.y,goal.y,goal.x,ts,rot,trial,saccade_num,precision
0,square,0000-0004,noise_sampled_s_1_m_08000_a_02000_d_03000_l_01000_p_00700,40.0,40.0,0.0,8.0,4,11.459155902616464,square-0-2,0,0.7
1,square,0000-0008,noise_sampled_s_1_m_08000_a_02000_d_03000_l_01000_p_00700,40.0,40.0,7.0,6.0,8,11.459155902616464,square-0-2,1,0.7
2,square,0000-0012,noise_sampled_s_1_m_08000_a_02000_d_03000_l_01000_p_00700,40.0,40.0,0.0,7.0,12,11.459155902616464,square-0-2,2,0.7
3,square,0000-0016,noise_sampled_s_1_m_08000_a_02000_d_03000_l_01000_p_00700,40.0,40.0,8.0,5.0,16,11.459155902616464,square-0-2,3,0.7
4,square,0000-0020,noise_sampled_s_1_m_08000_a_02000_d_03000_l_01000_p_00700,40.0,40.0,0.0,9.0,20,11.459155902616464,square-0-2,4,0.7
5,square,0000-0024,noise_sampled_s_1_m_08000_a_02000_d_03000_l_01000_p_00700,40.0,40.0,8.0,6.0,24,11.459155902616464,square-0-2,5,0.7
6,square,0000-0028,noise_sampled_s_1_m_08000_a_02000_d_03000_l_01000_p_00700,40.0,40.0,0.0,9.0,28,11.459155902616464,square-0-2,6,0.7
7,square,0000-0032,noise_sampled_s_1_m_08000_a_02000_d_03000_l_01000_p_00700,40.0,40.0,8.0,6.0,32,11.459155902616464,square-0-2,7,0.7
8,square,0000-0036,noise_sampled_s_1_m_08000_a_02000_d_03000_l_01000_p_00700,40.0,40.0,0.0,7.0,36,11.459155902616464,square-0-2,8,0.7
9,square,0000-0040,noise_sampled_s_1_m_08000_a_02000_d_03000_l_01000_p_00700,40.0,40.0,9.0,6.0,40,11.459155902616464,square-0-2,9,0.7
10,square,0000-0044,noise_sampled_s_1_m_08000_a_02000_d_03000_l_01000_p_00700,40.0,40.0,0.0,7.0,44,11.459155902616464,square-0-2,10,0.7
11,square,0000-0048,noise_sampled_s_1_m_08000_a_02000_d_03000_l_01000_p_00700,40.0,40.0,7.0,5.0,48,11.459155902616464,square-0-2,11,0.7
12,square,0000-0052,noise_sampled_s_1_m_08000_a_02000_d_03000_l_01000_p_00700,40.0,40.0,0.0,7.0,52,11.459155902616464,square-0-2,12,0.7
13,square,0000-0056,noise_sampled_s_1_m_08000_a_02000_d_03000_l_01000_p_00700,40.0,40.0,7.0,5.0,56,11.459155902616464,square-0-2,13,0.7
14,square,0000-0060,noise_sampled_s_1_m_08000_a_02000_d_03000_l_01000_p_00700,40.0,40.0,0.0,8.0,60,11.459155902616464,square-0-2,14,0.7
15,square,0000-0064,noise_sampled_s_1_m_08000_a_02000_d_03000_l_01000_p_00700,40.0,40.0,7.0,5.0,64,11.459155902616464,square-0-2,15,0.7
16,square,0000-0068,noise_sampled_s_1_m_08000_a_02000_d_03000_l_01000_p_00700,40.0,40.0,0.0,7.0,68,11.459155902616464,square-0-2,16,0.7
17,square,0000-0072,noise_sampled_s_1_m_08000_a_02000_d_03000_l_01000_p_00700,40.0,40.0,7.0,6.0,72,11.459155902616464,square-0-2,17,0.7
18,square,0000-0076,noise_sampled_s_1_m_08000_a_02000_d_03000_l_01000_p_00700,40.0,40.0,0.0,7.0,76,11.459155902616464,square-0-2,18,0.7
19,square,0000-0080,noise_sampled_s_1_m_08000_a_02000_d_03000_l_01000_p_00700,40.0,40.0,7.0,5.0,80,11.459155902616464,square-0-2,19,0.7
20,square,0000-0084,noise_sampled_s_1_m_08000_a_02000_d_03000_l_01000_p_00700,40.0,40.0,0.0,9.0,84,11.459155902616464,square-0-2,20,0.7
21,square,0000-0088,noise_sampled_s_1_m_08000_a_02000_d_03000_l_01000_p_00700,40.0,40.0,7.0,5.0,88,11.459155902616464,square-0-2,21,0.7
22,square,0000-0092,noise_sampled_s_1_m_08000_a_02000_d_03000_l_01000_p_00700,40.0,40.0,0.0,9.0,92,11.459155902616464,square-0-2,22,0.7
23,square,0000-0096,noise_sampled_s_1_m_08000_a_02000_d_03000_l_01000_p_00700,40.0,40.0,7.0,5.0,96,11.459155902616464,square-0-2,23,0.7
24,square,0000-0100,noise_sampled_s_1_m_08000_a_02000_d_03000_l_01000_p_00700,40.0,40.0,1.0,7.0,100,11.459155902616464,square-0-2,24,0.7
25,square,0000-0104,noise_sampled_s_1_m_08000_a_02000_d_03000_l_01000_p_00700,40.0,40.0,7.0,6.0,104,11.459155902616464,square-0-2,25,0.7
26,square,0000-0108,noise_sampled_s_1_m_08000_a_02000_d_03000_l_01000_p_00700,40.0,40.0,2.0,9.0,108,11.459155902616464,square-0-2,26,0.7
27,square,0000-0112,noise_sampled_s_1_m_08000_a_02000_d_03000_l_01000_p_00700,40.0,40.0,7.0,6.0,112,11.459155902616464,square-0-2,27,0.7
28,square,0000-0116,noise_sampled_s_1_m_08000_a_02000_d_03000_l_01000_p_00700,40.0,40.0,0.0,7.0,116,11.459155902616464,square-0-2,28,0.7
29,square,0000-0120,noise_sampled_s_1_m_08000_a_02000_d_03000_l_01000_p_00700,40.0,40.0,8.0,6.0,120,11.459155902616464,square-0-2,29,0.7
30,square,0000-0124,noise_sampled_s_1_m_08000_a_02000_d_03000_l_01000_p_00700,40.0,40.0,0.0,8.0,124,11.459155902616464,square-0-2,30,0.7
31,square,0000-0128,noise_sampled_s_1_m_08000_a_02000_d_03000_l_01000_p_00700,40.0,40.0,7.0,5.0,128,11.459155902616464,square-0-2,31,0.7
32,square,0000-0132,noise_sampled_s_1_m_08000_a_02000_d_03000_l_01000_p_00700,40.0,40.0,0.0,7.0,132,11.459155902616464,square-0-2,32,0.7
33,square,0000-0136,noise_sampled_s_1_m_08000_a_02000_d_03000_l_01000_p_00700,40.0,40.0,7.0,5.0,136,11.459155902616464,square-0-2,33,0.7
34,square,0000-0140,noise_sampled_s_1_m_08000_a_02000_d_03000_l_01000_p_00700,40.0,40.0,0.0,7.0,140,11.459155902616464,square-0-2,34,0.7
35,square,0000-0144,noise_sampled_s_1_m_08000_a_02000_d_03000_l_01000_p_00700,40.0,40.0,7.0,6.0,144,11.459155902616464,square-0-2,35,0.7
36,square,0000-0148,noise_sampled_s_1_m_08000_a_02000_d_03000_l_01000_p_00700,40.0,40.0,6.0,0.0,148,11.459155902616464,square-0-2,36,0.7
37,square,0000-0152,noise_sampled_s_1_m_08000_a_02000_d_03000_l_01000_p_00700,40.0,40.0,6.0,8.0,152,11.459155902616464,square-0-2,37,0.7
38,square,0000-0156,noise_sampled_s_1_m_08000_a_02000_d_03000_l_01000_p_00700,40.0,40.0,6.0,0.0,156,11.459155902616464,square-0-2,38,0.7
39,triangle,0000-0004,noise_sampled_s_1_m_08000_a_02000_d_03000_l_01000_p_00700,40.0,40.0,5.0,3.0,4,11.459155902616464,triangle-0-2,0,0.7
40,triangle,0000-0008,noise_sampled_s_1_m_08000_a_02000_d_03000_l_01000_p_00700,40.0,40.0,5.0,3.0,8,11.459155902616464,triangle-0-2,1,0.7
41,triangle,0000-0012,noise_sampled_s_1_m_08000_a_02000_d_03000_l_01000_p_00700,40.0,40.0,5.0,3.0,12,11.459155902616464,triangle-0-2,2,0.7
42,triangle,0000-0016,noise_sampled_s_1_m_08000_a_02000_d_03000_l_01000_p_00700,40.0,40.0,4.0,4.0,16,11.459155902616464,triangle-0-2,3,0.7
43,triangle,0000-0020,noise_sampled_s_1_m_08000_a_02000_d_03000_l_01000_p_00700,40.0,40.0,5.0,3.0,20,11.459155902616464,triangle-0-2,4,0.7
44,triangle,0000-0024,noise_sampled_s_1_m_08000_a_02000_d_03000_l_01000_p_00700,40.0,40.0,5.0,3.0,24,11.459155902616464,triangle-0-2,5,0.7
45,triangle,0000-0028,noise_sampled_s_1_m_08000_a_02000_d_03000_l_01000_p_00700,40.0,40.0,4.0,4.0,28,11.459155902616464,triangle-0-2,6,0.7
46,triangle,0000-0032,noise_sampled_s_1_m_08000_a_02000_d_03000_l_01000_p_00700,40.0,40.0,5.0,3.0,32,11.459155902616464,triangle-0-2,7,0.7
47,triangle,0000-0036,noise_sampled_s_1_m_08000_a_02000_d_03000_l_01000_p_00700,40.0,40.0,4.0,4.0,36,11.459155902616464,triangle-0-2,8,0.7
48,triangle,0000-0040,noise_sampled_s_1_m_08000_a_02000_d_03000_l_01000_p_00700,40.0,40.0,5.0,3.0,40,11.459155902616464,triangle-0-2,9,0.7
49,triangle,0000-0044,noise_sampled_s_1_m_08000_a_02000_d_03000_l_01000_p_00700,40.0,40.0,4.0,3.0,44,11.459155902616464,triangle-0-2,10,0.7
50,triangle,0000-0048,noise_sampled_s_1_m_08000_a_02000_d_03000_l_01000_p_00700,40.0,40.0,4.0,3.0,48,11.459155902616464,triangle-0-2,11,0.7
51,triangle,0000-0052,noise_sampled_s_1_m_08000_a_02000_d_03000_l_01000_p_00700,40.0,40.0,4.0,3.0,52,11.459155902616464,triangle-0-2,12,0.7
52,triangle,0000-0056,noise_sampled_s_1_m_08000_a_02000_d_03000_l_01000_p_00700,40.0,40.0,4.0,3.0,56,11.459155902616464,triangle-0-2,13,0.7
53,triangle,0000-0060,noise_sampled_s_1_m_08000_a_02000_d_03000_l_01000_p_00700,40.0,40.0,4.0,3.0,60,11.459155902616464,triangle-0-2,14,0.7
54,triangle,0000-0064,noise_sampled_s_1_m_08000_a_02000_d_03000_l_01000_p_00700,40.0,40.0,1.0,5.0,64,11.459155902616464,triangle-0-2,15,0.7
55,triangle,0000-0068,noise_sampled_s_1_m_08000_a_02000_d_03000_l_01000_p_00700,40.0,40.0,5.0,4.0,68,11.459155902616464,triangle-0-2,16,0.7
56,triangle,0000-0072,noise_sampled_s_1_m_08000_a_02000_d_03000_l_01000_p_00700,40.0,40.0,5.0,3.0,72,11.459155902616464,triangle-0-2,17,0.7
57,triangle,0000-0076,noise_sampled_s_1_m_08000_a_02000_d_03000_l_01000_p_00700,40.0,40.0,4.0,3.0,76,11.459155902616464,triangle-0-2,18,0.7
58,triangle,0000-0080,noise_sampled_s_1_m_08000_a_02000_d_03000_l_01000_p_00700,40.0,40.0,1.0,4.0,80,11.459155902616464,triangle-0-2,19,0.7
59,triangle,0000-0084,noise_sampled_s_1_m_08000_a_02000_d_03000_l_01000_p_00700,40.0,40.0,5.0,3.0,84,11.459155902616464,triangle-0-2,20,0.7
60,triangle,0000-0088,noise_sampled_s_1_m_08000_a_02000_d_03000_l_01000_p_00700,40.0,40.0,3.0,3.0,88,11.459155902616464,triangle-0-2,21,0.7
61,triangle,0000-0092,noise_sampled_s_1_m_08000_a_02000_d_03000_l_01000_p_00700,40.0,40.0,5.0,3.0,92,11.459155902616464,triangle-0-2,22,0.7
62,triangle,0000-0096,noise_sampled_s_1_m_08000_a_02000_d_03000_l_01000_p_00700,40.0,40.0,4.0,4.0,96,11.459155902616464,triangle-0-2,23,0.7
63,triangle,0000-0100,noise_sampled_s_1_m_08000_a_02000_d_03000_l_01000_p_00700,40.0,40.0,4.0,3.0,100,11.459155902616464,triangle-0-2,24,0.7
64,triangle,0000-0104,noise_sampled_s_1_m_08000_a_02000_d_03000_l_01000_p_00700,40.0,40.0,5.0,3.0,104,11.459155902616464,triangle-0-2,25,0.7
65,triangle,0000-0108,noise_sampled_s_1_m_08000_a_02000_d_03000_l_01000_p_00700,40.0,40.0,5.0,3.0,108,11.459155902616464,triangle-0-2,26,0.7
66,triangle,0000-0112,noise_sampled_s_1_m_08000_a_02000_d_03000_l_01000_p_00700,40.0,40.0,5.0,3.0,112,11.459155902616464,triangle-0-2,27,0.7
67,triangle,0000-0116,noise_sampled_s_1_m_08000_a_02000_d_03000_l_01000_p_00700,40.0,40.0,5.0,4.0,116,11.459155902616464,triangle-0-2,28,0.7
68,triangle,0000-0120,noise_sampled_s_1_m_08000_a_02000_d_03000_l_01000_p_00700,40.0,40.0,5.0,3.0,120,11.459155902616464,triangle-0-2,29,0.7
69,triangle,0000-0124,noise_sampled_s_1_m_08000_a_02000_d_03000_l_01000_p_00700,40.0,40.0,5.0,3.0,124,11.459155902616464,triangle-0-2,30,0.7
70,triangle,0000-0128,noise_sampled_s_1_m_08000_a_02000_d_03000_l_01000_p_00700,40.0,40.0,4.0,4.0,128,11.459155902616464,triangle-0-2,31,0.7
71,triangle,0000-0132,noise_sampled_s_1_m_08000_a_02000_d_03000_l_01000_p_00700,40.0,40.0,5.0,3.0,132,11.459155902616464,triangle-0-2,32,0.7
72,triangle,0000-0136,noise_sampled_s_1_m_08000_a_02000_d_03000_l_01000_p_00700,40.0,40.0,1.0,5.0,136,11.459155902616464,triangle-0-2,33,0.7
73,triangle,0000-0140,noise_sampled_s_1_m_08000_a_02000_d_03000_l_01000_p_00700,40.0,40.0,5.0,3.0,140,11.459155902616464,triangle-0-2,34,0.7
74,triangle,0000-0144,noise_sampled_s_1_m_08000_a_02000_d_03000_l_01000_p_00700,40.0,40.0,5.0,3.0,144,11.459155902616464,triangle-0-2,35,0.7
75,triangle,0000-0148,noise_sampled_s_1_m_08000_a_02000_d_03000_l_01000_p_00700,40.0,40.0,5.0,3.0,148,11.459155902616464,triangle-0-2,36,0.7
76,triangle,0000-0152,noise_sampled_s_1_m_08000_a_02000_d_03000_l_01000_p_00700,40.0,40.0,5.0,3.0,152,11.459155902616464,triangle-0-2,37,0.7
77,triangle,0000-0156,noise_sampled_s_1_m_08000_a_02000_d_03000_l_01000_p_00700,40.0,40.0,4.0,4.0,156,11.459155902616464,triangle-0-2,38,0.7
78,square,0000-0004,noise_sampled_s_1_m_08000_a_02000_d_03000_l_01000_p_00700,40.0,40.0,7.0,5.0,4,22.91831180523293,square-0-4,0,0.7
79,square,0000-0008,noise_sampled_s_1_m_08000_a_02000_d_03000_l_01000_p_00700,40.0,40.0,0.0,8.0,8,22.91831180523293,square-0-4,1,0.7
80,square,0000-0012,noise_sampled_s_1_m_08000_a_02000_d_03000_l_01000_p_00700,40.0,40.0,8.0,5.0,12,22.91831180523293,square-0-4,2,0.7
81,square,0000-0016,noise_sampled_s_1_m_08000_a_02000_d_03000_l_01000_p_00700,40.0,40.0,1.0,7.0,16,22.91831180523293,square-0-4,3,0.7
82,square,0000-0020,noise_sampled_s_1_m_08000_a_02000_d_03000_l_01000_p_00700,40.0,40.0,8.0,6.0,20,22.91831180523293,square-0-4,4,0.7
83,square,0000-0024,noise_sampled_s_1_m_08000_a_02000_d_03000_l_01000_p_00700,40.0,40.0,0.0,9.0,24,22.91831180523293,square-0-4,5,0.7
84,square,0000-0028,noise_sampled_s_1_m_08000_a_02000_d_03000_l_01000_p_00700,40.0,40.0,7.0,6.0,28,22.91831180523293,square-0-4,6,0.7
85,square,0000-0032,noise_sampled_s_1_m_08000_a_02000_d_03000_l_01000_p_00700,40.0,40.0,0.0,9.0,32,22.91831180523293,square-0-4,7,0.7
86,square,0000-0036,noise_sampled_s_1_m_08000_a_02000_d_03000_l_01000_p_00700,40.0,40.0,9.0,5.0,36,22.91831180523293,square-0-4,8,0.7
87,square,0000-0040,noise_sampled_s_1_m_08000_a_02000_d_03000_l_01000_p_00700,40.0,40.0,0.0,8.0,40,22.91831180523293,square-0-4,9,0.7
88,square,0000-0044,noise_sampled_s_1_m_08000_a_02000_d_03000_l_01000_p_00700,40.0,40.0,8.0,4.0,44,22.91831180523293,square-0-4,10,0.7
89,square,0000-0048,noise_sampled_s_1_m_08000_a_02000_d_03000_l_01000_p_00700,40.0,40.0,1.0,7.0,48,22.91831180523293,square-0-4,11,0.7
90,square,0000-0052,noise_sampled_s_1_m_08000_a_02000_d_03000_l_01000_p_00700,40.0,40.0,9.0,5.0,52,22.91831180523293,square-0-4,12,0.7
91,square,0000-0056,noise_sampled_s_1_m_08000_a_02000_d_03000_l_01000_p_00700,40.0,40.0,2.0,8.0,56,22.91831180523293,square-0-4,13,0.7
92,square,0000-0060,noise_sampled_s_1_m_08000_a_02000_d_03000_l_01000_p_00700,40.0,40.0,8.0,4.0,60,22.91831180523293,square-0-4,14,0.7
93,square,0000-0064,noise_sampled_s_1_m_08000_a_02000_d_03000_l_01000_p_00700,40.0,40.0,0.0,7.0,64,22.91831180523293,square-0-4,15,0.7
94,square,0000-0068,noise_sampled_s_1_m_08000_a_02000_d_03000_l_01000_p_00700,40.0,40.0,7.0,4.0,68,22.91831180523293,square-0-4,16,0.7
95,square,0000-0072,noise_sampled_s_1_m_08000_a_02000_d_03000_l_01000_p_00700,40.0,40.0,2.0,9.0,72,22.91831180523293,square-0-4,17,0.7
96,square,0000-0076,noise_sampled_s_1_m_08000_a_02000_d_03000_l_01000_p_00700,40.0,40.0,8.0,4.0,76,22.91831180523293,square-0-4,18,0.7
97,square,0000-0080,noise_sampled_s_1_m_08000_a_02000_d_03000_l_01000_p_00700,40.0,40.0,1.0,7.0,80,22.91831180523293,square-0-4,19,0.7
98,square,0000-0084,noise_sampled_s_1_m_08000_a_02000_d_03000_l_01000_p_00700,40.0,40.0,8.0,5.0,84,22.91831180523293,square-0-4,20,0.7
99,square,0000-0088,noise_sampled_s_1_m_08000_a_02000_d_03000_l_01000_p_00700,40.0,40.0,1.0,7.0,88,22.91831180523293,square-0-4,21,0.7
100,square,0000-0092,noise_sampled_s_1_m_08000_a_02000_d_03000_l_01000_p_00700,40.0,40.0,7.0,5.0,92,22.91831180523293,square-0-4,22,0.7
101,square,0000-0096,noise_sampled_s_1_m_08000_a_02000_d_03000_l_01000_p_00700,40.0,40.0,2.0,8.0,96,22.91831180523293,square-0-4,23,0.7
102,square,0000-0100,noise_sampled_s_1_m_08000_a_02000_d_03000_l_01000_p_00700,40.0,40.0,9.0,3.0,100,22.91831180523293,square-0-4,24,0.7
103,square,0000-0104,noise_sampled_s_1_m_08000_a_02000_d_03000_l_01000_p_00700,40.0,40.0,0.0,9.0,104,22.91831180523293,square-0-4,25,0.7
104,square,0000-0108,noise_sampled_s_1_m_08000_a_02000_d_03000_l_01000_p_00700,40.0,40.0,7.0,5.0,108,22.91831180523293,square-0-4,26,0.7
105,square,0000-0112,noise_sampled_s_1_m_08000_a_02000_d_03000_l_01000_p_00700,40.0,40.0,0.0,8.0,112,22.91831180523293,square-0-4,27,0.7
106,square,0000-0116,noise_sampled_s_1_m_08000_a_02000_d_03000_l_01000_p_00700,40.0,40.0,7.0,4.0,116,22.91831180523293,square-0-4,28,0.7
107,square,0000-0120,noise_sampled_s_1_m_08000_a_02000_d_03000_l_01000_p_00700,40.0,40.0,0.0,9.0,120,22.91831180523293,square-0-4,29,0.7
108,square,0000-0124,noise_sampled_s_1_m_08000_a_02000_d_03000_l_01000_p_00700,40.0,40.0,7.0,5.0,124,22.91831180523293,square-0-4,30,0.7
109,square,0000-0128,noise_sampled_s_1_m_08000_a_02000_d_03000_l_01000_p_00700,40.0,40.0,1.0,7.0,128,22.91831180523293,square-0-4,31,0.7
110,square,0000-0132,noise_sampled_s_1_m_08000_a_02000_d_03000_l_01000_p_00700,40.0,40.0,7.0,4.0,132,22.91831180523293,square-0-4,32,0.7
111,square,0000-0136,noise_sampled_s_1_m_08000_a_02000_d_03000_l_01000_p_00700,40.0,40.0,1.0,9.0,136,22.91831180523293,square-0-4,33,0.7
112,square,0000-0140,noise_sampled_s_1_m_08000_a_02000_d_03000_l_01000_p_00700,40.0,40.0,7.0,4.0,140,22.91831180523293,square-0-4,34,0.7
113,square,0000-0144,noise_sampled_s_1_m_08000_a_02000_d_03000_l_01000_p_00700,40.0,40.0,0.0,8.0,144,22.91831180523293,square-0-4,35,0.7
114,square,0000-0148,noise_sampled_s_1_m_08000_a_02000_d_03000_l_01000_p_00700,40.0,40.0,8.0,6.0,148,22.91831180523293,square-0-4,36,0.7
115,square,0000-0152,noise_sampled_s_1_m_08000_a_02000_d_03000_l_01000_p_00700,40.0,40.0,0.0,8.0,152,22.91831180523293,square-0-4,37,0.7
116,square,0000-0156,noise_sampled_s_1_m_08000_a_02000_d_03000_l_01000_p_00700,40.0,40.0,9.0,5.0,156,22.91831180523293,square-0-4,38,0.7
117,square,0000-0004,noise_sampled_s_1_m_08000_a_02000_d_03000_l_01000_p_00700,40.0,40.0,5.0,8.0,4,0.0,square-0-0,0,0.7
118,square,0000-0008,noise_sampled_s_1_m_08000_a_02000_d_03000_l_01000_p_00700,40.0,40.0,9.0,3.0,8,0.0,square-0-0,1,0.7
119,square,0000-0012,noise_sampled_s_1_m_08000_a_02000_d_03000_l_01000_p_00700,40.0,40.0,2.0,9.0,12,0.0,square-0-0,2,0.7
120,square,0000-0016,noise_sampled_s_1_m_08000_a_02000_d_03000_l_01000_p_00700,40.0,40.0,9.0,6.0,16,0.0,square-0-0,3,0.7
121,square,0000-0020,noise_sampled_s_1_m_08000_a_02000_d_03000_l_01000_p_00700,40.0,40.0,7.0,0.0,20,0.0,square-0-0,4,0.7
122,square,0000-0024,noise_sampled_s_1_m_08000_a_02000_d_03000_l_01000_p_00700,40.0,40.0,6.0,8.0,24,0.0,square-0-0,5,0.7
123,square,0000-0028,noise_sampled_s_1_m_08000_a_02000_d_03000_l_01000_p_00700,40.0,40.0,7.0,0.0,28,0.0,square-0-0,6,0.7
124,square,0000-0032,noise_sampled_s_1_m_08000_a_02000_d_03000_l_01000_p_00700,40.0,40.0,4.0,9.0,32,0.0,square-0-0,7,0.7
125,square,0000-0036,noise_sampled_s_1_m_08000_a_02000_d_03000_l_01000_p_00700,40.0,40.0,9.0,3.0,36,0.0,square-0-0,8,0.7
126,square,0000-0040,noise_sampled_s_1_m_08000_a_02000_d_03000_l_01000_p_00700,40.0,40.0,2.0,9.0,40,0.0,square-0-0,9,0.7
127,square,0000-0044,noise_sampled_s_1_m_08000_a_02000_d_03000_l_01000_p_00700,40.0,40.0,8.0,6.0,44,0.0,square-0-0,10,0.7
128,square,0000-0048,noise_sampled_s_1_m_08000_a_02000_d_03000_l_01000_p_00700,40.0,40.0,0.0,7.0,48,0.0,square-0-0,11,0.7
129,square,0000-0052,noise_sampled_s_1_m_08000_a_02000_d_03000_l_01000_p_00700,40.0,40.0,8.0,6.0,52,0.0,square-0-0,12,0.7
130,square,0000-0056,noise_sampled_s_1_m_08000_a_02000_d_03000_l_01000_p_00700,40.0,40.0,0.0,7.0,56,0.0,square-0-0,13,0.7
131,square,0000-0060,noise_sampled_s_1_m_08000_a_02000_d_03000_l_01000_p_00700,40.0,40.0,9.0,6.0,60,0.0,square-0-0,14,0.7
132,square,0000-0064,noise_sampled_s_1_m_08000_a_02000_d_03000_l_01000_p_00700,40.0,40.0,0.0,7.0,64,0.0,square-0-0,15,0.7
133,square,0000-0068,noise_sampled_s_1_m_08000_a_02000_d_03000_l_01000_p_00700,40.0,40.0,8.0,6.0,68,0.0,square-0-0,16,0.7
134,square,0000-0072,noise_sampled_s_1_m_08000_a_02000_d_03000_l_01000_p_00700,40.0,40.0,7.0,0.0,72,0.0,square-0-0,17,0.7
135,square,0000-0076,noise_sampled_s_1_m_08000_a_02000_d_03000_l_01000_p_00700,40.0,40.0,5.0,8.0,76,0.0,square-0-0,18,0.7
136,square,0000-0080,noise_sampled_s_1_m_08000_a_02000_d_03000_l_01000_p_00700,40.0,40.0,0.0,7.0,80,0.0,square-0-0,19,0.7
137,square,0000-0084,noise_sampled_s_1_m_08000_a_02000_d_03000_l_01000_p_00700,40.0,40.0,9.0,6.0,84,0.0,square-0-0,20,0.7
138,square,0000-0088,noise_sampled_s_1_m_08000_a_02000_d_03000_l_01000_p_00700,40.0,40.0,0.0,7.0,88,0.0,square-0-0,21,0.7
139,square,0000-0092,noise_sampled_s_1_m_08000_a_02000_d_03000_l_01000_p_00700,40.0,40.0,9.0,6.0,92,0.0,square-0-0,22,0.7
140,square,0000-0096,noise_sampled_s_1_m_08000_a_02000_d_03000_l_01000_p_00700,40.0,40.0,0.0,7.0,96,0.0,square-0-0,23,0.7
141,square,0000-0100,noise_sampled_s_1_m_08000_a_02000_d_03000_l_01000_p_00700,40.0,40.0,8.0,5.0,100,0.0,square-0-0,24,0.7
142,square,0000-0104,noise_sampled_s_1_m_08000_a_02000_d_03000_l_01000_p_00700,40.0,40.0,8.0,0.0,104,0.0,square-0-0,25,0.7
143,square,0000-0108,noise_sampled_s_1_m_08000_a_02000_d_03000_l_01000_p_00700,40.0,40.0,5.0,8.0,108,0.0,square-0-0,26,0.7
144,square,0000-0112,noise_sampled_s_1_m_08000_a_02000_d_03000_l_01000_p_00700,40.0,40.0,9.0,3.0,112,0.0,square-0-0,27,0.7
145,square,0000-0116,noise_sampled_s_1_m_08000_a_02000_d_03000_l_01000_p_00700,40.0,40.0,2.0,9.0,116,0.0,square-0-0,28,0.7
146,square,0000-0120,noise_sampled_s_1_m_08000_a_02000_d_03000_l_01000_p_00700,40.0,40.0,9.0,6.0,120,0.0,square-0-0,29,0.7
147,square,0000-0124,noise_sampled_s_1_m_08000_a_02000_d_03000_l_01000_p_00700,40.0,40.0,6.0,0.0,124,0.0,square-0-0,30,0.7
148,square,0000-0128,noise_sampled_s_1_m_08000_a_02000_d_03000_l_01000_p_00700,40.0,40.0,4.0,8.0,128,0.0,square-0-0,31,0.7
149,square,0000-0132,noise_sampled_s_1_m_08000_a_02000_d_03000_l_01000_p_00700,40.0,40.0,9.0,3.0,132,0.0,square-0-0,32,0.7
150,square,0000-0136,noise_sampled_s_1_m_08000_a_02000_d_03000_l_01000_p_00700,40.0,40.0,5.0,8.0,136,0.0,square-0-0,33,0.7
151,square,0000-0140,noise_sampled_s_1_m_08000_a_02000_d_03000_l_01000_p_00700,40.0,40.0,9.0,3.0,140,0.0,square-0-0,34,0.7
152,square,0000-0144,noise_sampled_s_1_m_08000_a_02000_d_03000_l_01000_p_00700,40.0,40.0,6.0,0.0,144,0.0,square-0-0,35,0.7
153,square,0000-0148,noise_sampled_s_1_m_08000_a_02000_d_03000_l_01000_p_00700,40.0,40.0,5.0,9.0,148,0.0,square-0-0,36,0.7
154,square,0000-0152,noise_sampled_s_1_m_08000_a_02000_d_03000_l_01000_p_00700,40.0,40.0,8.0,6.0,152,0.0,square-0-0,37,0.7
155,square,0000-0156,noise_sampled_s_1_m_08000_a_02000_d_03000_l_01000_p_00700,40.0,40.0,8.0,0.0,156,0.0,square-0-0,38,0.7
156,square,0000-0004,noise_sampled_s_1_m_08000_a_02000_d_03000_l_01000_p_00700,40.0,40.0,8.0,4.0,4,34.37746770784939,square-0-6,0,0.7
157,square,0000-0008,noise_sampled_s_1_m_08000_a_02000_d_03000_l_01000_p_00700,40.0,40.0,0.0,9.0,8,34.37746770784939,square-0-6,1,0.7
158,square,0000-0012,noise_sampled_s_1_m_08000_a_02000_d_03000_l_01000_p_00700,40.0,40.0,8.0,4.0,12,34.37746770784939,square-0-6,2,0.7
159,square,0000-0016,noise_sampled_s_1_m_08000_a_02000_d_03000_l_01000_p_00700,40.0,40.0,2.0,7.0,16,34.37746770784939,square-0-6,3,0.7
160,square,0000-0020,noise_sampled_s_1_m_08000_a_02000_d_03000_l_01000_p_00700,40.0,40.0,8.0,5.0,20,34.37746770784939,square-0-6,4,0.7
161,square,0000-0024,noise_sampled_s_1_m_08000_a_02000_d_03000_l_01000_p_00700,40.0,40.0,1.0,8.0,24,34.37746770784939,square-0-6,5,0.7
162,square,0000-0028,noise_sampled_s_1_m_08000_a_02000_d_03000_l_01000_p_00700,40.0,40.0,7.0,5.0,28,34.37746770784939,square-0-6,6,0.7
163,square,0000-0032,noise_sampled_s_1_m_08000_a_02000_d_03000_l_01000_p_00700,40.0,40.0,2.0,8.0,32,34.37746770784939,square-0-6,7,0.7
164,square,0000-0036,noise_sampled_s_1_m_08000_a_02000_d_03000_l_01000_p_00700,40.0,40.0,7.0,3.0,36,34.37746770784939,square-0-6,8,0.7
165,square,0000-0040,noise_sampled_s_1_m_08000_a_02000_d_03000_l_01000_p_00700,40.0,40.0,2.0,8.0,40,34.37746770784939,square-0-6,9,0.7
166,square,0000-0044,noise_sampled_s_1_m_08000_a_02000_d_03000_l_01000_p_00700,40.0,40.0,9.0,2.0,44,34.37746770784939,square-0-6,10,0.7
167,square,0000-0048,noise_sampled_s_1_m_08000_a_02000_d_03000_l_01000_p_00700,40.0,40.0,2.0,7.0,48,34.37746770784939,square-0-6,11,0.7
168,square,0000-0052,noise_sampled_s_1_m_08000_a_02000_d_03000_l_01000_p_00700,40.0,40.0,7.0,3.0,52,34.37746770784939,square-0-6,12,0.7
169,square,0000-0056,noise_sampled_s_1_m_08000_a_02000_d_03000_l_01000_p_00700,40.0,40.0,1.0,7.0,56,34.37746770784939,square-0-6,13,0.7
170,square,0000-0060,noise_sampled_s_1_m_08000_a_02000_d_03000_l_01000_p_00700,40.0,40.0,8.0,4.0,60,34.37746770784939,square-0-6,14,0.7
171,square,0000-0064,noise_sampled_s_1_m_08000_a_02000_d_03000_l_01000_p_00700,40.0,40.0,1.0,7.0,64,34.37746770784939,square-0-6,15,0.7
172,square,0000-0068,noise_sampled_s_1_m_08000_a_02000_d_03000_l_01000_p_00700,40.0,40.0,7.0,3.0,68,34.37746770784939,square-0-6,16,0.7
173,square,0000-0072,noise_sampled_s_1_m_08000_a_02000_d_03000_l_01000_p_00700,40.0,40.0,1.0,7.0,72,34.37746770784939,square-0-6,17,0.7
174,square,0000-0076,noise_sampled_s_1_m_08000_a_02000_d_03000_l_01000_p_00700,40.0,40.0,9.0,2.0,76,34.37746770784939,square-0-6,18,0.7
175,square,0000-0080,noise_sampled_s_1_m_08000_a_02000_d_03000_l_01000_p_00700,40.0,40.0,2.0,7.0,80,34.37746770784939,square-0-6,19,0.7
176,square,0000-0084,noise_sampled_s_1_m_08000_a_02000_d_03000_l_01000_p_00700,40.0,40.0,7.0,4.0,84,34.37746770784939,square-0-6,20,0.7
177,square,0000-0088,noise_sampled_s_1_m_08000_a_02000_d_03000_l_01000_p_00700,40.0,40.0,2.0,7.0,88,34.37746770784939,square-0-6,21,0.7
178,square,0000-0092,noise_sampled_s_1_m_08000_a_02000_d_03000_l_01000_p_00700,40.0,40.0,7.0,4.0,92,34.37746770784939,square-0-6,22,0.7
179,square,0000-0096,noise_sampled_s_1_m_08000_a_02000_d_03000_l_01000_p_00700,40.0,40.0,1.0,7.0,96,34.37746770784939,square-0-6,23,0.7
180,square,0000-0100,noise_sampled_s_1_m_08000_a_02000_d_03000_l_01000_p_00700,40.0,40.0,9.0,2.0,100,34.37746770784939,square-0-6,24,0.7
181,square,0000-0104,noise_sampled_s_1_m_08000_a_02000_d_03000_l_01000_p_00700,40.0,40.0,1.0,9.0,104,34.37746770784939,square-0-6,25,0.7
182,square,0000-0108,noise_sampled_s_1_m_08000_a_02000_d_03000_l_01000_p_00700,40.0,40.0,7.0,4.0,108,34.37746770784939,square-0-6,26,0.7
183,square,0000-0112,noise_sampled_s_1_m_08000_a_02000_d_03000_l_01000_p_00700,40.0,40.0,1.0,8.0,112,34.37746770784939,square-0-6,27,0.7
184,square,0000-0116,noise_sampled_s_1_m_08000_a_02000_d_03000_l_01000_p_00700,40.0,40.0,7.0,3.0,116,34.37746770784939,square-0-6,28,0.7
185,square,0000-0120,noise_sampled_s_1_m_08000_a_02000_d_03000_l_01000_p_00700,40.0,40.0,1.0,8.0,120,34.37746770784939,square-0-6,29,0.7
186,square,0000-0124,noise_sampled_s_1_m_08000_a_02000_d_03000_l_01000_p_00700,40.0,40.0,7.0,4.0,124,34.37746770784939,square-0-6,30,0.7
187,square,0000-0128,noise_sampled_s_1_m_08000_a_02000_d_03000_l_01000_p_00700,40.0,40.0,2.0,7.0,128,34.37746770784939,square-0-6,31,0.7
188,square,0000-0132,noise_sampled_s_1_m_08000_a_02000_d_03000_l_01000_p_00700,40.0,40.0,7.0,3.0,132,34.37746770784939,square-0-6,32,0.7
189,square,0000-0136,noise_sampled_s_1_m_08000_a_02000_d_03000_l_01000_p_00700,40.0,40.0,3.0,9.0,136,34.37746770784939,square-0-6,33,0.7
190,square,0000-0140,noise_sampled_s_1_m_08000_a_02000_d_03000_l_01000_p_00700,40.0,40.0,7.0,3.0,140,34.37746770784939,square-0-6,34,0.7
191,square,0000-0144,noise_sampled_s_1_m_08000_a_02000_d_03000_l_01000_p_00700,40.0,40.0,0.0,9.0,144,34.37746770784939,square-0-6,35,0.7
192,square,0000-0148,noise_sampled_s_1_m_08000_a_02000_d_03000_l_01000_p_00700,40.0,40.0,7.0,5.0,148,34.37746770784939,square-0-6,36,0.7
193,square,0000-0152,noise_sampled_s_1_m_08000_a_02000_d_03000_l_01000_p_00700,40.0,40.0,1.0,8.0,152,34.37746770784939,square-0-6,37,0.7
194,square,0000-0156,noise_sampled_s_1_m_08000_a_02000_d_03000_l_01000_p_00700,40.0,40.0,7.0,4.0,156,34.37746770784939,square-0-6,38,0.7
195,triangle,0000-0004,noise_sampled_s_1_m_08000_a_02000_d_03000_l_01000_p_00700,40.0,40.0,5.0,5.0,4,68.75493541569878,triangle-1-2,0,0.7
196,triangle,0000-0008,noise_sampled_s_1_m_08000_a_02000_d_03000_l_01000_p_00700,40.0,40.0,5.0,5.0,8,68.75493541569878,triangle-1-2,1,0.7
197,triangle,0000-0012,noise_sampled_s_1_m_08000_a_02000_d_03000_l_01000_p_00700,40.0,40.0,5.0,5.0,12,68.75493541569878,triangle-1-2,2,0.7
198,triangle,0000-0016,noise_sampled_s_1_m_08000_a_02000_d_03000_l_01000_p_00700,40.0,40.0,3.0,2.0,16,68.75493541569878,triangle-1-2,3,0.7
199,triangle,0000-0020,noise_sampled_s_1_m_08000_a_02000_d_03000_l_01000_p_00700,40.0,40.0,5.0,5.0,20,68.75493541569878,triangle-1-2,4,0.7
200,triangle,0000-0024,noise_sampled_s_1_m_08000_a_02000_d_03000_l_01000_p_00700,40.0,40.0,3.0,2.0,24,68.75493541569878,triangle-1-2,5,0.7
201,triangle,0000-0028,noise_sampled_s_1_m_08000_a_02000_d_03000_l_01000_p_00700,40.0,40.0,5.0,5.0,28,68.75493541569878,triangle-1-2,6,0.7
202,triangle,0000-0032,noise_sampled_s_1_m_08000_a_02000_d_03000_l_01000_p_00700,40.0,40.0,3.0,2.0,32,68.75493541569878,triangle-1-2,7,0.7
203,triangle,0000-0036,noise_sampled_s_1_m_08000_a_02000_d_03000_l_01000_p_00700,40.0,40.0,5.0,5.0,36,68.75493541569878,triangle-1-2,8,0.7
204,triangle,0000-0040,noise_sampled_s_1_m_08000_a_02000_d_03000_l_01000_p_00700,40.0,40.0,3.0,0.0,40,68.75493541569878,triangle-1-2,9,0.7
205,triangle,0000-0044,noise_sampled_s_1_m_08000_a_02000_d_03000_l_01000_p_00700,40.0,40.0,4.0,6.0,44,68.75493541569878,triangle-1-2,10,0.7
206,triangle,0000-0048,noise_sampled_s_1_m_08000_a_02000_d_03000_l_01000_p_00700,40.0,40.0,3.0,1.0,48,68.75493541569878,triangle-1-2,11,0.7
207,triangle,0000-0052,noise_sampled_s_1_m_08000_a_02000_d_03000_l_01000_p_00700,40.0,40.0,5.0,5.0,52,68.75493541569878,triangle-1-2,12,0.7
208,triangle,0000-0056,noise_sampled_s_1_m_08000_a_02000_d_03000_l_01000_p_00700,40.0,40.0,3.0,0.0,56,68.75493541569878,triangle-1-2,13,0.7
209,triangle,0000-0060,noise_sampled_s_1_m_08000_a_02000_d_03000_l_01000_p_00700,40.0,40.0,5.0,6.0,60,68.75493541569878,triangle-1-2,14,0.7
210,triangle,0000-0064,noise_sampled_s_1_m_08000_a_02000_d_03000_l_01000_p_00700,40.0,40.0,3.0,0.0,64,68.75493541569878,triangle-1-2,15,0.7
211,triangle,0000-0068,noise_sampled_s_1_m_08000_a_02000_d_03000_l_01000_p_00700,40.0,40.0,4.0,5.0,68,68.75493541569878,triangle-1-2,16,0.7
212,triangle,0000-0072,noise_sampled_s_1_m_08000_a_02000_d_03000_l_01000_p_00700,40.0,40.0,3.0,3.0,72,68.75493541569878,triangle-1-2,17,0.7
213,triangle,0000-0076,noise_sampled_s_1_m_08000_a_02000_d_03000_l_01000_p_00700,40.0,40.0,4.0,6.0,76,68.75493541569878,triangle-1-2,18,0.7
214,triangle,0000-0080,noise_sampled_s_1_m_08000_a_02000_d_03000_l_01000_p_00700,40.0,40.0,3.0,1.0,80,68.75493541569878,triangle-1-2,19,0.7
215,triangle,0000-0084,noise_sampled_s_1_m_08000_a_02000_d_03000_l_01000_p_00700,40.0,40.0,5.0,6.0,84,68.75493541569878,triangle-1-2,20,0.7
216,triangle,0000-0088,noise_sampled_s_1_m_08000_a_02000_d_03000_l_01000_p_00700,40.0,40.0,3.0,1.0,88,68.75493541569878,triangle-1-2,21,0.7
217,triangle,0000-0092,noise_sampled_s_1_m_08000_a_02000_d_03000_l_01000_p_00700,40.0,40.0,5.0,6.0,92,68.75493541569878,triangle-1-2,22,0.7
218,triangle,0000-0096,noise_sampled_s_1_m_08000_a_02000_d_03000_l_01000_p_00700,40.0,40.0,3.0,0.0,96,68.75493541569878,triangle-1-2,23,0.7
219,triangle,0000-0100,noise_sampled_s_1_m_08000_a_02000_d_03000_l_01000_p_00700,40.0,40.0,4.0,6.0,100,68.75493541569878,triangle-1-2,24,0.7
220,triangle,0000-0104,noise_sampled_s_1_m_08000_a_02000_d_03000_l_01000_p_00700,40.0,40.0,3.0,1.0,104,68.75493541569878,triangle-1-2,25,0.7
221,triangle,0000-0108,noise_sampled_s_1_m_08000_a_02000_d_03000_l_01000_p_00700,40.0,40.0,5.0,5.0,108,68.75493541569878,triangle-1-2,26,0.7
222,triangle,0000-0112,noise_sampled_s_1_m_08000_a_02000_d_03000_l_01000_p_00700,40.0,40.0,3.0,3.0,112,68.75493541569878,triangle-1-2,27,0.7
223,triangle,0000-0116,noise_sampled_s_1_m_08000_a_02000_d_03000_l_01000_p_00700,40.0,40.0,5.0,5.0,116,68.75493541569878,triangle-1-2,28,0.7
224,triangle,0000-0120,noise_sampled_s_1_m_08000_a_02000_d_03000_l_01000_p_00700,40.0,40.0,3.0,3.0,120,68.75493541569878,triangle-1-2,29,0.7
225,triangle,0000-0124,noise_sampled_s_1_m_08000_a_02000_d_03000_l_01000_p_00700,40.0,40.0,5.0,6.0,124,68.75493541569878,triangle-1-2,30,0.7
226,triangle,0000-0128,noise_sampled_s_1_m_08000_a_02000_d_03000_l_01000_p_00700,40.0,40.0,3.0,2.0,128,68.75493541569878,triangle-1-2,31,0.7
227,triangle,0000-0132,noise_sampled_s_1_m_08000_a_02000_d_03000_l_01000_p_00700,40.0,40.0,5.0,5.0,132,68.75493541569878,triangle-1-2,32,0.7
228,triangle,0000-0136,noise_sampled_s_1_m_08000_a_02000_d_03000_l_01000_p_00700,40.0,40.0,3.0,1.0,136,68.75493541569878,triangle-1-2,33,0.7
229,triangle,0000-0140,noise_sampled_s_1_m_08000_a_02000_d_03000_l_01000_p_00700,40.0,40.0,5.0,5.0,140,68.75493541569878,triangle-1-2,34,0.7
230,triangle,0000-0144,noise_sampled_s_1_m_08000_a_02000_d_03000_l_01000_p_00700,40.0,40.0,3.0,3.0,144,68.75493541569878,triangle-1-2,35,0.7
231,triangle,0000-0148,noise_sampled_s_1_m_08000_a_02000_d_03000_l_01000_p_00700,40.0,40.0,5.0,5.0,148,68.75493541569878,triangle-1-2,36,0.7
232,triangle,0000-0152,noise_sampled_s_1_m_08000_a_02000_d_03000_l_01000_p_00700,40.0,40.0,5.0,5.0,152,68.75493541569878,triangle-1-2,37,0.7
233,triangle,0000-0156,noise_sampled_s_1_m_08000_a_02000_d_03000_l_01000_p_00700,40.0,40.0,3.0,2.0,156,68.75493541569878,triangle-1-2,38,0.7
234,triangle,0000-0004,noise_sampled_s_1_m_08000_a_02000_d_03000_l_01000_p_00700,40.0,40.0,5.0,5.0,4,80.21409131831524,triangle-1-4,0,0.7
235,triangle,0000-0008,noise_sampled_s_1_m_08000_a_02000_d_03000_l_01000_p_00700,40.0,40.0,5.0,5.0,8,80.21409131831524,triangle-1-4,1,0.7
236,triangle,0000-0012,noise_sampled_s_1_m_08000_a_02000_d_03000_l_01000_p_00700,40.0,40.0,5.0,5.0,12,80.21409131831524,triangle-1-4,2,0.7
237,triangle,0000-0016,noise_sampled_s_1_m_08000_a_02000_d_03000_l_01000_p_00700,40.0,40.0,5.0,5.0,16,80.21409131831524,triangle-1-4,3,0.7
238,triangle,0000-0020,noise_sampled_s_1_m_08000_a_02000_d_03000_l_01000_p_00700,40.0,40.0,3.0,0.0,20,80.21409131831524,triangle-1-4,4,0.7
239,triangle,0000-0024,noise_sampled_s_1_m_08000_a_02000_d_03000_l_01000_p_00700,40.0,40.0,5.0,6.0,24,80.21409131831524,triangle-1-4,5,0.7
240,triangle,0000-0028,noise_sampled_s_1_m_08000_a_02000_d_03000_l_01000_p_00700,40.0,40.0,3.0,3.0,28,80.21409131831524,triangle-1-4,6,0.7
241,triangle,0000-0032,noise_sampled_s_1_m_08000_a_02000_d_03000_l_01000_p_00700,40.0,40.0,5.0,5.0,32,80.21409131831524,triangle-1-4,7,0.7
242,triangle,0000-0036,noise_sampled_s_1_m_08000_a_02000_d_03000_l_01000_p_00700,40.0,40.0,5.0,5.0,36,80.21409131831524,triangle-1-4,8,0.7
243,triangle,0000-0040,noise_sampled_s_1_m_08000_a_02000_d_03000_l_01000_p_00700,40.0,40.0,5.0,5.0,40,80.21409131831524,triangle-1-4,9,0.7
244,triangle,0000-0044,noise_sampled_s_1_m_08000_a_02000_d_03000_l_01000_p_00700,40.0,40.0,2.0,2.0,44,80.21409131831524,triangle-1-4,10,0.7
245,triangle,0000-0048,noise_sampled_s_1_m_08000_a_02000_d_03000_l_01000_p_00700,40.0,40.0,5.0,6.0,48,80.21409131831524,triangle-1-4,11,0.7
246,triangle,0000-0052,noise_sampled_s_1_m_08000_a_02000_d_03000_l_01000_p_00700,40.0,40.0,5.0,6.0,52,80.21409131831524,triangle-1-4,12,0.7
247,triangle,0000-0056,noise_sampled_s_1_m_08000_a_02000_d_03000_l_01000_p_00700,40.0,40.0,5.0,6.0,56,80.21409131831524,triangle-1-4,13,0.7
248,triangle,0000-0060,noise_sampled_s_1_m_08000_a_02000_d_03000_l_01000_p_00700,40.0,40.0,5.0,5.0,60,80.21409131831524,triangle-1-4,14,0.7
249,triangle,0000-0064,noise_sampled_s_1_m_08000_a_02000_d_03000_l_01000_p_00700,40.0,40.0,3.0,3.0,64,80.21409131831524,triangle-1-4,15,0.7
250,triangle,0000-0068,noise_sampled_s_1_m_08000_a_02000_d_03000_l_01000_p_00700,40.0,40.0,5.0,6.0,68,80.21409131831524,triangle-1-4,16,0.7
251,triangle,0000-0072,noise_sampled_s_1_m_08000_a_02000_d_03000_l_01000_p_00700,40.0,40.0,5.0,5.0,72,80.21409131831524,triangle-1-4,17,0.7
252,triangle,0000-0076,noise_sampled_s_1_m_08000_a_02000_d_03000_l_01000_p_00700,40.0,40.0,5.0,5.0,76,80.21409131831524,triangle-1-4,18,0.7
253,triangle,0000-0080,noise_sampled_s_1_m_08000_a_02000_d_03000_l_01000_p_00700,40.0,40.0,2.0,2.0,80,80.21409131831524,triangle-1-4,19,0.7
254,triangle,0000-0084,noise_sampled_s_1_m_08000_a_02000_d_03000_l_01000_p_00700,40.0,40.0,5.0,5.0,84,80.21409131831524,triangle-1-4,20,0.7
255,triangle,0000-0088,noise_sampled_s_1_m_08000_a_02000_d_03000_l_01000_p_00700,40.0,40.0,2.0,2.0,88,80.21409131831524,triangle-1-4,21,0.7
256,triangle,0000-0092,noise_sampled_s_1_m_08000_a_02000_d_03000_l_01000_p_00700,40.0,40.0,5.0,5.0,92,80.21409131831524,triangle-1-4,22,0.7
257,triangle,0000-0096,noise_sampled_s_1_m_08000_a_02000_d_03000_l_01000_p_00700,40.0,40.0,3.0,3.0,96,80.21409131831524,triangle-1-4,23,0.7
258,triangle,0000-0100,noise_sampled_s_1_m_08000_a_02000_d_03000_l_01000_p_00700,40.0,40.0,5.0,5.0,100,80.21409131831524,triangle-1-4,24,0.7
259,triangle,0000-0104,noise_sampled_s_1_m_08000_a_02000_d_03000_l_01000_p_00700,40.0,40.0,3.0,3.0,104,80.21409131831524,triangle-1-4,25,0.7
260,triangle,0000-0108,noise_sampled_s_1_m_08000_a_02000_d_03000_l_01000_p_00700,40.0,40.0,5.0,5.0,108,80.21409131831524,triangle-1-4,26,0.7
261,triangle,0000-0112,noise_sampled_s_1_m_08000_a_02000_d_03000_l_01000_p_00700,40.0,40.0,5.0,6.0,112,80.21409131831524,triangle-1-4,27,0.7
262,triangle,0000-0116,noise_sampled_s_1_m_08000_a_02000_d_03000_l_01000_p_00700,40.0,40.0,5.0,6.0,116,80.21409131831524,triangle-1-4,28,0.7
263,triangle,0000-0120,noise_sampled_s_1_m_08000_a_02000_d_03000_l_01000_p_00700,40.0,40.0,5.0,6.0,120,80.21409131831524,triangle-1-4,29,0.7
264,triangle,0000-0124,noise_sampled_s_1_m_08000_a_02000_d_03000_l_01000_p_00700,40.0,40.0,5.0,5.0,124,80.21409131831524,triangle-1-4,30,0.7
265,triangle,0000-0128,noise_sampled_s_1_m_08000_a_02000_d_03000_l_01000_p_00700,40.0,40.0,5.0,5.0,128,80.21409131831524,triangle-1-4,31,0.7
266,triangle,0000-0132,noise_sampled_s_1_m_08000_a_02000_d_03000_l_01000_p_00700,40.0,40.0,5.0,6.0,132,80.21409131831524,triangle-1-4,32,0.7
267,triangle,0000-0136,noise_sampled_s_1_m_08000_a_02000_d_03000_l_01000_p_00700,40.0,40.0,3.0,3.0,136,80.21409131831524,triangle-1-4,33,0.7
268,triangle,0000-0140,noise_sampled_s_1_m_08000_a_02000_d_03000_l_01000_p_00700,40.0,40.0,5.0,6.0,140,80.21409131831524,triangle-1-4,34,0.7
269,triangle,0000-0144,noise_sampled_s_1_m_08000_a_02000_d_03000_l_01000_p_00700,40.0,40.0,5.0,6.0,144,80.21409131831524,triangle-1-4,35,0.7
270,triangle,0000-0148,noise_sampled_s_1_m_08000_a_02000_d_03000_l_01000_p_00700,40.0,40.0,5.0,5.0,148,80.21409131831524,triangle-1-4,36,0.7
271,triangle,0000-0152,noise_sampled_s_1_m_08000_a_02000_d_03000_l_01000_p_00700,40.0,40.0,5.0,6.0,152,80.21409131831524,triangle-1-4,37,0.7
272,triangle,0000-0156,noise_sampled_s_1_m_08000_a_02000_d_03000_l_01000_p_00700,40.0,40.0,3.0,3.0,156,80.21409131831524,triangle-1-4,38,0.7
273,triangle,0000-0004,noise_sampled_s_1_m_08000_a_02000_d_03000_l_01000_p_00700,40.0,40.0,5.0,4.0,4,0.0,triangle-0-0,0,0.7
274,triangle,0000-0008,noise_sampled_s_1_m_08000_a_02000_d_03000_l_01000_p_00700,40.0,40.0,5.0,4.0,8,0.0,triangle-0-0,1,0.7
275,triangle,0000-0012,noise_sampled_s_1_m_08000_a_02000_d_03000_l_01000_p_00700,40.0,40.0,5.0,4.0,12,0.0,triangle-0-0,2,0.7
276,triangle,0000-0016,noise_sampled_s_1_m_08000_a_02000_d_03000_l_01000_p_00700,40.0,40.0,4.0,3.0,16,0.0,triangle-0-0,3,0.7
277,triangle,0000-0020,noise_sampled_s_1_m_08000_a_02000_d_03000_l_01000_p_00700,40.0,40.0,5.0,4.0,20,0.0,triangle-0-0,4,0.7
278,triangle,0000-0024,noise_sampled_s_1_m_08000_a_02000_d_03000_l_01000_p_00700,40.0,40.0,5.0,4.0,24,0.0,triangle-0-0,5,0.7
279,triangle,0000-0028,noise_sampled_s_1_m_08000_a_02000_d_03000_l_01000_p_00700,40.0,40.0,5.0,4.0,28,0.0,triangle-0-0,6,0.7
280,triangle,0000-0032,noise_sampled_s_1_m_08000_a_02000_d_03000_l_01000_p_00700,40.0,40.0,5.0,4.0,32,0.0,triangle-0-0,7,0.7
281,triangle,0000-0036,noise_sampled_s_1_m_08000_a_02000_d_03000_l_01000_p_00700,40.0,40.0,5.0,3.0,36,0.0,triangle-0-0,8,0.7
282,triangle,0000-0040,noise_sampled_s_1_m_08000_a_02000_d_03000_l_01000_p_00700,40.0,40.0,5.0,4.0,40,0.0,triangle-0-0,9,0.7
283,triangle,0000-0044,noise_sampled_s_1_m_08000_a_02000_d_03000_l_01000_p_00700,40.0,40.0,5.0,4.0,44,0.0,triangle-0-0,10,0.7
284,triangle,0000-0048,noise_sampled_s_1_m_08000_a_02000_d_03000_l_01000_p_00700,40.0,40.0,5.0,4.0,48,0.0,triangle-0-0,11,0.7
285,triangle,0000-0052,noise_sampled_s_1_m_08000_a_02000_d_03000_l_01000_p_00700,40.0,40.0,5.0,4.0,52,0.0,triangle-0-0,12,0.7
286,triangle,0000-0056,noise_sampled_s_1_m_08000_a_02000_d_03000_l_01000_p_00700,40.0,40.0,5.0,4.0,56,0.0,triangle-0-0,13,0.7
287,triangle,0000-0060,noise_sampled_s_1_m_08000_a_02000_d_03000_l_01000_p_00700,40.0,40.0,4.0,3.0,60,0.0,triangle-0-0,14,0.7
288,triangle,0000-0064,noise_sampled_s_1_m_08000_a_02000_d_03000_l_01000_p_00700,40.0,40.0,5.0,4.0,64,0.0,triangle-0-0,15,0.7
289,triangle,0000-0068,noise_sampled_s_1_m_08000_a_02000_d_03000_l_01000_p_00700,40.0,40.0,5.0,4.0,68,0.0,triangle-0-0,16,0.7
290,triangle,0000-0072,noise_sampled_s_1_m_08000_a_02000_d_03000_l_01000_p_00700,40.0,40.0,5.0,4.0,72,0.0,triangle-0-0,17,0.7
291,triangle,0000-0076,noise_sampled_s_1_m_08000_a_02000_d_03000_l_01000_p_00700,40.0,40.0,5.0,4.0,76,0.0,triangle-0-0,18,0.7
292,triangle,0000-0080,noise_sampled_s_1_m_08000_a_02000_d_03000_l_01000_p_00700,40.0,40.0,4.0,3.0,80,0.0,triangle-0-0,19,0.7
293,triangle,0000-0084,noise_sampled_s_1_m_08000_a_02000_d_03000_l_01000_p_00700,40.0,40.0,5.0,4.0,84,0.0,triangle-0-0,20,0.7
294,triangle,0000-0088,noise_sampled_s_1_m_08000_a_02000_d_03000_l_01000_p_00700,40.0,40.0,5.0,4.0,88,0.0,triangle-0-0,21,0.7
295,triangle,0000-0092,noise_sampled_s_1_m_08000_a_02000_d_03000_l_01000_p_00700,40.0,40.0,5.0,4.0,92,0.0,triangle-0-0,22,0.7
296,triangle,0000-0096,noise_sampled_s_1_m_08000_a_02000_d_03000_l_01000_p_00700,40.0,40.0,5.0,4.0,96,0.0,triangle-0-0,23,0.7
297,triangle,0000-0100,noise_sampled_s_1_m_08000_a_02000_d_03000_l_01000_p_00700,40.0,40.0,5.0,4.0,100,0.0,triangle-0-0,24,0.7
298,triangle,0000-0104,noise_sampled_s_1_m_08000_a_02000_d_03000_l_01000_p_00700,40.0,40.0,5.0,3.0,104,0.0,triangle-0-0,25,0.7
299,triangle,0000-0108,noise_sampled_s_1_m_08000_a_02000_d_03000_l_01000_p_00700,40.0,40.0,5.0,4.0,108,0.0,triangle-0-0,26,0.7
300,triangle,0000-0112,noise_sampled_s_1_m_08000_a_02000_d_03000_l_01000_p_00700,40.0,40.0,5.0,4.0,112,0.0,triangle-0-0,27,0.7
301,triangle,0000-0116,noise_sampled_s_1_m_08000_a_02000_d_03000_l_01000_p_00700,40.0,40.0,5.0,4.0,116,0.0,triangle-0-0,28,0.7
302,triangle,0000-0120,noise_sampled_s_1_m_08000_a_02000_d_03000_l_01000_p_00700,40.0,40.0,5.0,4.0,120,0.0,triangle-0-0,29,0.7
303,triangle,0000-0124,noise_sampled_s_1_m_08000_a_02000_d_03000_l_01000_p_00700,40.0,40.0,5.0,4.0,124,0.0,triangle-0-0,30,0.7
304,triangle,0000-0128,noise_sampled_s_1_m_08000_a_02000_d_03000_l_01000_p_00700,40.0,40.0,5.0,4.0,128,0.0,triangle-0-0,31,0.7
305,triangle,0000-0132,noise_sampled_s_1_m_08000_a_02000_d_03000_l_01000_p_00700,40.0,40.0,5.0,4.0,132,0.0,triangle-0-0,32,0.7
306,triangle,0000-0136,noise_sampled_s_1_m_08000_a_02000_d_03000_l_01000_p_00700,40.0,40.0,5.0,4.0,136,0.0,triangle-0-0,33,0.7
307,triangle,0000-0140,noise_sampled_s_1_m_08000_a_02000_d_03000_l_01000_p_00700,40.0,40.0,5.0,4.0,140,0.0,triangle-0-0,34,0.7
308,triangle,0000-0144,noise_sampled_s_1_m_08000_a_02000_d_03000_l_01000_p_00700,40.0,40.0,5.0,4.0,144,0.0,triangle-0-0,35,0.7
309,triangle,0000-0148,noise_sampled_s_1_m_08000_a_02000_d_03000_l_01000_p_00700,40.0,40.0,5.0,4.0,148,0.0,triangle-0-0,36,0.7
310,triangle,0000-0152,noise_sampled_s_1_m_08000_a_02000_d_03000_l_01000_p_00700,40.0,40.0,5.0,4.0,152,0.0,triangle-0-0,37,0.7
311,triangle,0000-0156,noise_sampled_s_1_m_08000_a_02000_d_03000_l_01000_p_00700,40.0,40.0,5.0,4.0,156,0.0,triangle-0-0,38,0.7
312,square,0000-0004,noise_sampled_s_1_m_08000_a_02000_d_03000_l_01000_p_00700,40.0,40.0,3.0,8.0,4,68.75493541569878,square-1-2,0,0.7
313,square,0000-0008,noise_sampled_s_1_m_08000_a_02000_d_03000_l_01000_p_00700,40.0,40.0,8.0,2.0,8,68.75493541569878,square-1-2,1,0.7
314,square,0000-0012,noise_sampled_s_1_m_08000_a_02000_d_03000_l_01000_p_00700,40.0,40.0,3.0,8.0,12,68.75493541569878,square-1-2,2,0.7
315,square,0000-0016,noise_sampled_s_1_m_08000_a_02000_d_03000_l_01000_p_00700,40.0,40.0,9.0,0.0,16,68.75493541569878,square-1-2,3,0.7
316,square,0000-0020,noise_sampled_s_1_m_08000_a_02000_d_03000_l_01000_p_00700,40.0,40.0,3.0,9.0,20,68.75493541569878,square-1-2,4,0.7
317,square,0000-0024,noise_sampled_s_1_m_08000_a_02000_d_03000_l_01000_p_00700,40.0,40.0,9.0,4.0,24,68.75493541569878,square-1-2,5,0.7
318,square,0000-0028,noise_sampled_s_1_m_08000_a_02000_d_03000_l_01000_p_00700,40.0,40.0,3.0,9.0,28,68.75493541569878,square-1-2,6,0.7
319,square,0000-0032,noise_sampled_s_1_m_08000_a_02000_d_03000_l_01000_p_00700,40.0,40.0,7.0,2.0,32,68.75493541569878,square-1-2,7,0.7
320,square,0000-0036,noise_sampled_s_1_m_08000_a_02000_d_03000_l_01000_p_00700,40.0,40.0,3.0,8.0,36,68.75493541569878,square-1-2,8,0.7
321,square,0000-0040,noise_sampled_s_1_m_08000_a_02000_d_03000_l_01000_p_00700,40.0,40.0,7.0,2.0,40,68.75493541569878,square-1-2,9,0.7
322,square,0000-0044,noise_sampled_s_1_m_08000_a_02000_d_03000_l_01000_p_00700,40.0,40.0,4.0,7.0,44,68.75493541569878,square-1-2,10,0.7
323,square,0000-0048,noise_sampled_s_1_m_08000_a_02000_d_03000_l_01000_p_00700,40.0,40.0,7.0,0.0,48,68.75493541569878,square-1-2,11,0.7
324,square,0000-0052,noise_sampled_s_1_m_08000_a_02000_d_03000_l_01000_p_00700,40.0,40.0,4.0,8.0,52,68.75493541569878,square-1-2,12,0.7
325,square,0000-0056,noise_sampled_s_1_m_08000_a_02000_d_03000_l_01000_p_00700,40.0,40.0,7.0,0.0,56,68.75493541569878,square-1-2,13,0.7
326,square,0000-0060,noise_sampled_s_1_m_08000_a_02000_d_03000_l_01000_p_00700,40.0,40.0,4.0,8.0,60,68.75493541569878,square-1-2,14,0.7
327,square,0000-0064,noise_sampled_s_1_m_08000_a_02000_d_03000_l_01000_p_00700,40.0,40.0,6.0,1.0,64,68.75493541569878,square-1-2,15,0.7
328,square,0000-0068,noise_sampled_s_1_m_08000_a_02000_d_03000_l_01000_p_00700,40.0,40.0,4.0,8.0,68,68.75493541569878,square-1-2,16,0.7
329,square,0000-0072,noise_sampled_s_1_m_08000_a_02000_d_03000_l_01000_p_00700,40.0,40.0,6.0,1.0,72,68.75493541569878,square-1-2,17,0.7
330,square,0000-0076,noise_sampled_s_1_m_08000_a_02000_d_03000_l_01000_p_00700,40.0,40.0,4.0,7.0,76,68.75493541569878,square-1-2,18,0.7
331,square,0000-0080,noise_sampled_s_1_m_08000_a_02000_d_03000_l_01000_p_00700,40.0,40.0,7.0,0.0,80,68.75493541569878,square-1-2,19,0.7
332,square,0000-0084,noise_sampled_s_1_m_08000_a_02000_d_03000_l_01000_p_00700,40.0,40.0,5.0,9.0,84,68.75493541569878,square-1-2,20,0.7
333,square,0000-0088,noise_sampled_s_1_m_08000_a_02000_d_03000_l_01000_p_00700,40.0,40.0,7.0,0.0,88,68.75493541569878,square-1-2,21,0.7
334,square,0000-0092,noise_sampled_s_1_m_08000_a_02000_d_03000_l_01000_p_00700,40.0,40.0,5.0,9.0,92,68.75493541569878,square-1-2,22,0.7
335,square,0000-0096,noise_sampled_s_1_m_08000_a_02000_d_03000_l_01000_p_00700,40.0,40.0,6.0,1.0,96,68.75493541569878,square-1-2,23,0.7
336,square,0000-0100,noise_sampled_s_1_m_08000_a_02000_d_03000_l_01000_p_00700,40.0,40.0,4.0,7.0,100,68.75493541569878,square-1-2,24,0.7
337,square,0000-0104,noise_sampled_s_1_m_08000_a_02000_d_03000_l_01000_p_00700,40.0,40.0,7.0,2.0,104,68.75493541569878,square-1-2,25,0.7
338,square,0000-0108,noise_sampled_s_1_m_08000_a_02000_d_03000_l_01000_p_00700,40.0,40.0,3.0,8.0,108,68.75493541569878,square-1-2,26,0.7
339,square,0000-0112,noise_sampled_s_1_m_08000_a_02000_d_03000_l_01000_p_00700,40.0,40.0,7.0,2.0,112,68.75493541569878,square-1-2,27,0.7
340,square,0000-0116,noise_sampled_s_1_m_08000_a_02000_d_03000_l_01000_p_00700,40.0,40.0,4.0,8.0,116,68.75493541569878,square-1-2,28,0.7
341,square,0000-0120,noise_sampled_s_1_m_08000_a_02000_d_03000_l_01000_p_00700,40.0,40.0,7.0,2.0,120,68.75493541569878,square-1-2,29,0.7
342,square,0000-0124,noise_sampled_s_1_m_08000_a_02000_d_03000_l_01000_p_00700,40.0,40.0,4.0,9.0,124,68.75493541569878,square-1-2,30,0.7
343,square,0000-0128,noise_sampled_s_1_m_08000_a_02000_d_03000_l_01000_p_00700,40.0,40.0,6.0,1.0,128,68.75493541569878,square-1-2,31,0.7
344,square,0000-0132,noise_sampled_s_1_m_08000_a_02000_d_03000_l_01000_p_00700,40.0,40.0,4.0,8.0,132,68.75493541569878,square-1-2,32,0.7
345,square,0000-0136,noise_sampled_s_1_m_08000_a_02000_d_03000_l_01000_p_00700,40.0,40.0,6.0,1.0,136,68.75493541569878,square-1-2,33,0.7
346,square,0000-0140,noise_sampled_s_1_m_08000_a_02000_d_03000_l_01000_p_00700,40.0,40.0,4.0,8.0,140,68.75493541569878,square-1-2,34,0.7
347,square,0000-0144,noise_sampled_s_1_m_08000_a_02000_d_03000_l_01000_p_00700,40.0,40.0,8.0,2.0,144,68.75493541569878,square-1-2,35,0.7
348,square,0000-0148,noise_sampled_s_1_m_08000_a_02000_d_03000_l_01000_p_00700,40.0,40.0,3.0,9.0,148,68.75493541569878,square-1-2,36,0.7
349,square,0000-0152,noise_sampled_s_1_m_08000_a_02000_d_03000_l_01000_p_00700,40.0,40.0,9.0,4.0,152,68.75493541569878,square-1-2,37,0.7
350,square,0000-0156,noise_sampled_s_1_m_08000_a_02000_d_03000_l_01000_p_00700,40.0,40.0,4.0,9.0,156,68.75493541569878,square-1-2,38,0.7
351,square,0000-0004,noise_sampled_s_1_m_08000_a_02000_d_03000_l_01000_p_00700,40.0,40.0,5.0,8.0,4,91.67324722093171,square-1-6,0,0.7
352,square,0000-0008,noise_sampled_s_1_m_08000_a_02000_d_03000_l_01000_p_00700,40.0,40.0,9.0,3.0,8,91.67324722093171,square-1-6,1,0.7
353,square,0000-0012,noise_sampled_s_1_m_08000_a_02000_d_03000_l_01000_p_00700,40.0,40.0,2.0,9.0,12,91.67324722093171,square-1-6,2,0.7
354,square,0000-0016,noise_sampled_s_1_m_08000_a_02000_d_03000_l_01000_p_00700,40.0,40.0,9.0,3.0,16,91.67324722093171,square-1-6,3,0.7
355,square,0000-0020,noise_sampled_s_1_m_08000_a_02000_d_03000_l_01000_p_00700,40.0,40.0,1.0,9.0,20,91.67324722093171,square-1-6,4,0.7
356,square,0000-0024,noise_sampled_s_1_m_08000_a_02000_d_03000_l_01000_p_00700,40.0,40.0,8.0,7.0,24,91.67324722093171,square-1-6,5,0.7
357,square,0000-0028,noise_sampled_s_1_m_08000_a_02000_d_03000_l_01000_p_00700,40.0,40.0,7.0,0.0,28,91.67324722093171,square-1-6,6,0.7
358,square,0000-0032,noise_sampled_s_1_m_08000_a_02000_d_03000_l_01000_p_00700,40.0,40.0,4.0,9.0,32,91.67324722093171,square-1-6,7,0.7
359,square,0000-0036,noise_sampled_s_1_m_08000_a_02000_d_03000_l_01000_p_00700,40.0,40.0,9.0,3.0,36,91.67324722093171,square-1-6,8,0.7
360,square,0000-0040,noise_sampled_s_1_m_08000_a_02000_d_03000_l_01000_p_00700,40.0,40.0,5.0,9.0,40,91.67324722093171,square-1-6,9,0.7
361,square,0000-0044,noise_sampled_s_1_m_08000_a_02000_d_03000_l_01000_p_00700,40.0,40.0,9.0,3.0,44,91.67324722093171,square-1-6,10,0.7
362,square,0000-0048,noise_sampled_s_1_m_08000_a_02000_d_03000_l_01000_p_00700,40.0,40.0,5.0,8.0,48,91.67324722093171,square-1-6,11,0.7
363,square,0000-0052,noise_sampled_s_1_m_08000_a_02000_d_03000_l_01000_p_00700,40.0,40.0,9.0,3.0,52,91.67324722093171,square-1-6,12,0.7
364,square,0000-0056,noise_sampled_s_1_m_08000_a_02000_d_03000_l_01000_p_00700,40.0,40.0,4.0,8.0,56,91.67324722093171,square-1-6,13,0.7
365,square,0000-0060,noise_sampled_s_1_m_08000_a_02000_d_03000_l_01000_p_00700,40.0,40.0,9.0,3.0,60,91.67324722093171,square-1-6,14,0.7
366,square,0000-0064,noise_sampled_s_1_m_08000_a_02000_d_03000_l_01000_p_00700,40.0,40.0,5.0,8.0,64,91.67324722093171,square-1-6,15,0.7
367,square,0000-0068,noise_sampled_s_1_m_08000_a_02000_d_03000_l_01000_p_00700,40.0,40.0,7.0,0.0,68,91.67324722093171,square-1-6,16,0.7
368,square,0000-0072,noise_sampled_s_1_m_08000_a_02000_d_03000_l_01000_p_00700,40.0,40.0,5.0,8.0,72,91.67324722093171,square-1-6,17,0.7
369,square,0000-0076,noise_sampled_s_1_m_08000_a_02000_d_03000_l_01000_p_00700,40.0,40.0,9.0,3.0,76,91.67324722093171,square-1-6,18,0.7
370,square,0000-0080,noise_sampled_s_1_m_08000_a_02000_d_03000_l_01000_p_00700,40.0,40.0,5.0,8.0,80,91.67324722093171,square-1-6,19,0.7
371,square,0000-0084,noise_sampled_s_1_m_08000_a_02000_d_03000_l_01000_p_00700,40.0,40.0,6.0,0.0,84,91.67324722093171,square-1-6,20,0.7
372,square,0000-0088,noise_sampled_s_1_m_08000_a_02000_d_03000_l_01000_p_00700,40.0,40.0,5.0,8.0,88,91.67324722093171,square-1-6,21,0.7
373,square,0000-0092,noise_sampled_s_1_m_08000_a_02000_d_03000_l_01000_p_00700,40.0,40.0,9.0,3.0,92,91.67324722093171,square-1-6,22,0.7
374,square,0000-0096,noise_sampled_s_1_m_08000_a_02000_d_03000_l_01000_p_00700,40.0,40.0,2.0,9.0,96,91.67324722093171,square-1-6,23,0.7
375,square,0000-0100,noise_sampled_s_1_m_08000_a_02000_d_03000_l_01000_p_00700,40.0,40.0,9.0,3.0,100,91.67324722093171,square-1-6,24,0.7
376,square,0000-0104,noise_sampled_s_1_m_08000_a_02000_d_03000_l_01000_p_00700,40.0,40.0,2.0,9.0,104,91.67324722093171,square-1-6,25,0.7
377,square,0000-0108,noise_sampled_s_1_m_08000_a_02000_d_03000_l_01000_p_00700,40.0,40.0,7.0,6.0,108,91.67324722093171,square-1-6,26,0.7
378,square,0000-0112,noise_sampled_s_1_m_08000_a_02000_d_03000_l_01000_p_00700,40.0,40.0,8.0,0.0,112,91.67324722093171,square-1-6,27,0.7
379,square,0000-0116,noise_sampled_s_1_m_08000_a_02000_d_03000_l_01000_p_00700,40.0,40.0,5.0,8.0,116,91.67324722093171,square-1-6,28,0.7
380,square,0000-0120,noise_sampled_s_1_m_08000_a_02000_d_03000_l_01000_p_00700,40.0,40.0,9.0,3.0,120,91.67324722093171,square-1-6,29,0.7
381,square,0000-0124,noise_sampled_s_1_m_08000_a_02000_d_03000_l_01000_p_00700,40.0,40.0,5.0,9.0,124,91.67324722093171,square-1-6,30,0.7
382,square,0000-0128,noise_sampled_s_1_m_08000_a_02000_d_03000_l_01000_p_00700,40.0,40.0,6.0,0.0,128,91.67324722093171,square-1-6,31,0.7
383,square,0000-0132,noise_sampled_s_1_m_08000_a_02000_d_03000_l_01000_p_00700,40.0,40.0,5.0,8.0,132,91.67324722093171,square-1-6,32,0.7
384,square,0000-0136,noise_sampled_s_1_m_08000_a_02000_d_03000_l_01000_p_00700,40.0,40.0,6.0,0.0,136,91.67324722093171,square-1-6,33,0.7
385,square,0000-0140,noise_sampled_s_1_m_08000_a_02000_d_03000_l_01000_p_00700,40.0,40.0,5.0,8.0,140,91.67324722093171,square-1-6,34,0.7
386,square,0000-0144,noise_sampled_s_1_m_08000_a_02000_d_03000_l_01000_p_00700,40.0,40.0,9.0,3.0,144,91.67324722093171,square-1-6,35,0.7
387,square,0000-0148,noise_sampled_s_1_m_08000_a_02000_d_03000_l_01000_p_00700,40.0,40.0,5.0,9.0,148,91.67324722093171,square-1-6,36,0.7
388,square,0000-0152,noise_sampled_s_1_m_08000_a_02000_d_03000_l_01000_p_00700,40.0,40.0,9.0,4.0,152,91.67324722093171,square-1-6,37,0.7
389,square,0000-0156,noise_sampled_s_1_m_08000_a_02000_d_03000_l_01000_p_00700,40.0,40.0,6.0,8.0,156,91.67324722093171,square-1-6,38,0.7
390,triangle,0000-0004,noise_sampled_s_1_m_08000_a_02000_d_03000_l_01000_p_00700,40.0,40.0,4.0,6.0,4,45.83662361046586,triangle-0-8,0,0.7
391,triangle,0000-0008,noise_sampled_s_1_m_08000_a_02000_d_03000_l_01000_p_00700,40.0,40.0,4.0,1.0,8,45.83662361046586,triangle-0-8,1,0.7
392,triangle,0000-0012,noise_sampled_s_1_m_08000_a_02000_d_03000_l_01000_p_00700,40.0,40.0,4.0,5.0,12,45.83662361046586,triangle-0-8,2,0.7
393,triangle,0000-0016,noise_sampled_s_1_m_08000_a_02000_d_03000_l_01000_p_00700,40.0,40.0,4.0,2.0,16,45.83662361046586,triangle-0-8,3,0.7
394,triangle,0000-0020,noise_sampled_s_1_m_08000_a_02000_d_03000_l_01000_p_00700,40.0,40.0,4.0,5.0,20,45.83662361046586,triangle-0-8,4,0.7
395,triangle,0000-0024,noise_sampled_s_1_m_08000_a_02000_d_03000_l_01000_p_00700,40.0,40.0,4.0,2.0,24,45.83662361046586,triangle-0-8,5,0.7
396,triangle,0000-0028,noise_sampled_s_1_m_08000_a_02000_d_03000_l_01000_p_00700,40.0,40.0,4.0,5.0,28,45.83662361046586,triangle-0-8,6,0.7
397,triangle,0000-0032,noise_sampled_s_1_m_08000_a_02000_d_03000_l_01000_p_00700,40.0,40.0,4.0,2.0,32,45.83662361046586,triangle-0-8,7,0.7
398,triangle,0000-0036,noise_sampled_s_1_m_08000_a_02000_d_03000_l_01000_p_00700,40.0,40.0,4.0,6.0,36,45.83662361046586,triangle-0-8,8,0.7
399,triangle,0000-0040,noise_sampled_s_1_m_08000_a_02000_d_03000_l_01000_p_00700,40.0,40.0,4.0,2.0,40,45.83662361046586,triangle-0-8,9,0.7
400,triangle,0000-0044,noise_sampled_s_1_m_08000_a_02000_d_03000_l_01000_p_00700,40.0,40.0,3.0,5.0,44,45.83662361046586,triangle-0-8,10,0.7
401,triangle,0000-0048,noise_sampled_s_1_m_08000_a_02000_d_03000_l_01000_p_00700,40.0,40.0,4.0,2.0,48,45.83662361046586,triangle-0-8,11,0.7
402,triangle,0000-0052,noise_sampled_s_1_m_08000_a_02000_d_03000_l_01000_p_00700,40.0,40.0,3.0,5.0,52,45.83662361046586,triangle-0-8,12,0.7
403,triangle,0000-0056,noise_sampled_s_1_m_08000_a_02000_d_03000_l_01000_p_00700,40.0,40.0,4.0,2.0,56,45.83662361046586,triangle-0-8,13,0.7
404,triangle,0000-0060,noise_sampled_s_1_m_08000_a_02000_d_03000_l_01000_p_00700,40.0,40.0,3.0,5.0,60,45.83662361046586,triangle-0-8,14,0.7
405,triangle,0000-0064,noise_sampled_s_1_m_08000_a_02000_d_03000_l_01000_p_00700,40.0,40.0,3.0,5.0,64,45.83662361046586,triangle-0-8,15,0.7
406,triangle,0000-0068,noise_sampled_s_1_m_08000_a_02000_d_03000_l_01000_p_00700,40.0,40.0,3.0,3.0,68,45.83662361046586,triangle-0-8,16,0.7
407,triangle,0000-0072,noise_sampled_s_1_m_08000_a_02000_d_03000_l_01000_p_00700,40.0,40.0,4.0,5.0,72,45.83662361046586,triangle-0-8,17,0.7
408,triangle,0000-0076,noise_sampled_s_1_m_08000_a_02000_d_03000_l_01000_p_00700,40.0,40.0,4.0,3.0,76,45.83662361046586,triangle-0-8,18,0.7
409,triangle,0000-0080,noise_sampled_s_1_m_08000_a_02000_d_03000_l_01000_p_00700,40.0,40.0,3.0,5.0,80,45.83662361046586,triangle-0-8,19,0.7
410,triangle,0000-0084,noise_sampled_s_1_m_08000_a_02000_d_03000_l_01000_p_00700,40.0,40.0,4.0,1.0,84,45.83662361046586,triangle-0-8,20,0.7
411,triangle,0000-0088,noise_sampled_s_1_m_08000_a_02000_d_03000_l_01000_p_00700,40.0,40.0,3.0,5.0,88,45.83662361046586,triangle-0-8,21,0.7
412,triangle,0000-0092,noise_sampled_s_1_m_08000_a_02000_d_03000_l_01000_p_00700,40.0,40.0,4.0,1.0,92,45.83662361046586,triangle-0-8,22,0.7
413,triangle,0000-0096,noise_sampled_s_1_m_08000_a_02000_d_03000_l_01000_p_00700,40.0,40.0,3.0,5.0,96,45.83662361046586,triangle-0-8,23,0.7
414,triangle,0000-0100,noise_sampled_s_1_m_08000_a_02000_d_03000_l_01000_p_00700,40.0,40.0,3.0,1.0,100,45.83662361046586,triangle-0-8,24,0.7
415,triangle,0000-0104,noise_sampled_s_1_m_08000_a_02000_d_03000_l_01000_p_00700,40.0,40.0,4.0,5.0,104,45.83662361046586,triangle-0-8,25,0.7
416,triangle,0000-0108,noise_sampled_s_1_m_08000_a_02000_d_03000_l_01000_p_00700,40.0,40.0,4.0,1.0,108,45.83662361046586,triangle-0-8,26,0.7
417,triangle,0000-0112,noise_sampled_s_1_m_08000_a_02000_d_03000_l_01000_p_00700,40.0,40.0,4.0,5.0,112,45.83662361046586,triangle-0-8,27,0.7
418,triangle,0000-0116,noise_sampled_s_1_m_08000_a_02000_d_03000_l_01000_p_00700,40.0,40.0,4.0,2.0,116,45.83662361046586,triangle-0-8,28,0.7
419,triangle,0000-0120,noise_sampled_s_1_m_08000_a_02000_d_03000_l_01000_p_00700,40.0,40.0,4.0,4.0,120,45.83662361046586,triangle-0-8,29,0.7
420,triangle,0000-0124,noise_sampled_s_1_m_08000_a_02000_d_03000_l_01000_p_00700,40.0,40.0,4.0,1.0,124,45.83662361046586,triangle-0-8,30,0.7
421,triangle,0000-0128,noise_sampled_s_1_m_08000_a_02000_d_03000_l_01000_p_00700,40.0,40.0,3.0,5.0,128,45.83662361046586,triangle-0-8,31,0.7
422,triangle,0000-0132,noise_sampled_s_1_m_08000_a_02000_d_03000_l_01000_p_00700,40.0,40.0,4.0,2.0,132,45.83662361046586,triangle-0-8,32,0.7
423,triangle,0000-0136,noise_sampled_s_1_m_08000_a_02000_d_03000_l_01000_p_00700,40.0,40.0,4.0,6.0,136,45.83662361046586,triangle-0-8,33,0.7
424,triangle,0000-0140,noise_sampled_s_1_m_08000_a_02000_d_03000_l_01000_p_00700,40.0,40.0,4.0,2.0,140,45.83662361046586,triangle-0-8,34,0.7
425,triangle,0000-0144,noise_sampled_s_1_m_08000_a_02000_d_03000_l_01000_p_00700,40.0,40.0,4.0,5.0,144,45.83662361046586,triangle-0-8,35,0.7
426,triangle,0000-0148,noise_sampled_s_1_m_08000_a_02000_d_03000_l_01000_p_00700,40.0,40.0,4.0,1.0,148,45.83662361046586,triangle-0-8,36,0.7
427,triangle,0000-0152,noise_sampled_s_1_m_08000_a_02000_d_03000_l_01000_p_00700,40.0,40.0,4.0,5.0,152,45.83662361046586,triangle-0-8,37,0.7
428,triangle,0000-0156,noise_sampled_s_1_m_08000_a_02000_d_03000_l_01000_p_00700,40.0,40.0,4.0,1.0,156,45.83662361046586,triangle-0-8,38,0.7
429,square,0000-0004,noise_sampled_s_1_m_08000_a_02000_d_03000_l_01000_p_00700,40.0,40.0,7.0,2.0,4,57.29577951308232,square-1-0,0,0.7
430,square,0000-0008,noise_sampled_s_1_m_08000_a_02000_d_03000_l_01000_p_00700,40.0,40.0,2.0,8.0,8,57.29577951308232,square-1-0,1,0.7
431,square,0000-0012,noise_sampled_s_1_m_08000_a_02000_d_03000_l_01000_p_00700,40.0,40.0,7.0,2.0,12,57.29577951308232,square-1-0,2,0.7
432,square,0000-0016,noise_sampled_s_1_m_08000_a_02000_d_03000_l_01000_p_00700,40.0,40.0,3.0,7.0,16,57.29577951308232,square-1-0,3,0.7
433,square,0000-0020,noise_sampled_s_1_m_08000_a_02000_d_03000_l_01000_p_00700,40.0,40.0,7.0,3.0,20,57.29577951308232,square-1-0,4,0.7
434,square,0000-0024,noise_sampled_s_1_m_08000_a_02000_d_03000_l_01000_p_00700,40.0,40.0,3.0,9.0,24,57.29577951308232,square-1-0,5,0.7
435,square,0000-0028,noise_sampled_s_1_m_08000_a_02000_d_03000_l_01000_p_00700,40.0,40.0,9.0,4.0,28,57.29577951308232,square-1-0,6,0.7
436,square,0000-0032,noise_sampled_s_1_m_08000_a_02000_d_03000_l_01000_p_00700,40.0,40.0,3.0,9.0,32,57.29577951308232,square-1-0,7,0.7
437,square,0000-0036,noise_sampled_s_1_m_08000_a_02000_d_03000_l_01000_p_00700,40.0,40.0,7.0,2.0,36,57.29577951308232,square-1-0,8,0.7
438,square,0000-0040,noise_sampled_s_1_m_08000_a_02000_d_03000_l_01000_p_00700,40.0,40.0,3.0,9.0,40,57.29577951308232,square-1-0,9,0.7
439,square,0000-0044,noise_sampled_s_1_m_08000_a_02000_d_03000_l_01000_p_00700,40.0,40.0,7.0,1.0,44,57.29577951308232,square-1-0,10,0.7
440,square,0000-0048,noise_sampled_s_1_m_08000_a_02000_d_03000_l_01000_p_00700,40.0,40.0,3.0,7.0,48,57.29577951308232,square-1-0,11,0.7
441,square,0000-0052,noise_sampled_s_1_m_08000_a_02000_d_03000_l_01000_p_00700,40.0,40.0,8.0,2.0,52,57.29577951308232,square-1-0,12,0.7
442,square,0000-0056,noise_sampled_s_1_m_08000_a_02000_d_03000_l_01000_p_00700,40.0,40.0,3.0,7.0,56,57.29577951308232,square-1-0,13,0.7
443,square,0000-0060,noise_sampled_s_1_m_08000_a_02000_d_03000_l_01000_p_00700,40.0,40.0,7.0,2.0,60,57.29577951308232,square-1-0,14,0.7
444,square,0000-0064,noise_sampled_s_1_m_08000_a_02000_d_03000_l_01000_p_00700,40.0,40.0,3.0,7.0,64,57.29577951308232,square-1-0,15,0.7
445,square,0000-0068,noise_sampled_s_1_m_08000_a_02000_d_03000_l_01000_p_00700,40.0,40.0,9.0,1.0,68,57.29577951308232,square-1-0,16,0.7
446,square,0000-0072,noise_sampled_s_1_m_08000_a_02000_d_03000_l_01000_p_00700,40.0,40.0,2.0,7.0,72,57.29577951308232,square-1-0,17,0.7
447,square,0000-0076,noise_sampled_s_1_m_08000_a_02000_d_03000_l_01000_p_00700,40.0,40.0,9.0,1.0,76,57.29577951308232,square-1-0,18,0.7
448,square,0000-0080,noise_sampled_s_1_m_08000_a_02000_d_03000_l_01000_p_00700,40.0,40.0,3.0,7.0,80,57.29577951308232,square-1-0,19,0.7
449,square,0000-0084,noise_sampled_s_1_m_08000_a_02000_d_03000_l_01000_p_00700,40.0,40.0,7.0,2.0,84,57.29577951308232,square-1-0,20,0.7
450,square,0000-0088,noise_sampled_s_1_m_08000_a_02000_d_03000_l_01000_p_00700,40.0,40.0,3.0,7.0,88,57.29577951308232,square-1-0,21,0.7
451,square,0000-0092,noise_sampled_s_1_m_08000_a_02000_d_03000_l_01000_p_00700,40.0,40.0,7.0,2.0,92,57.29577951308232,square-1-0,22,0.7
452,square,0000-0096,noise_sampled_s_1_m_08000_a_02000_d_03000_l_01000_p_00700,40.0,40.0,2.0,7.0,96,57.29577951308232,square-1-0,23,0.7
453,square,0000-0100,noise_sampled_s_1_m_08000_a_02000_d_03000_l_01000_p_00700,40.0,40.0,9.0,1.0,100,57.29577951308232,square-1-0,24,0.7
454,square,0000-0104,noise_sampled_s_1_m_08000_a_02000_d_03000_l_01000_p_00700,40.0,40.0,3.0,9.0,104,57.29577951308232,square-1-0,25,0.7
455,square,0000-0108,noise_sampled_s_1_m_08000_a_02000_d_03000_l_01000_p_00700,40.0,40.0,7.0,2.0,108,57.29577951308232,square-1-0,26,0.7
456,square,0000-0112,noise_sampled_s_1_m_08000_a_02000_d_03000_l_01000_p_00700,40.0,40.0,4.0,9.0,112,57.29577951308232,square-1-0,27,0.7
457,square,0000-0116,noise_sampled_s_1_m_08000_a_02000_d_03000_l_01000_p_00700,40.0,40.0,7.0,2.0,116,57.29577951308232,square-1-0,28,0.7
458,square,0000-0120,noise_sampled_s_1_m_08000_a_02000_d_03000_l_01000_p_00700,40.0,40.0,2.0,8.0,120,57.29577951308232,square-1-0,29,0.7
459,square,0000-0124,noise_sampled_s_1_m_08000_a_02000_d_03000_l_01000_p_00700,40.0,40.0,7.0,3.0,124,57.29577951308232,square-1-0,30,0.7
460,square,0000-0128,noise_sampled_s_1_m_08000_a_02000_d_03000_l_01000_p_00700,40.0,40.0,4.0,8.0,128,57.29577951308232,square-1-0,31,0.7
461,square,0000-0132,noise_sampled_s_1_m_08000_a_02000_d_03000_l_01000_p_00700,40.0,40.0,8.0,2.0,132,57.29577951308232,square-1-0,32,0.7
462,square,0000-0136,noise_sampled_s_1_m_08000_a_02000_d_03000_l_01000_p_00700,40.0,40.0,4.0,9.0,136,57.29577951308232,square-1-0,33,0.7
463,square,0000-0140,noise_sampled_s_1_m_08000_a_02000_d_03000_l_01000_p_00700,40.0,40.0,7.0,2.0,140,57.29577951308232,square-1-0,34,0.7
464,square,0000-0144,noise_sampled_s_1_m_08000_a_02000_d_03000_l_01000_p_00700,40.0,40.0,2.0,8.0,144,57.29577951308232,square-1-0,35,0.7
465,square,0000-0148,noise_sampled_s_1_m_08000_a_02000_d_03000_l_01000_p_00700,40.0,40.0,7.0,3.0,148,57.29577951308232,square-1-0,36,0.7
466,square,0000-0152,noise_sampled_s_1_m_08000_a_02000_d_03000_l_01000_p_00700,40.0,40.0,2.0,8.0,152,57.29577951308232,square-1-0,37,0.7
467,square,0000-0156,noise_sampled_s_1_m_08000_a_02000_d_03000_l_01000_p_00700,40.0,40.0,7.0,3.0,156,57.29577951308232,square-1-0,38,0.7
468,triangle,0000-0004,noise_sampled_s_1_m_08000_a_02000_d_03000_l_01000_p_00700,40.0,40.0,3.0,6.0,4,34.37746770784939,triangle-0-6,0,0.7
469,triangle,0000-0008,noise_sampled_s_1_m_08000_a_02000_d_03000_l_01000_p_00700,40.0,40.0,5.0,3.0,8,34.37746770784939,triangle-0-6,1,0.7
470,triangle,0000-0012,noise_sampled_s_1_m_08000_a_02000_d_03000_l_01000_p_00700,40.0,40.0,4.0,3.0,12,34.37746770784939,triangle-0-6,2,0.7
471,triangle,0000-0016,noise_sampled_s_1_m_08000_a_02000_d_03000_l_01000_p_00700,40.0,40.0,2.0,4.0,16,34.37746770784939,triangle-0-6,3,0.7
472,triangle,0000-0020,noise_sampled_s_1_m_08000_a_02000_d_03000_l_01000_p_00700,40.0,40.0,4.0,4.0,20,34.37746770784939,triangle-0-6,4,0.7
473,triangle,0000-0024,noise_sampled_s_1_m_08000_a_02000_d_03000_l_01000_p_00700,40.0,40.0,5.0,3.0,24,34.37746770784939,triangle-0-6,5,0.7
474,triangle,0000-0028,noise_sampled_s_1_m_08000_a_02000_d_03000_l_01000_p_00700,40.0,40.0,3.0,5.0,28,34.37746770784939,triangle-0-6,6,0.7
475,triangle,0000-0032,noise_sampled_s_1_m_08000_a_02000_d_03000_l_01000_p_00700,40.0,40.0,4.0,2.0,32,34.37746770784939,triangle-0-6,7,0.7
476,triangle,0000-0036,noise_sampled_s_1_m_08000_a_02000_d_03000_l_01000_p_00700,40.0,40.0,3.0,6.0,36,34.37746770784939,triangle-0-6,8,0.7
477,triangle,0000-0040,noise_sampled_s_1_m_08000_a_02000_d_03000_l_01000_p_00700,40.0,40.0,5.0,3.0,40,34.37746770784939,triangle-0-6,9,0.7
478,triangle,0000-0044,noise_sampled_s_1_m_08000_a_02000_d_03000_l_01000_p_00700,40.0,40.0,2.0,5.0,44,34.37746770784939,triangle-0-6,10,0.7
479,triangle,0000-0048,noise_sampled_s_1_m_08000_a_02000_d_03000_l_01000_p_00700,40.0,40.0,4.0,2.0,48,34.37746770784939,triangle-0-6,11,0.7
480,triangle,0000-0052,noise_sampled_s_1_m_08000_a_02000_d_03000_l_01000_p_00700,40.0,40.0,3.0,5.0,52,34.37746770784939,triangle-0-6,12,0.7
481,triangle,0000-0056,noise_sampled_s_1_m_08000_a_02000_d_03000_l_01000_p_00700,40.0,40.0,4.0,3.0,56,34.37746770784939,triangle-0-6,13,0.7
482,triangle,0000-0060,noise_sampled_s_1_m_08000_a_02000_d_03000_l_01000_p_00700,40.0,40.0,2.0,5.0,60,34.37746770784939,triangle-0-6,14,0.7
483,triangle,0000-0064,noise_sampled_s_1_m_08000_a_02000_d_03000_l_01000_p_00700,40.0,40.0,4.0,4.0,64,34.37746770784939,triangle-0-6,15,0.7
484,triangle,0000-0068,noise_sampled_s_1_m_08000_a_02000_d_03000_l_01000_p_00700,40.0,40.0,4.0,2.0,68,34.37746770784939,triangle-0-6,16,0.7
485,triangle,0000-0072,noise_sampled_s_1_m_08000_a_02000_d_03000_l_01000_p_00700,40.0,40.0,3.0,6.0,72,34.37746770784939,triangle-0-6,17,0.7
486,triangle,0000-0076,noise_sampled_s_1_m_08000_a_02000_d_03000_l_01000_p_00700,40.0,40.0,4.0,3.0,76,34.37746770784939,triangle-0-6,18,0.7
487,triangle,0000-0080,noise_sampled_s_1_m_08000_a_02000_d_03000_l_01000_p_00700,40.0,40.0,2.0,4.0,80,34.37746770784939,triangle-0-6,19,0.7
488,triangle,0000-0084,noise_sampled_s_1_m_08000_a_02000_d_03000_l_01000_p_00700,40.0,40.0,4.0,2.0,84,34.37746770784939,triangle-0-6,20,0.7
489,triangle,0000-0088,noise_sampled_s_1_m_08000_a_02000_d_03000_l_01000_p_00700,40.0,40.0,2.0,5.0,88,34.37746770784939,triangle-0-6,21,0.7
490,triangle,0000-0092,noise_sampled_s_1_m_08000_a_02000_d_03000_l_01000_p_00700,40.0,40.0,4.0,2.0,92,34.37746770784939,triangle-0-6,22,0.7
491,triangle,0000-0096,noise_sampled_s_1_m_08000_a_02000_d_03000_l_01000_p_00700,40.0,40.0,2.0,5.0,96,34.37746770784939,triangle-0-6,23,0.7
492,triangle,0000-0100,noise_sampled_s_1_m_08000_a_02000_d_03000_l_01000_p_00700,40.0,40.0,4.0,2.0,100,34.37746770784939,triangle-0-6,24,0.7
493,triangle,0000-0104,noise_sampled_s_1_m_08000_a_02000_d_03000_l_01000_p_00700,40.0,40.0,4.0,5.0,104,34.37746770784939,triangle-0-6,25,0.7
494,triangle,0000-0108,noise_sampled_s_1_m_08000_a_02000_d_03000_l_01000_p_00700,40.0,40.0,5.0,3.0,108,34.37746770784939,triangle-0-6,26,0.7
495,triangle,0000-0112,noise_sampled_s_1_m_08000_a_02000_d_03000_l_01000_p_00700,40.0,40.0,3.0,5.0,112,34.37746770784939,triangle-0-6,27,0.7
496,triangle,0000-0116,noise_sampled_s_1_m_08000_a_02000_d_03000_l_01000_p_00700,40.0,40.0,4.0,3.0,116,34.37746770784939,triangle-0-6,28,0.7
497,triangle,0000-0120,noise_sampled_s_1_m_08000_a_02000_d_03000_l_01000_p_00700,40.0,40.0,5.0,3.0,120,34.37746770784939,triangle-0-6,29,0.7
498,triangle,0000-0124,noise_sampled_s_1_m_08000_a_02000_d_03000_l_01000_p_00700,40.0,40.0,4.0,4.0,124,34.37746770784939,triangle-0-6,30,0.7
499,triangle,0000-0128,noise_sampled_s_1_m_08000_a_02000_d_03000_l_01000_p_00700,40.0,40.0,4.0,3.0,128,34.37746770784939,triangle-0-6,31,0.7
500,triangle,0000-0132,noise_sampled_s_1_m_08000_a_02000_d_03000_l_01000_p_00700,40.0,40.0,3.0,5.0,132,34.37746770784939,triangle-0-6,32,0.7
501,triangle,0000-0136,noise_sampled_s_1_m_08000_a_02000_d_03000_l_01000_p_00700,40.0,40.0,5.0,3.0,136,34.37746770784939,triangle-0-6,33,0.7
502,triangle,0000-0140,noise_sampled_s_1_m_08000_a_02000_d_03000_l_01000_p_00700,40.0,40.0,3.0,4.0,140,34.37746770784939,triangle-0-6,34,0.7
503,triangle,0000-0144,noise_sampled_s_1_m_08000_a_02000_d_03000_l_01000_p_00700,40.0,40.0,5.0,3.0,144,34.37746770784939,triangle-0-6,35,0.7
504,triangle,0000-0148,noise_sampled_s_1_m_08000_a_02000_d_03000_l_01000_p_00700,40.0,40.0,4.0,4.0,148,34.37746770784939,triangle-0-6,36,0.7
505,triangle,0000-0152,noise_sampled_s_1_m_08000_a_02000_d_03000_l_01000_p_00700,40.0,40.0,5.0,3.0,152,34.37746770784939,triangle-0-6,37,0.7
506,triangle,0000-0156,noise_sampled_s_1_m_08000_a_02000_d_03000_l_01000_p_00700,40.0,40.0,3.0,5.0,156,34.37746770784939,triangle-0-6,38,0.7
507,square,0000-0004,noise_sampled_s_1_m_08000_a_02000_d_03000_l_01000_p_00700,40.0,40.0,7.0,3.0,4,45.83662361046586,square-0-8,0,0.7
508,square,0000-0008,noise_sampled_s_1_m_08000_a_02000_d_03000_l_01000_p_00700,40.0,40.0,1.0,9.0,8,45.83662361046586,square-0-8,1,0.7
509,square,0000-0012,noise_sampled_s_1_m_08000_a_02000_d_03000_l_01000_p_00700,40.0,40.0,7.0,3.0,12,45.83662361046586,square-0-8,2,0.7
510,square,0000-0016,noise_sampled_s_1_m_08000_a_02000_d_03000_l_01000_p_00700,40.0,40.0,2.0,7.0,16,45.83662361046586,square-0-8,3,0.7
511,square,0000-0020,noise_sampled_s_1_m_08000_a_02000_d_03000_l_01000_p_00700,40.0,40.0,7.0,4.0,20,45.83662361046586,square-0-8,4,0.7
512,square,0000-0024,noise_sampled_s_1_m_08000_a_02000_d_03000_l_01000_p_00700,40.0,40.0,3.0,9.0,24,45.83662361046586,square-0-8,5,0.7
513,square,0000-0028,noise_sampled_s_1_m_08000_a_02000_d_03000_l_01000_p_00700,40.0,40.0,7.0,4.0,28,45.83662361046586,square-0-8,6,0.7
514,square,0000-0032,noise_sampled_s_1_m_08000_a_02000_d_03000_l_01000_p_00700,40.0,40.0,3.0,9.0,32,45.83662361046586,square-0-8,7,0.7
515,square,0000-0036,noise_sampled_s_1_m_08000_a_02000_d_03000_l_01000_p_00700,40.0,40.0,7.0,3.0,36,45.83662361046586,square-0-8,8,0.7
516,square,0000-0040,noise_sampled_s_1_m_08000_a_02000_d_03000_l_01000_p_00700,40.0,40.0,3.0,9.0,40,45.83662361046586,square-0-8,9,0.7
517,square,0000-0044,noise_sampled_s_1_m_08000_a_02000_d_03000_l_01000_p_00700,40.0,40.0,9.0,2.0,44,45.83662361046586,square-0-8,10,0.7
518,square,0000-0048,noise_sampled_s_1_m_08000_a_02000_d_03000_l_01000_p_00700,40.0,40.0,2.0,7.0,48,45.83662361046586,square-0-8,11,0.7
519,square,0000-0052,noise_sampled_s_1_m_08000_a_02000_d_03000_l_01000_p_00700,40.0,40.0,7.0,3.0,52,45.83662361046586,square-0-8,12,0.7
520,square,0000-0056,noise_sampled_s_1_m_08000_a_02000_d_03000_l_01000_p_00700,40.0,40.0,2.0,7.0,56,45.83662361046586,square-0-8,13,0.7
521,square,0000-0060,noise_sampled_s_1_m_08000_a_02000_d_03000_l_01000_p_00700,40.0,40.0,7.0,2.0,60,45.83662361046586,square-0-8,14,0.7
522,square,0000-0064,noise_sampled_s_1_m_08000_a_02000_d_03000_l_01000_p_00700,40.0,40.0,2.0,7.0,64,45.83662361046586,square-0-8,15,0.7
523,square,0000-0068,noise_sampled_s_1_m_08000_a_02000_d_03000_l_01000_p_00700,40.0,40.0,8.0,2.0,68,45.83662361046586,square-0-8,16,0.7
524,square,0000-0072,noise_sampled_s_1_m_08000_a_02000_d_03000_l_01000_p_00700,40.0,40.0,2.0,7.0,72,45.83662361046586,square-0-8,17,0.7
525,square,0000-0076,noise_sampled_s_1_m_08000_a_02000_d_03000_l_01000_p_00700,40.0,40.0,8.0,2.0,76,45.83662361046586,square-0-8,18,0.7
526,square,0000-0080,noise_sampled_s_1_m_08000_a_02000_d_03000_l_01000_p_00700,40.0,40.0,2.0,7.0,80,45.83662361046586,square-0-8,19,0.7
527,square,0000-0084,noise_sampled_s_1_m_08000_a_02000_d_03000_l_01000_p_00700,40.0,40.0,7.0,3.0,84,45.83662361046586,square-0-8,20,0.7
528,square,0000-0088,noise_sampled_s_1_m_08000_a_02000_d_03000_l_01000_p_00700,40.0,40.0,2.0,7.0,88,45.83662361046586,square-0-8,21,0.7
529,square,0000-0092,noise_sampled_s_1_m_08000_a_02000_d_03000_l_01000_p_00700,40.0,40.0,7.0,3.0,92,45.83662361046586,square-0-8,22,0.7
530,square,0000-0096,noise_sampled_s_1_m_08000_a_02000_d_03000_l_01000_p_00700,40.0,40.0,2.0,7.0,96,45.83662361046586,square-0-8,23,0.7
531,square,0000-0100,noise_sampled_s_1_m_08000_a_02000_d_03000_l_01000_p_00700,40.0,40.0,9.0,2.0,100,45.83662361046586,square-0-8,24,0.7
532,square,0000-0104,noise_sampled_s_1_m_08000_a_02000_d_03000_l_01000_p_00700,40.0,40.0,2.0,9.0,104,45.83662361046586,square-0-8,25,0.7
533,square,0000-0108,noise_sampled_s_1_m_08000_a_02000_d_03000_l_01000_p_00700,40.0,40.0,7.0,3.0,108,45.83662361046586,square-0-8,26,0.7
534,square,0000-0112,noise_sampled_s_1_m_08000_a_02000_d_03000_l_01000_p_00700,40.0,40.0,2.0,8.0,112,45.83662361046586,square-0-8,27,0.7
535,square,0000-0116,noise_sampled_s_1_m_08000_a_02000_d_03000_l_01000_p_00700,40.0,40.0,7.0,3.0,116,45.83662361046586,square-0-8,28,0.7
536,square,0000-0120,noise_sampled_s_1_m_08000_a_02000_d_03000_l_01000_p_00700,40.0,40.0,3.0,9.0,120,45.83662361046586,square-0-8,29,0.7
537,square,0000-0124,noise_sampled_s_1_m_08000_a_02000_d_03000_l_01000_p_00700,40.0,40.0,8.0,4.0,124,45.83662361046586,square-0-8,30,0.7
538,square,0000-0128,noise_sampled_s_1_m_08000_a_02000_d_03000_l_01000_p_00700,40.0,40.0,2.0,7.0,128,45.83662361046586,square-0-8,31,0.7
539,square,0000-0132,noise_sampled_s_1_m_08000_a_02000_d_03000_l_01000_p_00700,40.0,40.0,7.0,3.0,132,45.83662361046586,square-0-8,32,0.7
540,square,0000-0136,noise_sampled_s_1_m_08000_a_02000_d_03000_l_01000_p_00700,40.0,40.0,2.0,7.0,136,45.83662361046586,square-0-8,33,0.7
541,square,0000-0140,noise_sampled_s_1_m_08000_a_02000_d_03000_l_01000_p_00700,40.0,40.0,7.0,3.0,140,45.83662361046586,square-0-8,34,0.7
542,square,0000-0144,noise_sampled_s_1_m_08000_a_02000_d_03000_l_01000_p_00700,40.0,40.0,1.0,9.0,144,45.83662361046586,square-0-8,35,0.7
543,square,0000-0148,noise_sampled_s_1_m_08000_a_02000_d_03000_l_01000_p_00700,40.0,40.0,7.0,4.0,148,45.83662361046586,square-0-8,36,0.7
544,square,0000-0152,noise_sampled_s_1_m_08000_a_02000_d_03000_l_01000_p_00700,40.0,40.0,2.0,8.0,152,45.83662361046586,square-0-8,37,0.7
545,square,0000-0156,noise_sampled_s_1_m_08000_a_02000_d_03000_l_01000_p_00700,40.0,40.0,7.0,4.0,156,45.83662361046586,square-0-8,38,0.7
546,triangle,0000-0004,noise_sampled_s_1_m_08000_a_02000_d_03000_l_01000_p_00700,40.0,40.0,4.0,4.0,4,22.91831180523293,triangle-0-4,0,0.7
547,triangle,0000-0008,noise_sampled_s_1_m_08000_a_02000_d_03000_l_01000_p_00700,40.0,40.0,5.0,3.0,8,22.91831180523293,triangle-0-4,1,0.7
548,triangle,0000-0012,noise_sampled_s_1_m_08000_a_02000_d_03000_l_01000_p_00700,40.0,40.0,5.0,3.0,12,22.91831180523293,triangle-0-4,2,0.7
549,triangle,0000-0016,noise_sampled_s_1_m_08000_a_02000_d_03000_l_01000_p_00700,40.0,40.0,2.0,4.0,16,22.91831180523293,triangle-0-4,3,0.7
550,triangle,0000-0020,noise_sampled_s_1_m_08000_a_02000_d_03000_l_01000_p_00700,40.0,40.0,5.0,3.0,20,22.91831180523293,triangle-0-4,4,0.7
551,triangle,0000-0024,noise_sampled_s_1_m_08000_a_02000_d_03000_l_01000_p_00700,40.0,40.0,5.0,2.0,24,22.91831180523293,triangle-0-4,5,0.7
552,triangle,0000-0028,noise_sampled_s_1_m_08000_a_02000_d_03000_l_01000_p_00700,40.0,40.0,2.0,4.0,28,22.91831180523293,triangle-0-4,6,0.7
553,triangle,0000-0032,noise_sampled_s_1_m_08000_a_02000_d_03000_l_01000_p_00700,40.0,40.0,5.0,3.0,32,22.91831180523293,triangle-0-4,7,0.7
554,triangle,0000-0036,noise_sampled_s_1_m_08000_a_02000_d_03000_l_01000_p_00700,40.0,40.0,2.0,4.0,36,22.91831180523293,triangle-0-4,8,0.7
555,triangle,0000-0040,noise_sampled_s_1_m_08000_a_02000_d_03000_l_01000_p_00700,40.0,40.0,5.0,3.0,40,22.91831180523293,triangle-0-4,9,0.7
556,triangle,0000-0044,noise_sampled_s_1_m_08000_a_02000_d_03000_l_01000_p_00700,40.0,40.0,1.0,5.0,44,22.91831180523293,triangle-0-4,10,0.7
557,triangle,0000-0048,noise_sampled_s_1_m_08000_a_02000_d_03000_l_01000_p_00700,40.0,40.0,3.0,2.0,48,22.91831180523293,triangle-0-4,11,0.7
558,triangle,0000-0052,noise_sampled_s_1_m_08000_a_02000_d_03000_l_01000_p_00700,40.0,40.0,2.0,5.0,52,22.91831180523293,triangle-0-4,12,0.7
559,triangle,0000-0056,noise_sampled_s_1_m_08000_a_02000_d_03000_l_01000_p_00700,40.0,40.0,4.0,3.0,56,22.91831180523293,triangle-0-4,13,0.7
560,triangle,0000-0060,noise_sampled_s_1_m_08000_a_02000_d_03000_l_01000_p_00700,40.0,40.0,3.0,4.0,60,22.91831180523293,triangle-0-4,14,0.7
561,triangle,0000-0064,noise_sampled_s_1_m_08000_a_02000_d_03000_l_01000_p_00700,40.0,40.0,2.0,1.0,64,22.91831180523293,triangle-0-4,15,0.7
562,triangle,0000-0068,noise_sampled_s_1_m_08000_a_02000_d_03000_l_01000_p_00700,40.0,40.0,1.0,5.0,68,22.91831180523293,triangle-0-4,16,0.7
563,triangle,0000-0072,noise_sampled_s_1_m_08000_a_02000_d_03000_l_01000_p_00700,40.0,40.0,5.0,3.0,72,22.91831180523293,triangle-0-4,17,0.7
564,triangle,0000-0076,noise_sampled_s_1_m_08000_a_02000_d_03000_l_01000_p_00700,40.0,40.0,4.0,3.0,76,22.91831180523293,triangle-0-4,18,0.7
565,triangle,0000-0080,noise_sampled_s_1_m_08000_a_02000_d_03000_l_01000_p_00700,40.0,40.0,1.0,5.0,80,22.91831180523293,triangle-0-4,19,0.7
566,triangle,0000-0084,noise_sampled_s_1_m_08000_a_02000_d_03000_l_01000_p_00700,40.0,40.0,4.0,2.0,84,22.91831180523293,triangle-0-4,20,0.7
567,triangle,0000-0088,noise_sampled_s_1_m_08000_a_02000_d_03000_l_01000_p_00700,40.0,40.0,2.0,5.0,88,22.91831180523293,triangle-0-4,21,0.7
568,triangle,0000-0092,noise_sampled_s_1_m_08000_a_02000_d_03000_l_01000_p_00700,40.0,40.0,5.0,3.0,92,22.91831180523293,triangle-0-4,22,0.7
569,triangle,0000-0096,noise_sampled_s_1_m_08000_a_02000_d_03000_l_01000_p_00700,40.0,40.0,1.0,4.0,96,22.91831180523293,triangle-0-4,23,0.7
570,triangle,0000-0100,noise_sampled_s_1_m_08000_a_02000_d_03000_l_01000_p_00700,40.0,40.0,4.0,3.0,100,22.91831180523293,triangle-0-4,24,0.7
571,triangle,0000-0104,noise_sampled_s_1_m_08000_a_02000_d_03000_l_01000_p_00700,40.0,40.0,4.0,3.0,104,22.91831180523293,triangle-0-4,25,0.7
572,triangle,0000-0108,noise_sampled_s_1_m_08000_a_02000_d_03000_l_01000_p_00700,40.0,40.0,4.0,4.0,108,22.91831180523293,triangle-0-4,26,0.7
573,triangle,0000-0112,noise_sampled_s_1_m_08000_a_02000_d_03000_l_01000_p_00700,40.0,40.0,5.0,3.0,112,22.91831180523293,triangle-0-4,27,0.7
574,triangle,0000-0116,noise_sampled_s_1_m_08000_a_02000_d_03000_l_01000_p_00700,40.0,40.0,4.0,4.0,116,22.91831180523293,triangle-0-4,28,0.7
575,triangle,0000-0120,noise_sampled_s_1_m_08000_a_02000_d_03000_l_01000_p_00700,40.0,40.0,5.0,2.0,120,22.91831180523293,triangle-0-4,29,0.7
576,triangle,0000-0124,noise_sampled_s_1_m_08000_a_02000_d_03000_l_01000_p_00700,40.0,40.0,4.0,4.0,124,22.91831180523293,triangle-0-4,30,0.7
577,triangle,0000-0128,noise_sampled_s_1_m_08000_a_02000_d_03000_l_01000_p_00700,40.0,40.0,4.0,3.0,128,22.91831180523293,triangle-0-4,31,0.7
578,triangle,0000-0132,noise_sampled_s_1_m_08000_a_02000_d_03000_l_01000_p_00700,40.0,40.0,4.0,4.0,132,22.91831180523293,triangle-0-4,32,0.7
579,triangle,0000-0136,noise_sampled_s_1_m_08000_a_02000_d_03000_l_01000_p_00700,40.0,40.0,5.0,3.0,136,22.91831180523293,triangle-0-4,33,0.7
580,triangle,0000-0140,noise_sampled_s_1_m_08000_a_02000_d_03000_l_01000_p_00700,40.0,40.0,4.0,3.0,140,22.91831180523293,triangle-0-4,34,0.7
581,triangle,0000-0144,noise_sampled_s_1_m_08000_a_02000_d_03000_l_01000_p_00700,40.0,40.0,5.0,3.0,144,22.91831180523293,triangle-0-4,35,0.7
582,triangle,0000-0148,noise_sampled_s_1_m_08000_a_02000_d_03000_l_01000_p_00700,40.0,40.0,4.0,4.0,148,22.91831180523293,triangle-0-4,36,0.7
583,triangle,0000-0152,noise_sampled_s_1_m_08000_a_02000_d_03000_l_01000_p_00700,40.0,40.0,5.0,3.0,152,22.91831180523293,triangle-0-4,37,0.7
584,triangle,0000-0156,noise_sampled_s_1_m_08000_a_02000_d_03000_l_01000_p_00700,40.0,40.0,2.0,5.0,156,22.91831180523293,triangle-0-4,38,0.7
585,triangle,0000-0004,noise_sampled_s_1_m_08000_a_02000_d_03000_l_01000_p_00700,40.0,40.0,4.0,6.0,4,57.29577951308232,triangle-1-0,0,0.7
586,triangle,0000-0008,noise_sampled_s_1_m_08000_a_02000_d_03000_l_01000_p_00700,40.0,40.0,4.0,1.0,8,57.29577951308232,triangle-1-0,1,0.7
587,triangle,0000-0012,noise_sampled_s_1_m_08000_a_02000_d_03000_l_01000_p_00700,40.0,40.0,4.0,5.0,12,57.29577951308232,triangle-1-0,2,0.7
588,triangle,0000-0016,noise_sampled_s_1_m_08000_a_02000_d_03000_l_01000_p_00700,40.0,40.0,3.0,0.0,16,57.29577951308232,triangle-1-0,3,0.7
589,triangle,0000-0020,noise_sampled_s_1_m_08000_a_02000_d_03000_l_01000_p_00700,40.0,40.0,5.0,5.0,20,57.29577951308232,triangle-1-0,4,0.7
590,triangle,0000-0024,noise_sampled_s_1_m_08000_a_02000_d_03000_l_01000_p_00700,40.0,40.0,4.0,1.0,24,57.29577951308232,triangle-1-0,5,0.7
591,triangle,0000-0028,noise_sampled_s_1_m_08000_a_02000_d_03000_l_01000_p_00700,40.0,40.0,5.0,5.0,28,57.29577951308232,triangle-1-0,6,0.7
592,triangle,0000-0032,noise_sampled_s_1_m_08000_a_02000_d_03000_l_01000_p_00700,40.0,40.0,4.0,2.0,32,57.29577951308232,triangle-1-0,7,0.7
593,triangle,0000-0036,noise_sampled_s_1_m_08000_a_02000_d_03000_l_01000_p_00700,40.0,40.0,4.0,6.0,36,57.29577951308232,triangle-1-0,8,0.7
594,triangle,0000-0040,noise_sampled_s_1_m_08000_a_02000_d_03000_l_01000_p_00700,40.0,40.0,3.0,3.0,40,57.29577951308232,triangle-1-0,9,0.7
595,triangle,0000-0044,noise_sampled_s_1_m_08000_a_02000_d_03000_l_01000_p_00700,40.0,40.0,4.0,6.0,44,57.29577951308232,triangle-1-0,10,0.7
596,triangle,0000-0048,noise_sampled_s_1_m_08000_a_02000_d_03000_l_01000_p_00700,40.0,40.0,3.0,0.0,48,57.29577951308232,triangle-1-0,11,0.7
597,triangle,0000-0052,noise_sampled_s_1_m_08000_a_02000_d_03000_l_01000_p_00700,40.0,40.0,4.0,5.0,52,57.29577951308232,triangle-1-0,12,0.7
598,triangle,0000-0056,noise_sampled_s_1_m_08000_a_02000_d_03000_l_01000_p_00700,40.0,40.0,3.0,0.0,56,57.29577951308232,triangle-1-0,13,0.7
599,triangle,0000-0060,noise_sampled_s_1_m_08000_a_02000_d_03000_l_01000_p_00700,40.0,40.0,4.0,6.0,60,57.29577951308232,triangle-1-0,14,0.7
600,triangle,0000-0064,noise_sampled_s_1_m_08000_a_02000_d_03000_l_01000_p_00700,40.0,40.0,4.0,5.0,64,57.29577951308232,triangle-1-0,15,0.7
601,triangle,0000-0068,noise_sampled_s_1_m_08000_a_02000_d_03000_l_01000_p_00700,40.0,40.0,3.0,3.0,68,57.29577951308232,triangle-1-0,16,0.7
602,triangle,0000-0072,noise_sampled_s_1_m_08000_a_02000_d_03000_l_01000_p_00700,40.0,40.0,4.0,5.0,72,57.29577951308232,triangle-1-0,17,0.7
603,triangle,0000-0076,noise_sampled_s_1_m_08000_a_02000_d_03000_l_01000_p_00700,40.0,40.0,3.0,1.0,76,57.29577951308232,triangle-1-0,18,0.7
604,triangle,0000-0080,noise_sampled_s_1_m_08000_a_02000_d_03000_l_01000_p_00700,40.0,40.0,4.0,5.0,80,57.29577951308232,triangle-1-0,19,0.7
605,triangle,0000-0084,noise_sampled_s_1_m_08000_a_02000_d_03000_l_01000_p_00700,40.0,40.0,5.0,5.0,84,57.29577951308232,triangle-1-0,20,0.7
606,triangle,0000-0088,noise_sampled_s_1_m_08000_a_02000_d_03000_l_01000_p_00700,40.0,40.0,3.0,0.0,88,57.29577951308232,triangle-1-0,21,0.7
607,triangle,0000-0092,noise_sampled_s_1_m_08000_a_02000_d_03000_l_01000_p_00700,40.0,40.0,5.0,6.0,92,57.29577951308232,triangle-1-0,22,0.7
608,triangle,0000-0096,noise_sampled_s_1_m_08000_a_02000_d_03000_l_01000_p_00700,40.0,40.0,3.0,3.0,96,57.29577951308232,triangle-1-0,23,0.7
609,triangle,0000-0100,noise_sampled_s_1_m_08000_a_02000_d_03000_l_01000_p_00700,40.0,40.0,4.0,6.0,100,57.29577951308232,triangle-1-0,24,0.7
610,triangle,0000-0104,noise_sampled_s_1_m_08000_a_02000_d_03000_l_01000_p_00700,40.0,40.0,4.0,1.0,104,57.29577951308232,triangle-1-0,25,0.7
611,triangle,0000-0108,noise_sampled_s_1_m_08000_a_02000_d_03000_l_01000_p_00700,40.0,40.0,4.0,6.0,108,57.29577951308232,triangle-1-0,26,0.7
612,triangle,0000-0112,noise_sampled_s_1_m_08000_a_02000_d_03000_l_01000_p_00700,40.0,40.0,4.0,2.0,112,57.29577951308232,triangle-1-0,27,0.7
613,triangle,0000-0116,noise_sampled_s_1_m_08000_a_02000_d_03000_l_01000_p_00700,40.0,40.0,4.0,5.0,116,57.29577951308232,triangle-1-0,28,0.7
614,triangle,0000-0120,noise_sampled_s_1_m_08000_a_02000_d_03000_l_01000_p_00700,40.0,40.0,4.0,2.0,120,57.29577951308232,triangle-1-0,29,0.7
615,triangle,0000-0124,noise_sampled_s_1_m_08000_a_02000_d_03000_l_01000_p_00700,40.0,40.0,5.0,6.0,124,57.29577951308232,triangle-1-0,30,0.7
616,triangle,0000-0128,noise_sampled_s_1_m_08000_a_02000_d_03000_l_01000_p_00700,40.0,40.0,3.0,2.0,128,57.29577951308232,triangle-1-0,31,0.7
617,triangle,0000-0132,noise_sampled_s_1_m_08000_a_02000_d_03000_l_01000_p_00700,40.0,40.0,4.0,5.0,132,57.29577951308232,triangle-1-0,32,0.7
618,triangle,0000-0136,noise_sampled_s_1_m_08000_a_02000_d_03000_l_01000_p_00700,40.0,40.0,5.0,6.0,136,57.29577951308232,triangle-1-0,33,0.7
619,triangle,0000-0140,noise_sampled_s_1_m_08000_a_02000_d_03000_l_01000_p_00700,40.0,40.0,3.0,1.0,140,57.29577951308232,triangle-1-0,34,0.7
620,triangle,0000-0144,noise_sampled_s_1_m_08000_a_02000_d_03000_l_01000_p_00700,40.0,40.0,5.0,5.0,144,57.29577951308232,triangle-1-0,35,0.7
621,triangle,0000-0148,noise_sampled_s_1_m_08000_a_02000_d_03000_l_01000_p_00700,40.0,40.0,4.0,1.0,148,57.29577951308232,triangle-1-0,36,0.7
622,triangle,0000-0152,noise_sampled_s_1_m_08000_a_02000_d_03000_l_01000_p_00700,40.0,40.0,5.0,5.0,152,57.29577951308232,triangle-1-0,37,0.7
623,triangle,0000-0156,noise_sampled_s_1_m_08000_a_02000_d_03000_l_01000_p_00700,40.0,40.0,3.0,2.0,156,57.29577951308232,triangle-1-0,38,0.7
624,square,0000-0004,noise_sampled_s_1_m_08000_a_02000_d_03000_l_01000_p_00700,40.0,40.0,5.0,8.0,4,80.21409131831524,square-1-4,0,0.7
625,square,0000-0008,noise_sampled_s_1_m_08000_a_02000_d_03000_l_01000_p_00700,40.0,40.0,7.0,1.0,8,80.21409131831524,square-1-4,1,0.7
626,square,0000-0012,noise_sampled_s_1_m_08000_a_02000_d_03000_l_01000_p_00700,40.0,40.0,5.0,8.0,12,80.21409131831524,square-1-4,2,0.7
627,square,0000-0016,noise_sampled_s_1_m_08000_a_02000_d_03000_l_01000_p_00700,40.0,40.0,7.0,0.0,16,80.21409131831524,square-1-4,3,0.7
628,square,0000-0020,noise_sampled_s_1_m_08000_a_02000_d_03000_l_01000_p_00700,40.0,40.0,5.0,8.0,20,80.21409131831524,square-1-4,4,0.7
629,square,0000-0024,noise_sampled_s_1_m_08000_a_02000_d_03000_l_01000_p_00700,40.0,40.0,9.0,4.0,24,80.21409131831524,square-1-4,5,0.7
630,square,0000-0028,noise_sampled_s_1_m_08000_a_02000_d_03000_l_01000_p_00700,40.0,40.0,5.0,9.0,28,80.21409131831524,square-1-4,6,0.7
631,square,0000-0032,noise_sampled_s_1_m_08000_a_02000_d_03000_l_01000_p_00700,40.0,40.0,6.0,1.0,32,80.21409131831524,square-1-4,7,0.7
632,square,0000-0036,noise_sampled_s_1_m_08000_a_02000_d_03000_l_01000_p_00700,40.0,40.0,5.0,8.0,36,80.21409131831524,square-1-4,8,0.7
633,square,0000-0040,noise_sampled_s_1_m_08000_a_02000_d_03000_l_01000_p_00700,40.0,40.0,6.0,1.0,40,80.21409131831524,square-1-4,9,0.7
634,square,0000-0044,noise_sampled_s_1_m_08000_a_02000_d_03000_l_01000_p_00700,40.0,40.0,5.0,8.0,44,80.21409131831524,square-1-4,10,0.7
635,square,0000-0048,noise_sampled_s_1_m_08000_a_02000_d_03000_l_01000_p_00700,40.0,40.0,7.0,0.0,48,80.21409131831524,square-1-4,11,0.7
636,square,0000-0052,noise_sampled_s_1_m_08000_a_02000_d_03000_l_01000_p_00700,40.0,40.0,5.0,8.0,52,80.21409131831524,square-1-4,12,0.7
637,square,0000-0056,noise_sampled_s_1_m_08000_a_02000_d_03000_l_01000_p_00700,40.0,40.0,6.0,0.0,56,80.21409131831524,square-1-4,13,0.7
638,square,0000-0060,noise_sampled_s_1_m_08000_a_02000_d_03000_l_01000_p_00700,40.0,40.0,5.0,8.0,60,80.21409131831524,square-1-4,14,0.7
639,square,0000-0064,noise_sampled_s_1_m_08000_a_02000_d_03000_l_01000_p_00700,40.0,40.0,6.0,0.0,64,80.21409131831524,square-1-4,15,0.7
640,square,0000-0068,noise_sampled_s_1_m_08000_a_02000_d_03000_l_01000_p_00700,40.0,40.0,5.0,8.0,68,80.21409131831524,square-1-4,16,0.7
641,square,0000-0072,noise_sampled_s_1_m_08000_a_02000_d_03000_l_01000_p_00700,40.0,40.0,7.0,0.0,72,80.21409131831524,square-1-4,17,0.7
642,square,0000-0076,noise_sampled_s_1_m_08000_a_02000_d_03000_l_01000_p_00700,40.0,40.0,4.0,8.0,76,80.21409131831524,square-1-4,18,0.7
643,square,0000-0080,noise_sampled_s_1_m_08000_a_02000_d_03000_l_01000_p_00700,40.0,40.0,6.0,0.0,80,80.21409131831524,square-1-4,19,0.7
644,square,0000-0084,noise_sampled_s_1_m_08000_a_02000_d_03000_l_01000_p_00700,40.0,40.0,5.0,8.0,84,80.21409131831524,square-1-4,20,0.7
645,square,0000-0088,noise_sampled_s_1_m_08000_a_02000_d_03000_l_01000_p_00700,40.0,40.0,7.0,0.0,88,80.21409131831524,square-1-4,21,0.7
646,square,0000-0092,noise_sampled_s_1_m_08000_a_02000_d_03000_l_01000_p_00700,40.0,40.0,5.0,8.0,92,80.21409131831524,square-1-4,22,0.7
647,square,0000-0096,noise_sampled_s_1_m_08000_a_02000_d_03000_l_01000_p_00700,40.0,40.0,6.0,0.0,96,80.21409131831524,square-1-4,23,0.7
648,square,0000-0100,noise_sampled_s_1_m_08000_a_02000_d_03000_l_01000_p_00700,40.0,40.0,4.0,7.0,100,80.21409131831524,square-1-4,24,0.7
649,square,0000-0104,noise_sampled_s_1_m_08000_a_02000_d_03000_l_01000_p_00700,40.0,40.0,7.0,1.0,104,80.21409131831524,square-1-4,25,0.7
650,square,0000-0108,noise_sampled_s_1_m_08000_a_02000_d_03000_l_01000_p_00700,40.0,40.0,5.0,8.0,108,80.21409131831524,square-1-4,26,0.7
651,square,0000-0112,noise_sampled_s_1_m_08000_a_02000_d_03000_l_01000_p_00700,40.0,40.0,7.0,1.0,112,80.21409131831524,square-1-4,27,0.7
652,square,0000-0116,noise_sampled_s_1_m_08000_a_02000_d_03000_l_01000_p_00700,40.0,40.0,2.0,9.0,116,80.21409131831524,square-1-4,28,0.7
653,square,0000-0120,noise_sampled_s_1_m_08000_a_02000_d_03000_l_01000_p_00700,40.0,40.0,9.0,7.0,120,80.21409131831524,square-1-4,29,0.7
654,square,0000-0124,noise_sampled_s_1_m_08000_a_02000_d_03000_l_01000_p_00700,40.0,40.0,6.0,1.0,124,80.21409131831524,square-1-4,30,0.7
655,square,0000-0128,noise_sampled_s_1_m_08000_a_02000_d_03000_l_01000_p_00700,40.0,40.0,5.0,8.0,128,80.21409131831524,square-1-4,31,0.7
656,square,0000-0132,noise_sampled_s_1_m_08000_a_02000_d_03000_l_01000_p_00700,40.0,40.0,8.0,0.0,132,80.21409131831524,square-1-4,32,0.7
657,square,0000-0136,noise_sampled_s_1_m_08000_a_02000_d_03000_l_01000_p_00700,40.0,40.0,5.0,8.0,136,80.21409131831524,square-1-4,33,0.7
658,square,0000-0140,noise_sampled_s_1_m_08000_a_02000_d_03000_l_01000_p_00700,40.0,40.0,8.0,0.0,140,80.21409131831524,square-1-4,34,0.7
659,square,0000-0144,noise_sampled_s_1_m_08000_a_02000_d_03000_l_01000_p_00700,40.0,40.0,5.0,8.0,144,80.21409131831524,square-1-4,35,0.7
660,square,0000-0148,noise_sampled_s_1_m_08000_a_02000_d_03000_l_01000_p_00700,40.0,40.0,9.0,4.0,148,80.21409131831524,square-1-4,36,0.7
661,square,0000-0152,noise_sampled_s_1_m_08000_a_02000_d_03000_l_01000_p_00700,40.0,40.0,2.0,9.0,152,80.21409131831524,square-1-4,37,0.7
662,square,0000-0156,noise_sampled_s_1_m_08000_a_02000_d_03000_l_01000_p_00700,40.0,40.0,9.0,4.0,156,80.21409131831524,square-1-4,38,0.7
663,triangle,0000-0004,noise_sampled_s_1_m_08000_a_02000_d_03000_l_01000_p_00700,40.0,40.0,5.0,5.0,4,91.67324722093171,triangle-1-6,0,0.7
664,triangle,0000-0008,noise_sampled_s_1_m_08000_a_02000_d_03000_l_01000_p_00700,40.0,40.0,5.0,5.0,8,91.67324722093171,triangle-1-6,1,0.7
665,triangle,0000-0012,noise_sampled_s_1_m_08000_a_02000_d_03000_l_01000_p_00700,40.0,40.0,5.0,5.0,12,91.67324722093171,triangle-1-6,2,0.7
666,triangle,0000-0016,noise_sampled_s_1_m_08000_a_02000_d_03000_l_01000_p_00700,40.0,40.0,5.0,5.0,16,91.67324722093171,triangle-1-6,3,0.7
667,triangle,0000-0020,noise_sampled_s_1_m_08000_a_02000_d_03000_l_01000_p_00700,40.0,40.0,5.0,5.0,20,91.67324722093171,triangle-1-6,4,0.7
668,triangle,0000-0024,noise_sampled_s_1_m_08000_a_02000_d_03000_l_01000_p_00700,40.0,40.0,5.0,4.0,24,91.67324722093171,triangle-1-6,5,0.7
669,triangle,0000-0028,noise_sampled_s_1_m_08000_a_02000_d_03000_l_01000_p_00700,40.0,40.0,5.0,5.0,28,91.67324722093171,triangle-1-6,6,0.7
670,triangle,0000-0032,noise_sampled_s_1_m_08000_a_02000_d_03000_l_01000_p_00700,40.0,40.0,5.0,4.0,32,91.67324722093171,triangle-1-6,7,0.7
671,triangle,0000-0036,noise_sampled_s_1_m_08000_a_02000_d_03000_l_01000_p_00700,40.0,40.0,5.0,5.0,36,91.67324722093171,triangle-1-6,8,0.7
672,triangle,0000-0040,noise_sampled_s_1_m_08000_a_02000_d_03000_l_01000_p_00700,40.0,40.0,5.0,4.0,40,91.67324722093171,triangle-1-6,9,0.7
673,triangle,0000-0044,noise_sampled_s_1_m_08000_a_02000_d_03000_l_01000_p_00700,40.0,40.0,5.0,5.0,44,91.67324722093171,triangle-1-6,10,0.7
674,triangle,0000-0048,noise_sampled_s_1_m_08000_a_02000_d_03000_l_01000_p_00700,40.0,40.0,5.0,5.0,48,91.67324722093171,triangle-1-6,11,0.7
675,triangle,0000-0052,noise_sampled_s_1_m_08000_a_02000_d_03000_l_01000_p_00700,40.0,40.0,5.0,5.0,52,91.67324722093171,triangle-1-6,12,0.7
676,triangle,0000-0056,noise_sampled_s_1_m_08000_a_02000_d_03000_l_01000_p_00700,40.0,40.0,5.0,5.0,56,91.67324722093171,triangle-1-6,13,0.7
677,triangle,0000-0060,noise_sampled_s_1_m_08000_a_02000_d_03000_l_01000_p_00700,40.0,40.0,5.0,5.0,60,91.67324722093171,triangle-1-6,14,0.7
678,triangle,0000-0064,noise_sampled_s_1_m_08000_a_02000_d_03000_l_01000_p_00700,40.0,40.0,5.0,5.0,64,91.67324722093171,triangle-1-6,15,0.7
679,triangle,0000-0068,noise_sampled_s_1_m_08000_a_02000_d_03000_l_01000_p_00700,40.0,40.0,2.0,2.0,68,91.67324722093171,triangle-1-6,16,0.7
680,triangle,0000-0072,noise_sampled_s_1_m_08000_a_02000_d_03000_l_01000_p_00700,40.0,40.0,5.0,5.0,72,91.67324722093171,triangle-1-6,17,0.7
681,triangle,0000-0076,noise_sampled_s_1_m_08000_a_02000_d_03000_l_01000_p_00700,40.0,40.0,5.0,5.0,76,91.67324722093171,triangle-1-6,18,0.7
682,triangle,0000-0080,noise_sampled_s_1_m_08000_a_02000_d_03000_l_01000_p_00700,40.0,40.0,5.0,5.0,80,91.67324722093171,triangle-1-6,19,0.7
683,triangle,0000-0084,noise_sampled_s_1_m_08000_a_02000_d_03000_l_01000_p_00700,40.0,40.0,5.0,5.0,84,91.67324722093171,triangle-1-6,20,0.7
684,triangle,0000-0088,noise_sampled_s_1_m_08000_a_02000_d_03000_l_01000_p_00700,40.0,40.0,5.0,5.0,88,91.67324722093171,triangle-1-6,21,0.7
685,triangle,0000-0092,noise_sampled_s_1_m_08000_a_02000_d_03000_l_01000_p_00700,40.0,40.0,5.0,5.0,92,91.67324722093171,triangle-1-6,22,0.7
686,triangle,0000-0096,noise_sampled_s_1_m_08000_a_02000_d_03000_l_01000_p_00700,40.0,40.0,5.0,5.0,96,91.67324722093171,triangle-1-6,23,0.7
687,triangle,0000-0100,noise_sampled_s_1_m_08000_a_02000_d_03000_l_01000_p_00700,40.0,40.0,4.0,5.0,100,91.67324722093171,triangle-1-6,24,0.7
688,triangle,0000-0104,noise_sampled_s_1_m_08000_a_02000_d_03000_l_01000_p_00700,40.0,40.0,5.0,5.0,104,91.67324722093171,triangle-1-6,25,0.7
689,triangle,0000-0108,noise_sampled_s_1_m_08000_a_02000_d_03000_l_01000_p_00700,40.0,40.0,5.0,5.0,108,91.67324722093171,triangle-1-6,26,0.7
690,triangle,0000-0112,noise_sampled_s_1_m_08000_a_02000_d_03000_l_01000_p_00700,40.0,40.0,5.0,5.0,112,91.67324722093171,triangle-1-6,27,0.7
691,triangle,0000-0116,noise_sampled_s_1_m_08000_a_02000_d_03000_l_01000_p_00700,40.0,40.0,5.0,5.0,116,91.67324722093171,triangle-1-6,28,0.7
692,triangle,0000-0120,noise_sampled_s_1_m_08000_a_02000_d_03000_l_01000_p_00700,40.0,40.0,5.0,4.0,120,91.67324722093171,triangle-1-6,29,0.7
693,triangle,0000-0124,noise_sampled_s_1_m_08000_a_02000_d_03000_l_01000_p_00700,40.0,40.0,5.0,5.0,124,91.67324722093171,triangle-1-6,30,0.7
694,triangle,0000-0128,noise_sampled_s_1_m_08000_a_02000_d_03000_l_01000_p_00700,40.0,40.0,5.0,5.0,128,91.67324722093171,triangle-1-6,31,0.7
695,triangle,0000-0132,noise_sampled_s_1_m_08000_a_02000_d_03000_l_01000_p_00700,40.0,40.0,5.0,5.0,132,91.67324722093171,triangle-1-6,32,0.7
696,triangle,0000-0136,noise_sampled_s_1_m_08000_a_02000_d_03000_l_01000_p_00700,40.0,40.0,3.0,3.0,136,91.67324722093171,triangle-1-6,33,0.7
697,triangle,0000-0140,noise_sampled_s_1_m_08000_a_02000_d_03000_l_01000_p_00700,40.0,40.0,5.0,5.0,140,91.67324722093171,triangle-1-6,34,0.7
698,triangle,0000-0144,noise_sampled_s_1_m_08000_a_02000_d_03000_l_01000_p_00700,40.0,40.0,5.0,5.0,144,91.67324722093171,triangle-1-6,35,0.7
699,triangle,0000-0148,noise_sampled_s_1_m_08000_a_02000_d_03000_l_01000_p_00700,40.0,40.0,5.0,5.0,148,91.67324722093171,triangle-1-6,36,0.7
700,triangle,0000-0152,noise_sampled_s_1_m_08000_a_02000_d_03000_l_01000_p_00700,40.0,40.0,5.0,5.0,152,91.67324722093171,triangle-1-6,37,0.7
701,triangle,0000-0156,noise_sampled_s_1_m_08000_a_02000_d_03000_l_01000_p_00700,40.0,40.0,5.0,5.0,156,91.67324722093171,triangle-1-6,38,0.7
1404,square,0000-0004,noise_sampled_s_1_m_08000_a_02000_d_03000_l_01000_p_00800,40.0,40.0,3.0,9.0,4,11.459155902616464,square-0-2,78,0.8
1405,square,0000-0008,noise_sampled_s_1_m_08000_a_02000_d_03000_l_01000_p_00800,40.0,40.0,7.0,3.0,8,11.459155902616464,square-0-2,79,0.8
1406,square,0000-0012,noise_sampled_s_1_m_08000_a_02000_d_03000_l_01000_p_00800,40.0,40.0,3.0,9.0,12,11.459155902616464,square-0-2,80,0.8
1407,square,0000-0016,noise_sampled_s_1_m_08000_a_02000_d_03000_l_01000_p_00800,40.0,40.0,6.0,2.0,16,11.459155902616464,square-0-2,81,0.8
1408,square,0000-0020,noise_sampled_s_1_m_08000_a_02000_d_03000_l_01000_p_00800,40.0,40.0,2.0,9.0,20,11.459155902616464,square-0-2,82,0.8
1409,square,0000-0024,noise_sampled_s_1_m_08000_a_02000_d_03000_l_01000_p_00800,40.0,40.0,7.0,2.0,24,11.459155902616464,square-0-2,83,0.8
1410,square,0000-0028,noise_sampled_s_1_m_08000_a_02000_d_03000_l_01000_p_00800,40.0,40.0,2.0,9.0,28,11.459155902616464,square-0-2,84,0.8
1411,square,0000-0032,noise_sampled_s_1_m_08000_a_02000_d_03000_l_01000_p_00800,40.0,40.0,7.0,2.0,32,11.459155902616464,square-0-2,85,0.8
1412,square,0000-0036,noise_sampled_s_1_m_08000_a_02000_d_03000_l_01000_p_00800,40.0,40.0,3.0,9.0,36,11.459155902616464,square-0-2,86,0.8
1413,square,0000-0040,noise_sampled_s_1_m_08000_a_02000_d_03000_l_01000_p_00800,40.0,40.0,7.0,2.0,40,11.459155902616464,square-0-2,87,0.8
1414,square,0000-0044,noise_sampled_s_1_m_08000_a_02000_d_03000_l_01000_p_00800,40.0,40.0,3.0,8.0,44,11.459155902616464,square-0-2,88,0.8
1415,square,0000-0048,noise_sampled_s_1_m_08000_a_02000_d_03000_l_01000_p_00800,40.0,40.0,6.0,2.0,48,11.459155902616464,square-0-2,89,0.8
1416,square,0000-0052,noise_sampled_s_1_m_08000_a_02000_d_03000_l_01000_p_00800,40.0,40.0,3.0,9.0,52,11.459155902616464,square-0-2,90,0.8
1417,square,0000-0056,noise_sampled_s_1_m_08000_a_02000_d_03000_l_01000_p_00800,40.0,40.0,6.0,2.0,56,11.459155902616464,square-0-2,91,0.8
1418,square,0000-0060,noise_sampled_s_1_m_08000_a_02000_d_03000_l_01000_p_00800,40.0,40.0,2.0,8.0,60,11.459155902616464,square-0-2,92,0.8
1419,square,0000-0064,noise_sampled_s_1_m_08000_a_02000_d_03000_l_01000_p_00800,40.0,40.0,5.0,0.0,64,11.459155902616464,square-0-2,93,0.8
1420,square,0000-0068,noise_sampled_s_1_m_08000_a_02000_d_03000_l_01000_p_00800,40.0,40.0,3.0,8.0,68,11.459155902616464,square-0-2,94,0.8
1421,square,0000-0072,noise_sampled_s_1_m_08000_a_02000_d_03000_l_01000_p_00800,40.0,40.0,7.0,3.0,72,11.459155902616464,square-0-2,95,0.8
1422,square,0000-0076,noise_sampled_s_1_m_08000_a_02000_d_03000_l_01000_p_00800,40.0,40.0,3.0,8.0,76,11.459155902616464,square-0-2,96,0.8
1423,square,0000-0080,noise_sampled_s_1_m_08000_a_02000_d_03000_l_01000_p_00800,40.0,40.0,3.0,1.0,80,11.459155902616464,square-0-2,97,0.8
1424,square,0000-0084,noise_sampled_s_1_m_08000_a_02000_d_03000_l_01000_p_00800,40.0,40.0,7.0,0.0,84,11.459155902616464,square-0-2,98,0.8
1425,square,0000-0088,noise_sampled_s_1_m_08000_a_02000_d_03000_l_01000_p_00800,40.0,40.0,3.0,8.0,88,11.459155902616464,square-0-2,99,0.8
1426,square,0000-0092,noise_sampled_s_1_m_08000_a_02000_d_03000_l_01000_p_00800,40.0,40.0,7.0,3.0,92,11.459155902616464,square-0-2,100,0.8
1427,square,0000-0096,noise_sampled_s_1_m_08000_a_02000_d_03000_l_01000_p_00800,40.0,40.0,2.0,8.0,96,11.459155902616464,square-0-2,101,0.8
1428,square,0000-0100,noise_sampled_s_1_m_08000_a_02000_d_03000_l_01000_p_00800,40.0,40.0,6.0,3.0,100,11.459155902616464,square-0-2,102,0.8
1429,square,0000-0104,noise_sampled_s_1_m_08000_a_02000_d_03000_l_01000_p_00800,40.0,40.0,2.0,9.0,104,11.459155902616464,square-0-2,103,0.8
1430,square,0000-0108,noise_sampled_s_1_m_08000_a_02000_d_03000_l_01000_p_00800,40.0,40.0,7.0,3.0,108,11.459155902616464,square-0-2,104,0.8
1431,square,0000-0112,noise_sampled_s_1_m_08000_a_02000_d_03000_l_01000_p_00800,40.0,40.0,2.0,9.0,112,11.459155902616464,square-0-2,105,0.8
1432,square,0000-0116,noise_sampled_s_1_m_08000_a_02000_d_03000_l_01000_p_00800,40.0,40.0,7.0,3.0,116,11.459155902616464,square-0-2,106,0.8
1433,square,0000-0120,noise_sampled_s_1_m_08000_a_02000_d_03000_l_01000_p_00800,40.0,40.0,2.0,9.0,120,11.459155902616464,square-0-2,107,0.8
1434,square,0000-0124,noise_sampled_s_1_m_08000_a_02000_d_03000_l_01000_p_00800,40.0,40.0,7.0,3.0,124,11.459155902616464,square-0-2,108,0.8
1435,square,0000-0128,noise_sampled_s_1_m_08000_a_02000_d_03000_l_01000_p_00800,40.0,40.0,2.0,8.0,128,11.459155902616464,square-0-2,109,0.8
1436,square,0000-0132,noise_sampled_s_1_m_08000_a_02000_d_03000_l_01000_p_00800,40.0,40.0,7.0,3.0,132,11.459155902616464,square-0-2,110,0.8
1437,square,0000-0136,noise_sampled_s_1_m_08000_a_02000_d_03000_l_01000_p_00800,40.0,40.0,3.0,9.0,136,11.459155902616464,square-0-2,111,0.8
1438,square,0000-0140,noise_sampled_s_1_m_08000_a_02000_d_03000_l_01000_p_00800,40.0,40.0,7.0,3.0,140,11.459155902616464,square-0-2,112,0.8
1439,square,0000-0144,noise_sampled_s_1_m_08000_a_02000_d_03000_l_01000_p_00800,40.0,40.0,2.0,9.0,144,11.459155902616464,square-0-2,113,0.8
1440,square,0000-0148,noise_sampled_s_1_m_08000_a_02000_d_03000_l_01000_p_00800,40.0,40.0,7.0,3.0,148,11.459155902616464,square-0-2,114,0.8
1441,square,0000-0152,noise_sampled_s_1_m_08000_a_02000_d_03000_l_01000_p_00800,40.0,40.0,2.0,9.0,152,11.459155902616464,square-0-2,115,0.8
1442,square,0000-0156,noise_sampled_s_1_m_08000_a_02000_d_03000_l_01000_p_00800,40.0,40.0,7.0,3.0,156,11.459155902616464,square-0-2,116,0.8
1443,triangle,0000-0004,noise_sampled_s_1_m_08000_a_02000_d_03000_l_01000_p_00800,40.0,40.0,5.0,5.0,4,11.459155902616464,triangle-0-2,78,0.8
1444,triangle,0000-0008,noise_sampled_s_1_m_08000_a_02000_d_03000_l_01000_p_00800,40.0,40.0,5.0,5.0,8,11.459155902616464,triangle-0-2,79,0.8
1445,triangle,0000-0012,noise_sampled_s_1_m_08000_a_02000_d_03000_l_01000_p_00800,40.0,40.0,5.0,5.0,12,11.459155902616464,triangle-0-2,80,0.8
1446,triangle,0000-0016,noise_sampled_s_1_m_08000_a_02000_d_03000_l_01000_p_00800,40.0,40.0,0.0,4.0,16,11.459155902616464,triangle-0-2,81,0.8
1447,triangle,0000-0020,noise_sampled_s_1_m_08000_a_02000_d_03000_l_01000_p_00800,40.0,40.0,6.0,8.0,20,11.459155902616464,triangle-0-2,82,0.8
1448,triangle,0000-0024,noise_sampled_s_1_m_08000_a_02000_d_03000_l_01000_p_00800,40.0,40.0,9.0,6.0,24,11.459155902616464,triangle-0-2,83,0.8
1449,triangle,0000-0028,noise_sampled_s_1_m_08000_a_02000_d_03000_l_01000_p_00800,40.0,40.0,5.0,5.0,28,11.459155902616464,triangle-0-2,84,0.8
1450,triangle,0000-0032,noise_sampled_s_1_m_08000_a_02000_d_03000_l_01000_p_00800,40.0,40.0,5.0,5.0,32,11.459155902616464,triangle-0-2,85,0.8
1451,triangle,0000-0036,noise_sampled_s_1_m_08000_a_02000_d_03000_l_01000_p_00800,40.0,40.0,5.0,5.0,36,11.459155902616464,triangle-0-2,86,0.8
1452,triangle,0000-0040,noise_sampled_s_1_m_08000_a_02000_d_03000_l_01000_p_00800,40.0,40.0,9.0,6.0,40,11.459155902616464,triangle-0-2,87,0.8
1453,triangle,0000-0044,noise_sampled_s_1_m_08000_a_02000_d_03000_l_01000_p_00800,40.0,40.0,0.0,4.0,44,11.459155902616464,triangle-0-2,88,0.8
1454,triangle,0000-0048,noise_sampled_s_1_m_08000_a_02000_d_03000_l_01000_p_00800,40.0,40.0,6.0,8.0,48,11.459155902616464,triangle-0-2,89,0.8
1455,triangle,0000-0052,noise_sampled_s_1_m_08000_a_02000_d_03000_l_01000_p_00800,40.0,40.0,0.0,5.0,52,11.459155902616464,triangle-0-2,90,0.8
1456,triangle,0000-0056,noise_sampled_s_1_m_08000_a_02000_d_03000_l_01000_p_00800,40.0,40.0,6.0,8.0,56,11.459155902616464,triangle-0-2,91,0.8
1457,triangle,0000-0060,noise_sampled_s_1_m_08000_a_02000_d_03000_l_01000_p_00800,40.0,40.0,0.0,6.0,60,11.459155902616464,triangle-0-2,92,0.8
1458,triangle,0000-0064,noise_sampled_s_1_m_08000_a_02000_d_03000_l_01000_p_00800,40.0,40.0,0.0,6.0,64,11.459155902616464,triangle-0-2,93,0.8
1459,triangle,0000-0068,noise_sampled_s_1_m_08000_a_02000_d_03000_l_01000_p_00800,40.0,40.0,0.0,6.0,68,11.459155902616464,triangle-0-2,94,0.8
1460,triangle,0000-0072,noise_sampled_s_1_m_08000_a_02000_d_03000_l_01000_p_00800,40.0,40.0,9.0,6.0,72,11.459155902616464,triangle-0-2,95,0.8
1461,triangle,0000-0076,noise_sampled_s_1_m_08000_a_02000_d_03000_l_01000_p_00800,40.0,40.0,5.0,5.0,76,11.459155902616464,triangle-0-2,96,0.8
1462,triangle,0000-0080,noise_sampled_s_1_m_08000_a_02000_d_03000_l_01000_p_00800,40.0,40.0,5.0,5.0,80,11.459155902616464,triangle-0-2,97,0.8
1463,triangle,0000-0084,noise_sampled_s_1_m_08000_a_02000_d_03000_l_01000_p_00800,40.0,40.0,5.0,5.0,84,11.459155902616464,triangle-0-2,98,0.8
1464,triangle,0000-0088,noise_sampled_s_1_m_08000_a_02000_d_03000_l_01000_p_00800,40.0,40.0,5.0,5.0,88,11.459155902616464,triangle-0-2,99,0.8
1465,triangle,0000-0092,noise_sampled_s_1_m_08000_a_02000_d_03000_l_01000_p_00800,40.0,40.0,5.0,5.0,92,11.459155902616464,triangle-0-2,100,0.8
1466,triangle,0000-0096,noise_sampled_s_1_m_08000_a_02000_d_03000_l_01000_p_00800,40.0,40.0,5.0,5.0,96,11.459155902616464,triangle-0-2,101,0.8
1467,triangle,0000-0100,noise_sampled_s_1_m_08000_a_02000_d_03000_l_01000_p_00800,40.0,40.0,5.0,5.0,100,11.459155902616464,triangle-0-2,102,0.8
1468,triangle,0000-0104,noise_sampled_s_1_m_08000_a_02000_d_03000_l_01000_p_00800,40.0,40.0,5.0,5.0,104,11.459155902616464,triangle-0-2,103,0.8
1469,triangle,0000-0108,noise_sampled_s_1_m_08000_a_02000_d_03000_l_01000_p_00800,40.0,40.0,0.0,2.0,108,11.459155902616464,triangle-0-2,104,0.8
1470,triangle,0000-0112,noise_sampled_s_1_m_08000_a_02000_d_03000_l_01000_p_00800,40.0,40.0,5.0,8.0,112,11.459155902616464,triangle-0-2,105,0.8
1471,triangle,0000-0116,noise_sampled_s_1_m_08000_a_02000_d_03000_l_01000_p_00800,40.0,40.0,0.0,5.0,116,11.459155902616464,triangle-0-2,106,0.8
1472,triangle,0000-0120,noise_sampled_s_1_m_08000_a_02000_d_03000_l_01000_p_00800,40.0,40.0,5.0,8.0,120,11.459155902616464,triangle-0-2,107,0.8
1473,triangle,0000-0124,noise_sampled_s_1_m_08000_a_02000_d_03000_l_01000_p_00800,40.0,40.0,9.0,6.0,124,11.459155902616464,triangle-0-2,108,0.8
1474,triangle,0000-0128,noise_sampled_s_1_m_08000_a_02000_d_03000_l_01000_p_00800,40.0,40.0,5.0,5.0,128,11.459155902616464,triangle-0-2,109,0.8
1475,triangle,0000-0132,noise_sampled_s_1_m_08000_a_02000_d_03000_l_01000_p_00800,40.0,40.0,5.0,5.0,132,11.459155902616464,triangle-0-2,110,0.8
1476,triangle,0000-0136,noise_sampled_s_1_m_08000_a_02000_d_03000_l_01000_p_00800,40.0,40.0,5.0,5.0,136,11.459155902616464,triangle-0-2,111,0.8
1477,triangle,0000-0140,noise_sampled_s_1_m_08000_a_02000_d_03000_l_01000_p_00800,40.0,40.0,5.0,5.0,140,11.459155902616464,triangle-0-2,112,0.8
1478,triangle,0000-0144,noise_sampled_s_1_m_08000_a_02000_d_03000_l_01000_p_00800,40.0,40.0,5.0,5.0,144,11.459155902616464,triangle-0-2,113,0.8
1479,triangle,0000-0148,noise_sampled_s_1_m_08000_a_02000_d_03000_l_01000_p_00800,40.0,40.0,5.0,5.0,148,11.459155902616464,triangle-0-2,114,0.8
1480,triangle,0000-0152,noise_sampled_s_1_m_08000_a_02000_d_03000_l_01000_p_00800,40.0,40.0,5.0,5.0,152,11.459155902616464,triangle-0-2,115,0.8
1481,triangle,0000-0156,noise_sampled_s_1_m_08000_a_02000_d_03000_l_01000_p_00800,40.0,40.0,5.0,5.0,156,11.459155902616464,triangle-0-2,116,0.8
1482,square,0000-0004,noise_sampled_s_1_m_08000_a_02000_d_03000_l_01000_p_00800,40.0,40.0,3.0,8.0,4,22.91831180523293,square-0-4,78,0.8
1483,square,0000-0008,noise_sampled_s_1_m_08000_a_02000_d_03000_l_01000_p_00800,40.0,40.0,4.0,1.0,8,22.91831180523293,square-0-4,79,0.8
1484,square,0000-0012,noise_sampled_s_1_m_08000_a_02000_d_03000_l_01000_p_00800,40.0,40.0,7.0,0.0,12,22.91831180523293,square-0-4,80,0.8
1485,square,0000-0016,noise_sampled_s_1_m_08000_a_02000_d_03000_l_01000_p_00800,40.0,40.0,3.0,6.0,16,22.91831180523293,square-0-4,81,0.8
1486,square,0000-0020,noise_sampled_s_1_m_08000_a_02000_d_03000_l_01000_p_00800,40.0,40.0,3.0,2.0,20,22.91831180523293,square-0-4,82,0.8
1487,square,0000-0024,noise_sampled_s_1_m_08000_a_02000_d_03000_l_01000_p_00800,40.0,40.0,8.0,3.0,24,22.91831180523293,square-0-4,83,0.8
1488,square,0000-0028,noise_sampled_s_1_m_08000_a_02000_d_03000_l_01000_p_00800,40.0,40.0,3.0,9.0,28,22.91831180523293,square-0-4,84,0.8
1489,square,0000-0032,noise_sampled_s_1_m_08000_a_02000_d_03000_l_01000_p_00800,40.0,40.0,3.0,1.0,32,22.91831180523293,square-0-4,85,0.8
1490,square,0000-0036,noise_sampled_s_1_m_08000_a_02000_d_03000_l_01000_p_00800,40.0,40.0,7.0,0.0,36,22.91831180523293,square-0-4,86,0.8
1491,square,0000-0040,noise_sampled_s_1_m_08000_a_02000_d_03000_l_01000_p_00800,40.0,40.0,3.0,8.0,40,22.91831180523293,square-0-4,87,0.8
1492,square,0000-0044,noise_sampled_s_1_m_08000_a_02000_d_03000_l_01000_p_00800,40.0,40.0,3.0,1.0,44,22.91831180523293,square-0-4,88,0.8
1493,square,0000-0048,noise_sampled_s_1_m_08000_a_02000_d_03000_l_01000_p_00800,40.0,40.0,7.0,0.0,48,22.91831180523293,square-0-4,89,0.8
1494,square,0000-0052,noise_sampled_s_1_m_08000_a_02000_d_03000_l_01000_p_00800,40.0,40.0,2.0,7.0,52,22.91831180523293,square-0-4,90,0.8
1495,square,0000-0056,noise_sampled_s_1_m_08000_a_02000_d_03000_l_01000_p_00800,40.0,40.0,5.0,0.0,56,22.91831180523293,square-0-4,91,0.8
1496,square,0000-0060,noise_sampled_s_1_m_08000_a_02000_d_03000_l_01000_p_00800,40.0,40.0,3.0,7.0,60,22.91831180523293,square-0-4,92,0.8
1497,square,0000-0064,noise_sampled_s_1_m_08000_a_02000_d_03000_l_01000_p_00800,40.0,40.0,3.0,1.0,64,22.91831180523293,square-0-4,93,0.8
1498,square,0000-0068,noise_sampled_s_1_m_08000_a_02000_d_03000_l_01000_p_00800,40.0,40.0,7.0,0.0,68,22.91831180523293,square-0-4,94,0.8
1499,square,0000-0072,noise_sampled_s_1_m_08000_a_02000_d_03000_l_01000_p_00800,40.0,40.0,2.0,7.0,72,22.91831180523293,square-0-4,95,0.8
1500,square,0000-0076,noise_sampled_s_1_m_08000_a_02000_d_03000_l_01000_p_00800,40.0,40.0,7.0,2.0,76,22.91831180523293,square-0-4,96,0.8
1501,square,0000-0080,noise_sampled_s_1_m_08000_a_02000_d_03000_l_01000_p_00800,40.0,40.0,2.0,7.0,80,22.91831180523293,square-0-4,97,0.8
1502,square,0000-0084,noise_sampled_s_1_m_08000_a_02000_d_03000_l_01000_p_00800,40.0,40.0,3.0,2.0,84,22.91831180523293,square-0-4,98,0.8
1503,square,0000-0088,noise_sampled_s_1_m_08000_a_02000_d_03000_l_01000_p_00800,40.0,40.0,7.0,0.0,88,22.91831180523293,square-0-4,99,0.8
1504,square,0000-0092,noise_sampled_s_1_m_08000_a_02000_d_03000_l_01000_p_00800,40.0,40.0,3.0,8.0,92,22.91831180523293,square-0-4,100,0.8
1505,square,0000-0096,noise_sampled_s_1_m_08000_a_02000_d_03000_l_01000_p_00800,40.0,40.0,3.0,1.0,96,22.91831180523293,square-0-4,101,0.8
1506,square,0000-0100,noise_sampled_s_1_m_08000_a_02000_d_03000_l_01000_p_00800,40.0,40.0,7.0,0.0,100,22.91831180523293,square-0-4,102,0.8
1507,square,0000-0104,noise_sampled_s_1_m_08000_a_02000_d_03000_l_01000_p_00800,40.0,40.0,3.0,9.0,104,22.91831180523293,square-0-4,103,0.8
1508,square,0000-0108,noise_sampled_s_1_m_08000_a_02000_d_03000_l_01000_p_00800,40.0,40.0,3.0,2.0,108,22.91831180523293,square-0-4,104,0.8
1509,square,0000-0112,noise_sampled_s_1_m_08000_a_02000_d_03000_l_01000_p_00800,40.0,40.0,7.0,0.0,112,22.91831180523293,square-0-4,105,0.8
1510,square,0000-0116,noise_sampled_s_1_m_08000_a_02000_d_03000_l_01000_p_00800,40.0,40.0,3.0,7.0,116,22.91831180523293,square-0-4,106,0.8
1511,square,0000-0120,noise_sampled_s_1_m_08000_a_02000_d_03000_l_01000_p_00800,40.0,40.0,8.0,2.0,120,22.91831180523293,square-0-4,107,0.8
1512,square,0000-0124,noise_sampled_s_1_m_08000_a_02000_d_03000_l_01000_p_00800,40.0,40.0,3.0,8.0,124,22.91831180523293,square-0-4,108,0.8
1513,square,0000-0128,noise_sampled_s_1_m_08000_a_02000_d_03000_l_01000_p_00800,40.0,40.0,3.0,1.0,128,22.91831180523293,square-0-4,109,0.8
1514,square,0000-0132,noise_sampled_s_1_m_08000_a_02000_d_03000_l_01000_p_00800,40.0,40.0,7.0,0.0,132,22.91831180523293,square-0-4,110,0.8
1515,square,0000-0136,noise_sampled_s_1_m_08000_a_02000_d_03000_l_01000_p_00800,40.0,40.0,3.0,8.0,136,22.91831180523293,square-0-4,111,0.8
1516,square,0000-0140,noise_sampled_s_1_m_08000_a_02000_d_03000_l_01000_p_00800,40.0,40.0,5.0,0.0,140,22.91831180523293,square-0-4,112,0.8
1517,square,0000-0144,noise_sampled_s_1_m_08000_a_02000_d_03000_l_01000_p_00800,40.0,40.0,2.0,8.0,144,22.91831180523293,square-0-4,113,0.8
1518,square,0000-0148,noise_sampled_s_1_m_08000_a_02000_d_03000_l_01000_p_00800,40.0,40.0,5.0,0.0,148,22.91831180523293,square-0-4,114,0.8
1519,square,0000-0152,noise_sampled_s_1_m_08000_a_02000_d_03000_l_01000_p_00800,40.0,40.0,7.0,0.0,152,22.91831180523293,square-0-4,115,0.8
1520,square,0000-0156,noise_sampled_s_1_m_08000_a_02000_d_03000_l_01000_p_00800,40.0,40.0,3.0,8.0,156,22.91831180523293,square-0-4,116,0.8
1521,square,0000-0004,noise_sampled_s_1_m_08000_a_02000_d_03000_l_01000_p_00800,40.0,40.0,2.0,9.0,4,0.0,square-0-0,78,0.8
1522,square,0000-0008,noise_sampled_s_1_m_08000_a_02000_d_03000_l_01000_p_00800,40.0,40.0,7.0,3.0,8,0.0,square-0-0,79,0.8
1523,square,0000-0012,noise_sampled_s_1_m_08000_a_02000_d_03000_l_01000_p_00800,40.0,40.0,2.0,9.0,12,0.0,square-0-0,80,0.8
1524,square,0000-0016,noise_sampled_s_1_m_08000_a_02000_d_03000_l_01000_p_00800,40.0,40.0,6.0,2.0,16,0.0,square-0-0,81,0.8
1525,square,0000-0020,noise_sampled_s_1_m_08000_a_02000_d_03000_l_01000_p_00800,40.0,40.0,2.0,9.0,20,0.0,square-0-0,82,0.8
1526,square,0000-0024,noise_sampled_s_1_m_08000_a_02000_d_03000_l_01000_p_00800,40.0,40.0,7.0,3.0,24,0.0,square-0-0,83,0.8
1527,square,0000-0028,noise_sampled_s_1_m_08000_a_02000_d_03000_l_01000_p_00800,40.0,40.0,2.0,9.0,28,0.0,square-0-0,84,0.8
1528,square,0000-0032,noise_sampled_s_1_m_08000_a_02000_d_03000_l_01000_p_00800,40.0,40.0,7.0,3.0,32,0.0,square-0-0,85,0.8
1529,square,0000-0036,noise_sampled_s_1_m_08000_a_02000_d_03000_l_01000_p_00800,40.0,40.0,2.0,9.0,36,0.0,square-0-0,86,0.8
1530,square,0000-0040,noise_sampled_s_1_m_08000_a_02000_d_03000_l_01000_p_00800,40.0,40.0,6.0,3.0,40,0.0,square-0-0,87,0.8
1531,square,0000-0044,noise_sampled_s_1_m_08000_a_02000_d_03000_l_01000_p_00800,40.0,40.0,2.0,8.0,44,0.0,square-0-0,88,0.8
1532,square,0000-0048,noise_sampled_s_1_m_08000_a_02000_d_03000_l_01000_p_00800,40.0,40.0,6.0,2.0,48,0.0,square-0-0,89,0.8
1533,square,0000-0052,noise_sampled_s_1_m_08000_a_02000_d_03000_l_01000_p_00800,40.0,40.0,2.0,9.0,52,0.0,square-0-0,90,0.8
1534,square,0000-0056,noise_sampled_s_1_m_08000_a_02000_d_03000_l_01000_p_00800,40.0,40.0,6.0,2.0,56,0.0,square-0-0,91,0.8
1535,square,0000-0060,noise_sampled_s_1_m_08000_a_02000_d_03000_l_01000_p_00800,40.0,40.0,1.0,8.0,60,0.0,square-0-0,92,0.8
1536,square,0000-0064,noise_sampled_s_1_m_08000_a_02000_d_03000_l_01000_p_00800,40.0,40.0,6.0,2.0,64,0.0,square-0-0,93,0.8
1537,square,0000-0068,noise_sampled_s_1_m_08000_a_02000_d_03000_l_01000_p_00800,40.0,40.0,2.0,8.0,68,0.0,square-0-0,94,0.8
1538,square,0000-0072,noise_sampled_s_1_m_08000_a_02000_d_03000_l_01000_p_00800,40.0,40.0,6.0,2.0,72,0.0,square-0-0,95,0.8
1539,square,0000-0076,noise_sampled_s_1_m_08000_a_02000_d_03000_l_01000_p_00800,40.0,40.0,2.0,8.0,76,0.0,square-0-0,96,0.8
1540,square,0000-0080,noise_sampled_s_1_m_08000_a_02000_d_03000_l_01000_p_00800,40.0,40.0,6.0,2.0,80,0.0,square-0-0,97,0.8
1541,square,0000-0084,noise_sampled_s_1_m_08000_a_02000_d_03000_l_01000_p_00800,40.0,40.0,0.0,8.0,84,0.0,square-0-0,98,0.8
1542,square,0000-0088,noise_sampled_s_1_m_08000_a_02000_d_03000_l_01000_p_00800,40.0,40.0,6.0,2.0,88,0.0,square-0-0,99,0.8
1543,square,0000-0092,noise_sampled_s_1_m_08000_a_02000_d_03000_l_01000_p_00800,40.0,40.0,0.0,8.0,92,0.0,square-0-0,100,0.8
1544,square,0000-0096,noise_sampled_s_1_m_08000_a_02000_d_03000_l_01000_p_00800,40.0,40.0,6.0,3.0,96,0.0,square-0-0,101,0.8
1545,square,0000-0100,noise_sampled_s_1_m_08000_a_02000_d_03000_l_01000_p_00800,40.0,40.0,2.0,8.0,100,0.0,square-0-0,102,0.8
1546,square,0000-0104,noise_sampled_s_1_m_08000_a_02000_d_03000_l_01000_p_00800,40.0,40.0,7.0,3.0,104,0.0,square-0-0,103,0.8
1547,square,0000-0108,noise_sampled_s_1_m_08000_a_02000_d_03000_l_01000_p_00800,40.0,40.0,2.0,9.0,108,0.0,square-0-0,104,0.8
1548,square,0000-0112,noise_sampled_s_1_m_08000_a_02000_d_03000_l_01000_p_00800,40.0,40.0,7.0,3.0,112,0.0,square-0-0,105,0.8
1549,square,0000-0116,noise_sampled_s_1_m_08000_a_02000_d_03000_l_01000_p_00800,40.0,40.0,2.0,9.0,116,0.0,square-0-0,106,0.8
1550,square,0000-0120,noise_sampled_s_1_m_08000_a_02000_d_03000_l_01000_p_00800,40.0,40.0,6.0,3.0,120,0.0,square-0-0,107,0.8
1551,square,0000-0124,noise_sampled_s_1_m_08000_a_02000_d_03000_l_01000_p_00800,40.0,40.0,0.0,8.0,124,0.0,square-0-0,108,0.8
1552,square,0000-0128,noise_sampled_s_1_m_08000_a_02000_d_03000_l_01000_p_00800,40.0,40.0,6.0,3.0,128,0.0,square-0-0,109,0.8
1553,square,0000-0132,noise_sampled_s_1_m_08000_a_02000_d_03000_l_01000_p_00800,40.0,40.0,2.0,9.0,132,0.0,square-0-0,110,0.8
1554,square,0000-0136,noise_sampled_s_1_m_08000_a_02000_d_03000_l_01000_p_00800,40.0,40.0,6.0,2.0,136,0.0,square-0-0,111,0.8
1555,square,0000-0140,noise_sampled_s_1_m_08000_a_02000_d_03000_l_01000_p_00800,40.0,40.0,2.0,9.0,140,0.0,square-0-0,112,0.8
1556,square,0000-0144,noise_sampled_s_1_m_08000_a_02000_d_03000_l_01000_p_00800,40.0,40.0,7.0,3.0,144,0.0,square-0-0,113,0.8
1557,square,0000-0148,noise_sampled_s_1_m_08000_a_02000_d_03000_l_01000_p_00800,40.0,40.0,2.0,9.0,148,0.0,square-0-0,114,0.8
1558,square,0000-0152,noise_sampled_s_1_m_08000_a_02000_d_03000_l_01000_p_00800,40.0,40.0,7.0,3.0,152,0.0,square-0-0,115,0.8
1559,square,0000-0156,noise_sampled_s_1_m_08000_a_02000_d_03000_l_01000_p_00800,40.0,40.0,1.0,9.0,156,0.0,square-0-0,116,0.8
1560,square,0000-0004,noise_sampled_s_1_m_08000_a_02000_d_03000_l_01000_p_00800,40.0,40.0,3.0,7.0,4,34.37746770784939,square-0-6,78,0.8
1561,square,0000-0008,noise_sampled_s_1_m_08000_a_02000_d_03000_l_01000_p_00800,40.0,40.0,4.0,2.0,8,34.37746770784939,square-0-6,79,0.8
1562,square,0000-0012,noise_sampled_s_1_m_08000_a_02000_d_03000_l_01000_p_00800,40.0,40.0,8.0,3.0,12,34.37746770784939,square-0-6,80,0.8
1563,square,0000-0016,noise_sampled_s_1_m_08000_a_02000_d_03000_l_01000_p_00800,40.0,40.0,3.0,6.0,16,34.37746770784939,square-0-6,81,0.8
1564,square,0000-0020,noise_sampled_s_1_m_08000_a_02000_d_03000_l_01000_p_00800,40.0,40.0,4.0,2.0,20,34.37746770784939,square-0-6,82,0.8
1565,square,0000-0024,noise_sampled_s_1_m_08000_a_02000_d_03000_l_01000_p_00800,40.0,40.0,8.0,2.0,24,34.37746770784939,square-0-6,83,0.8
1566,square,0000-0028,noise_sampled_s_1_m_08000_a_02000_d_03000_l_01000_p_00800,40.0,40.0,3.0,7.0,28,34.37746770784939,square-0-6,84,0.8
1567,square,0000-0032,noise_sampled_s_1_m_08000_a_02000_d_03000_l_01000_p_00800,40.0,40.0,4.0,2.0,32,34.37746770784939,square-0-6,85,0.8
1568,square,0000-0036,noise_sampled_s_1_m_08000_a_02000_d_03000_l_01000_p_00800,40.0,40.0,7.0,0.0,36,34.37746770784939,square-0-6,86,0.8
1569,square,0000-0040,noise_sampled_s_1_m_08000_a_02000_d_03000_l_01000_p_00800,40.0,40.0,4.0,7.0,40,34.37746770784939,square-0-6,87,0.8
1570,square,0000-0044,noise_sampled_s_1_m_08000_a_02000_d_03000_l_01000_p_00800,40.0,40.0,3.0,2.0,44,34.37746770784939,square-0-6,88,0.8
1571,square,0000-0048,noise_sampled_s_1_m_08000_a_02000_d_03000_l_01000_p_00800,40.0,40.0,8.0,3.0,48,34.37746770784939,square-0-6,89,0.8
1572,square,0000-0052,noise_sampled_s_1_m_08000_a_02000_d_03000_l_01000_p_00800,40.0,40.0,3.0,6.0,52,34.37746770784939,square-0-6,90,0.8
1573,square,0000-0056,noise_sampled_s_1_m_08000_a_02000_d_03000_l_01000_p_00800,40.0,40.0,3.0,2.0,56,34.37746770784939,square-0-6,91,0.8
1574,square,0000-0060,noise_sampled_s_1_m_08000_a_02000_d_03000_l_01000_p_00800,40.0,40.0,8.0,2.0,60,34.37746770784939,square-0-6,92,0.8
1575,square,0000-0064,noise_sampled_s_1_m_08000_a_02000_d_03000_l_01000_p_00800,40.0,40.0,3.0,6.0,64,34.37746770784939,square-0-6,93,0.8
1576,square,0000-0068,noise_sampled_s_1_m_08000_a_02000_d_03000_l_01000_p_00800,40.0,40.0,3.0,2.0,68,34.37746770784939,square-0-6,94,0.8
1577,square,0000-0072,noise_sampled_s_1_m_08000_a_02000_d_03000_l_01000_p_00800,40.0,40.0,8.0,3.0,72,34.37746770784939,square-0-6,95,0.8
1578,square,0000-0076,noise_sampled_s_1_m_08000_a_02000_d_03000_l_01000_p_00800,40.0,40.0,3.0,6.0,76,34.37746770784939,square-0-6,96,0.8
1579,square,0000-0080,noise_sampled_s_1_m_08000_a_02000_d_03000_l_01000_p_00800,40.0,40.0,3.0,2.0,80,34.37746770784939,square-0-6,97,0.8
1580,square,0000-0084,noise_sampled_s_1_m_08000_a_02000_d_03000_l_01000_p_00800,40.0,40.0,8.0,3.0,84,34.37746770784939,square-0-6,98,0.8
1581,square,0000-0088,noise_sampled_s_1_m_08000_a_02000_d_03000_l_01000_p_00800,40.0,40.0,3.0,6.0,88,34.37746770784939,square-0-6,99,0.8
1582,square,0000-0092,noise_sampled_s_1_m_08000_a_02000_d_03000_l_01000_p_00800,40.0,40.0,4.0,1.0,92,34.37746770784939,square-0-6,100,0.8
1583,square,0000-0096,noise_sampled_s_1_m_08000_a_02000_d_03000_l_01000_p_00800,40.0,40.0,7.0,0.0,96,34.37746770784939,square-0-6,101,0.8
1584,square,0000-0100,noise_sampled_s_1_m_08000_a_02000_d_03000_l_01000_p_00800,40.0,40.0,3.0,6.0,100,34.37746770784939,square-0-6,102,0.8
1585,square,0000-0104,noise_sampled_s_1_m_08000_a_02000_d_03000_l_01000_p_00800,40.0,40.0,4.0,2.0,104,34.37746770784939,square-0-6,103,0.8
1586,square,0000-0108,noise_sampled_s_1_m_08000_a_02000_d_03000_l_01000_p_00800,40.0,40.0,8.0,1.0,108,34.37746770784939,square-0-6,104,0.8
1587,square,0000-0112,noise_sampled_s_1_m_08000_a_02000_d_03000_l_01000_p_00800,40.0,40.0,4.0,7.0,112,34.37746770784939,square-0-6,105,0.8
1588,square,0000-0116,noise_sampled_s_1_m_08000_a_02000_d_03000_l_01000_p_00800,40.0,40.0,3.0,2.0,116,34.37746770784939,square-0-6,106,0.8
1589,square,0000-0120,noise_sampled_s_1_m_08000_a_02000_d_03000_l_01000_p_00800,40.0,40.0,8.0,2.0,120,34.37746770784939,square-0-6,107,0.8
1590,square,0000-0124,noise_sampled_s_1_m_08000_a_02000_d_03000_l_01000_p_00800,40.0,40.0,3.0,7.0,124,34.37746770784939,square-0-6,108,0.8
1591,square,0000-0128,noise_sampled_s_1_m_08000_a_02000_d_03000_l_01000_p_00800,40.0,40.0,3.0,1.0,128,34.37746770784939,square-0-6,109,0.8
1592,square,0000-0132,noise_sampled_s_1_m_08000_a_02000_d_03000_l_01000_p_00800,40.0,40.0,8.0,2.0,132,34.37746770784939,square-0-6,110,0.8
1593,square,0000-0136,noise_sampled_s_1_m_08000_a_02000_d_03000_l_01000_p_00800,40.0,40.0,3.0,7.0,136,34.37746770784939,square-0-6,111,0.8
1594,square,0000-0140,noise_sampled_s_1_m_08000_a_02000_d_03000_l_01000_p_00800,40.0,40.0,3.0,2.0,140,34.37746770784939,square-0-6,112,0.8
1595,square,0000-0144,noise_sampled_s_1_m_08000_a_02000_d_03000_l_01000_p_00800,40.0,40.0,9.0,2.0,144,34.37746770784939,square-0-6,113,0.8
1596,square,0000-0148,noise_sampled_s_1_m_08000_a_02000_d_03000_l_01000_p_00800,40.0,40.0,4.0,7.0,148,34.37746770784939,square-0-6,114,0.8
1597,square,0000-0152,noise_sampled_s_1_m_08000_a_02000_d_03000_l_01000_p_00800,40.0,40.0,4.0,2.0,152,34.37746770784939,square-0-6,115,0.8
1598,square,0000-0156,noise_sampled_s_1_m_08000_a_02000_d_03000_l_01000_p_00800,40.0,40.0,8.0,2.0,156,34.37746770784939,square-0-6,116,0.8
1599,triangle,0000-0004,noise_sampled_s_1_m_08000_a_02000_d_03000_l_01000_p_00800,40.0,40.0,2.0,4.0,4,68.75493541569878,triangle-1-2,78,0.8
1600,triangle,0000-0008,noise_sampled_s_1_m_08000_a_02000_d_03000_l_01000_p_00800,40.0,40.0,8.0,9.0,8,68.75493541569878,triangle-1-2,79,0.8
1601,triangle,0000-0012,noise_sampled_s_1_m_08000_a_02000_d_03000_l_01000_p_00800,40.0,40.0,2.0,4.0,12,68.75493541569878,triangle-1-2,80,0.8
1602,triangle,0000-0016,noise_sampled_s_1_m_08000_a_02000_d_03000_l_01000_p_00800,40.0,40.0,9.0,8.0,16,68.75493541569878,triangle-1-2,81,0.8
1603,triangle,0000-0020,noise_sampled_s_1_m_08000_a_02000_d_03000_l_01000_p_00800,40.0,40.0,2.0,4.0,20,68.75493541569878,triangle-1-2,82,0.8
1604,triangle,0000-0024,noise_sampled_s_1_m_08000_a_02000_d_03000_l_01000_p_00800,40.0,40.0,9.0,9.0,24,68.75493541569878,triangle-1-2,83,0.8
1605,triangle,0000-0028,noise_sampled_s_1_m_08000_a_02000_d_03000_l_01000_p_00800,40.0,40.0,2.0,4.0,28,68.75493541569878,triangle-1-2,84,0.8
1606,triangle,0000-0032,noise_sampled_s_1_m_08000_a_02000_d_03000_l_01000_p_00800,40.0,40.0,9.0,9.0,32,68.75493541569878,triangle-1-2,85,0.8
1607,triangle,0000-0036,noise_sampled_s_1_m_08000_a_02000_d_03000_l_01000_p_00800,40.0,40.0,2.0,4.0,36,68.75493541569878,triangle-1-2,86,0.8
1608,triangle,0000-0040,noise_sampled_s_1_m_08000_a_02000_d_03000_l_01000_p_00800,40.0,40.0,9.0,9.0,40,68.75493541569878,triangle-1-2,87,0.8
1609,triangle,0000-0044,noise_sampled_s_1_m_08000_a_02000_d_03000_l_01000_p_00800,40.0,40.0,2.0,4.0,44,68.75493541569878,triangle-1-2,88,0.8
1610,triangle,0000-0048,noise_sampled_s_1_m_08000_a_02000_d_03000_l_01000_p_00800,40.0,40.0,7.0,5.0,48,68.75493541569878,triangle-1-2,89,0.8
1611,triangle,0000-0052,noise_sampled_s_1_m_08000_a_02000_d_03000_l_01000_p_00800,40.0,40.0,2.0,4.0,52,68.75493541569878,triangle-1-2,90,0.8
1612,triangle,0000-0056,noise_sampled_s_1_m_08000_a_02000_d_03000_l_01000_p_00800,40.0,40.0,7.0,5.0,56,68.75493541569878,triangle-1-2,91,0.8
1613,triangle,0000-0060,noise_sampled_s_1_m_08000_a_02000_d_03000_l_01000_p_00800,40.0,40.0,2.0,4.0,60,68.75493541569878,triangle-1-2,92,0.8
1614,triangle,0000-0064,noise_sampled_s_1_m_08000_a_02000_d_03000_l_01000_p_00800,40.0,40.0,7.0,5.0,64,68.75493541569878,triangle-1-2,93,0.8
1615,triangle,0000-0068,noise_sampled_s_1_m_08000_a_02000_d_03000_l_01000_p_00800,40.0,40.0,2.0,4.0,68,68.75493541569878,triangle-1-2,94,0.8
1616,triangle,0000-0072,noise_sampled_s_1_m_08000_a_02000_d_03000_l_01000_p_00800,40.0,40.0,9.0,8.0,72,68.75493541569878,triangle-1-2,95,0.8
1617,triangle,0000-0076,noise_sampled_s_1_m_08000_a_02000_d_03000_l_01000_p_00800,40.0,40.0,2.0,4.0,76,68.75493541569878,triangle-1-2,96,0.8
1618,triangle,0000-0080,noise_sampled_s_1_m_08000_a_02000_d_03000_l_01000_p_00800,40.0,40.0,7.0,5.0,80,68.75493541569878,triangle-1-2,97,0.8
1619,triangle,0000-0084,noise_sampled_s_1_m_08000_a_02000_d_03000_l_01000_p_00800,40.0,40.0,2.0,4.0,84,68.75493541569878,triangle-1-2,98,0.8
1620,triangle,0000-0088,noise_sampled_s_1_m_08000_a_02000_d_03000_l_01000_p_00800,40.0,40.0,9.0,8.0,88,68.75493541569878,triangle-1-2,99,0.8
1621,triangle,0000-0092,noise_sampled_s_1_m_08000_a_02000_d_03000_l_01000_p_00800,40.0,40.0,2.0,4.0,92,68.75493541569878,triangle-1-2,100,0.8
1622,triangle,0000-0096,noise_sampled_s_1_m_08000_a_02000_d_03000_l_01000_p_00800,40.0,40.0,9.0,8.0,96,68.75493541569878,triangle-1-2,101,0.8
1623,triangle,0000-0100,noise_sampled_s_1_m_08000_a_02000_d_03000_l_01000_p_00800,40.0,40.0,2.0,4.0,100,68.75493541569878,triangle-1-2,102,0.8
1624,triangle,0000-0104,noise_sampled_s_1_m_08000_a_02000_d_03000_l_01000_p_00800,40.0,40.0,8.0,9.0,104,68.75493541569878,triangle-1-2,103,0.8
1625,triangle,0000-0108,noise_sampled_s_1_m_08000_a_02000_d_03000_l_01000_p_00800,40.0,40.0,2.0,4.0,108,68.75493541569878,triangle-1-2,104,0.8
1626,triangle,0000-0112,noise_sampled_s_1_m_08000_a_02000_d_03000_l_01000_p_00800,40.0,40.0,9.0,9.0,112,68.75493541569878,triangle-1-2,105,0.8
1627,triangle,0000-0116,noise_sampled_s_1_m_08000_a_02000_d_03000_l_01000_p_00800,40.0,40.0,2.0,4.0,116,68.75493541569878,triangle-1-2,106,0.8
1628,triangle,0000-0120,noise_sampled_s_1_m_08000_a_02000_d_03000_l_01000_p_00800,40.0,40.0,9.0,9.0,120,68.75493541569878,triangle-1-2,107,0.8
1629,triangle,0000-0124,noise_sampled_s_1_m_08000_a_02000_d_03000_l_01000_p_00800,40.0,40.0,2.0,4.0,124,68.75493541569878,triangle-1-2,108,0.8
1630,triangle,0000-0128,noise_sampled_s_1_m_08000_a_02000_d_03000_l_01000_p_00800,40.0,40.0,9.0,8.0,128,68.75493541569878,triangle-1-2,109,0.8
1631,triangle,0000-0132,noise_sampled_s_1_m_08000_a_02000_d_03000_l_01000_p_00800,40.0,40.0,2.0,4.0,132,68.75493541569878,triangle-1-2,110,0.8
1632,triangle,0000-0136,noise_sampled_s_1_m_08000_a_02000_d_03000_l_01000_p_00800,40.0,40.0,7.0,6.0,136,68.75493541569878,triangle-1-2,111,0.8
1633,triangle,0000-0140,noise_sampled_s_1_m_08000_a_02000_d_03000_l_01000_p_00800,40.0,40.0,2.0,4.0,140,68.75493541569878,triangle-1-2,112,0.8
1634,triangle,0000-0144,noise_sampled_s_1_m_08000_a_02000_d_03000_l_01000_p_00800,40.0,40.0,8.0,9.0,144,68.75493541569878,triangle-1-2,113,0.8
1635,triangle,0000-0148,noise_sampled_s_1_m_08000_a_02000_d_03000_l_01000_p_00800,40.0,40.0,2.0,4.0,148,68.75493541569878,triangle-1-2,114,0.8
1636,triangle,0000-0152,noise_sampled_s_1_m_08000_a_02000_d_03000_l_01000_p_00800,40.0,40.0,9.0,9.0,152,68.75493541569878,triangle-1-2,115,0.8
1637,triangle,0000-0156,noise_sampled_s_1_m_08000_a_02000_d_03000_l_01000_p_00800,40.0,40.0,2.0,4.0,156,68.75493541569878,triangle-1-2,116,0.8
1638,triangle,0000-0004,noise_sampled_s_1_m_08000_a_02000_d_03000_l_01000_p_00800,40.0,40.0,1.0,5.0,4,80.21409131831524,triangle-1-4,78,0.8
1639,triangle,0000-0008,noise_sampled_s_1_m_08000_a_02000_d_03000_l_01000_p_00800,40.0,40.0,8.0,9.0,8,80.21409131831524,triangle-1-4,79,0.8
1640,triangle,0000-0012,noise_sampled_s_1_m_08000_a_02000_d_03000_l_01000_p_00800,40.0,40.0,1.0,5.0,12,80.21409131831524,triangle-1-4,80,0.8
1641,triangle,0000-0016,noise_sampled_s_1_m_08000_a_02000_d_03000_l_01000_p_00800,40.0,40.0,9.0,8.0,16,80.21409131831524,triangle-1-4,81,0.8
1642,triangle,0000-0020,noise_sampled_s_1_m_08000_a_02000_d_03000_l_01000_p_00800,40.0,40.0,2.0,4.0,20,80.21409131831524,triangle-1-4,82,0.8
1643,triangle,0000-0024,noise_sampled_s_1_m_08000_a_02000_d_03000_l_01000_p_00800,40.0,40.0,9.0,9.0,24,80.21409131831524,triangle-1-4,83,0.8
1644,triangle,0000-0028,noise_sampled_s_1_m_08000_a_02000_d_03000_l_01000_p_00800,40.0,40.0,2.0,4.0,28,80.21409131831524,triangle-1-4,84,0.8
1645,triangle,0000-0032,noise_sampled_s_1_m_08000_a_02000_d_03000_l_01000_p_00800,40.0,40.0,9.0,9.0,32,80.21409131831524,triangle-1-4,85,0.8
1646,triangle,0000-0036,noise_sampled_s_1_m_08000_a_02000_d_03000_l_01000_p_00800,40.0,40.0,1.0,5.0,36,80.21409131831524,triangle-1-4,86,0.8
1647,triangle,0000-0040,noise_sampled_s_1_m_08000_a_02000_d_03000_l_01000_p_00800,40.0,40.0,8.0,9.0,40,80.21409131831524,triangle-1-4,87,0.8
1648,triangle,0000-0044,noise_sampled_s_1_m_08000_a_02000_d_03000_l_01000_p_00800,40.0,40.0,1.0,5.0,44,80.21409131831524,triangle-1-4,88,0.8
1649,triangle,0000-0048,noise_sampled_s_1_m_08000_a_02000_d_03000_l_01000_p_00800,40.0,40.0,9.0,8.0,48,80.21409131831524,triangle-1-4,89,0.8
1650,triangle,0000-0052,noise_sampled_s_1_m_08000_a_02000_d_03000_l_01000_p_00800,40.0,40.0,1.0,5.0,52,80.21409131831524,triangle-1-4,90,0.8
1651,triangle,0000-0056,noise_sampled_s_1_m_08000_a_02000_d_03000_l_01000_p_00800,40.0,40.0,9.0,8.0,56,80.21409131831524,triangle-1-4,91,0.8
1652,triangle,0000-0060,noise_sampled_s_1_m_08000_a_02000_d_03000_l_01000_p_00800,40.0,40.0,1.0,5.0,60,80.21409131831524,triangle-1-4,92,0.8
1653,triangle,0000-0064,noise_sampled_s_1_m_08000_a_02000_d_03000_l_01000_p_00800,40.0,40.0,9.0,8.0,64,80.21409131831524,triangle-1-4,93,0.8
1654,triangle,0000-0068,noise_sampled_s_1_m_08000_a_02000_d_03000_l_01000_p_00800,40.0,40.0,1.0,5.0,68,80.21409131831524,triangle-1-4,94,0.8
1655,triangle,0000-0072,noise_sampled_s_1_m_08000_a_02000_d_03000_l_01000_p_00800,40.0,40.0,9.0,9.0,72,80.21409131831524,triangle-1-4,95,0.8
1656,triangle,0000-0076,noise_sampled_s_1_m_08000_a_02000_d_03000_l_01000_p_00800,40.0,40.0,1.0,5.0,76,80.21409131831524,triangle-1-4,96,0.8
1657,triangle,0000-0080,noise_sampled_s_1_m_08000_a_02000_d_03000_l_01000_p_00800,40.0,40.0,9.0,8.0,80,80.21409131831524,triangle-1-4,97,0.8
1658,triangle,0000-0084,noise_sampled_s_1_m_08000_a_02000_d_03000_l_01000_p_00800,40.0,40.0,2.0,4.0,84,80.21409131831524,triangle-1-4,98,0.8
1659,triangle,0000-0088,noise_sampled_s_1_m_08000_a_02000_d_03000_l_01000_p_00800,40.0,40.0,9.0,8.0,88,80.21409131831524,triangle-1-4,99,0.8
1660,triangle,0000-0092,noise_sampled_s_1_m_08000_a_02000_d_03000_l_01000_p_00800,40.0,40.0,2.0,4.0,92,80.21409131831524,triangle-1-4,100,0.8
1661,triangle,0000-0096,noise_sampled_s_1_m_08000_a_02000_d_03000_l_01000_p_00800,40.0,40.0,9.0,8.0,96,80.21409131831524,triangle-1-4,101,0.8
1662,triangle,0000-0100,noise_sampled_s_1_m_08000_a_02000_d_03000_l_01000_p_00800,40.0,40.0,2.0,4.0,100,80.21409131831524,triangle-1-4,102,0.8
1663,triangle,0000-0104,noise_sampled_s_1_m_08000_a_02000_d_03000_l_01000_p_00800,40.0,40.0,8.0,9.0,104,80.21409131831524,triangle-1-4,103,0.8
1664,triangle,0000-0108,noise_sampled_s_1_m_08000_a_02000_d_03000_l_01000_p_00800,40.0,40.0,2.0,4.0,108,80.21409131831524,triangle-1-4,104,0.8
1665,triangle,0000-0112,noise_sampled_s_1_m_08000_a_02000_d_03000_l_01000_p_00800,40.0,40.0,9.0,9.0,112,80.21409131831524,triangle-1-4,105,0.8
1666,triangle,0000-0116,noise_sampled_s_1_m_08000_a_02000_d_03000_l_01000_p_00800,40.0,40.0,2.0,4.0,116,80.21409131831524,triangle-1-4,106,0.8
1667,triangle,0000-0120,noise_sampled_s_1_m_08000_a_02000_d_03000_l_01000_p_00800,40.0,40.0,9.0,9.0,120,80.21409131831524,triangle-1-4,107,0.8
1668,triangle,0000-0124,noise_sampled_s_1_m_08000_a_02000_d_03000_l_01000_p_00800,40.0,40.0,2.0,4.0,124,80.21409131831524,triangle-1-4,108,0.8
1669,triangle,0000-0128,noise_sampled_s_1_m_08000_a_02000_d_03000_l_01000_p_00800,40.0,40.0,9.0,8.0,128,80.21409131831524,triangle-1-4,109,0.8
1670,triangle,0000-0132,noise_sampled_s_1_m_08000_a_02000_d_03000_l_01000_p_00800,40.0,40.0,1.0,5.0,132,80.21409131831524,triangle-1-4,110,0.8
1671,triangle,0000-0136,noise_sampled_s_1_m_08000_a_02000_d_03000_l_01000_p_00800,40.0,40.0,9.0,9.0,136,80.21409131831524,triangle-1-4,111,0.8
1672,triangle,0000-0140,noise_sampled_s_1_m_08000_a_02000_d_03000_l_01000_p_00800,40.0,40.0,1.0,5.0,140,80.21409131831524,triangle-1-4,112,0.8
1673,triangle,0000-0144,noise_sampled_s_1_m_08000_a_02000_d_03000_l_01000_p_00800,40.0,40.0,8.0,9.0,144,80.21409131831524,triangle-1-4,113,0.8
1674,triangle,0000-0148,noise_sampled_s_1_m_08000_a_02000_d_03000_l_01000_p_00800,40.0,40.0,2.0,4.0,148,80.21409131831524,triangle-1-4,114,0.8
1675,triangle,0000-0152,noise_sampled_s_1_m_08000_a_02000_d_03000_l_01000_p_00800,40.0,40.0,9.0,9.0,152,80.21409131831524,triangle-1-4,115,0.8
1676,triangle,0000-0156,noise_sampled_s_1_m_08000_a_02000_d_03000_l_01000_p_00800,40.0,40.0,1.0,5.0,156,80.21409131831524,triangle-1-4,116,0.8
1677,triangle,0000-0004,noise_sampled_s_1_m_08000_a_02000_d_03000_l_01000_p_00800,40.0,40.0,0.0,5.0,4,0.0,triangle-0-0,78,0.8
1678,triangle,0000-0008,noise_sampled_s_1_m_08000_a_02000_d_03000_l_01000_p_00800,40.0,40.0,6.0,8.0,8,0.0,triangle-0-0,79,0.8
1679,triangle,0000-0012,noise_sampled_s_1_m_08000_a_02000_d_03000_l_01000_p_00800,40.0,40.0,0.0,6.0,12,0.0,triangle-0-0,80,0.8
1680,triangle,0000-0016,noise_sampled_s_1_m_08000_a_02000_d_03000_l_01000_p_00800,40.0,40.0,7.0,7.0,16,0.0,triangle-0-0,81,0.8
1681,triangle,0000-0020,noise_sampled_s_1_m_08000_a_02000_d_03000_l_01000_p_00800,40.0,40.0,0.0,5.0,20,0.0,triangle-0-0,82,0.8
1682,triangle,0000-0024,noise_sampled_s_1_m_08000_a_02000_d_03000_l_01000_p_00800,40.0,40.0,6.0,8.0,24,0.0,triangle-0-0,83,0.8
1683,triangle,0000-0028,noise_sampled_s_1_m_08000_a_02000_d_03000_l_01000_p_00800,40.0,40.0,9.0,6.0,28,0.0,triangle-0-0,84,0.8
1684,triangle,0000-0032,noise_sampled_s_1_m_08000_a_02000_d_03000_l_01000_p_00800,40.0,40.0,0.0,2.0,32,0.0,triangle-0-0,85,0.8
1685,triangle,0000-0036,noise_sampled_s_1_m_08000_a_02000_d_03000_l_01000_p_00800,40.0,40.0,6.0,8.0,36,0.0,triangle-0-0,86,0.8
1686,triangle,0000-0040,noise_sampled_s_1_m_08000_a_02000_d_03000_l_01000_p_00800,40.0,40.0,0.0,6.0,40,0.0,triangle-0-0,87,0.8
1687,triangle,0000-0044,noise_sampled_s_1_m_08000_a_02000_d_03000_l_01000_p_00800,40.0,40.0,8.0,7.0,44,0.0,triangle-0-0,88,0.8
1688,triangle,0000-0048,noise_sampled_s_1_m_08000_a_02000_d_03000_l_01000_p_00800,40.0,40.0,0.0,6.0,48,0.0,triangle-0-0,89,0.8
1689,triangle,0000-0052,noise_sampled_s_1_m_08000_a_02000_d_03000_l_01000_p_00800,40.0,40.0,7.0,7.0,52,0.0,triangle-0-0,90,0.8
1690,triangle,0000-0056,noise_sampled_s_1_m_08000_a_02000_d_03000_l_01000_p_00800,40.0,40.0,0.0,6.0,56,0.0,triangle-0-0,91,0.8
1691,triangle,0000-0060,noise_sampled_s_1_m_08000_a_02000_d_03000_l_01000_p_00800,40.0,40.0,8.0,7.0,60,0.0,triangle-0-0,92,0.8
1692,triangle,0000-0064,noise_sampled_s_1_m_08000_a_02000_d_03000_l_01000_p_00800,40.0,40.0,0.0,6.0,64,0.0,triangle-0-0,93,0.8
1693,triangle,0000-0068,noise_sampled_s_1_m_08000_a_02000_d_03000_l_01000_p_00800,40.0,40.0,7.0,7.0,68,0.0,triangle-0-0,94,0.8
1694,triangle,0000-0072,noise_sampled_s_1_m_08000_a_02000_d_03000_l_01000_p_00800,40.0,40.0,0.0,6.0,72,0.0,triangle-0-0,95,0.8
1695,triangle,0000-0076,noise_sampled_s_1_m_08000_a_02000_d_03000_l_01000_p_00800,40.0,40.0,6.0,8.0,76,0.0,triangle-0-0,96,0.8
1696,triangle,0000-0080,noise_sampled_s_1_m_08000_a_02000_d_03000_l_01000_p_00800,40.0,40.0,0.0,6.0,80,0.0,triangle-0-0,97,0.8
1697,triangle,0000-0084,noise_sampled_s_1_m_08000_a_02000_d_03000_l_01000_p_00800,40.0,40.0,7.0,7.0,84,0.0,triangle-0-0,98,0.8
1698,triangle,0000-0088,noise_sampled_s_1_m_08000_a_02000_d_03000_l_01000_p_00800,40.0,40.0,0.0,6.0,88,0.0,triangle-0-0,99,0.8
1699,triangle,0000-0092,noise_sampled_s_1_m_08000_a_02000_d_03000_l_01000_p_00800,40.0,40.0,6.0,7.0,92,0.0,triangle-0-0,100,0.8
1700,triangle,0000-0096,noise_sampled_s_1_m_08000_a_02000_d_03000_l_01000_p_00800,40.0,40.0,0.0,6.0,96,0.0,triangle-0-0,101,0.8
1701,triangle,0000-0100,noise_sampled_s_1_m_08000_a_02000_d_03000_l_01000_p_00800,40.0,40.0,7.0,7.0,100,0.0,triangle-0-0,102,0.8
1702,triangle,0000-0104,noise_sampled_s_1_m_08000_a_02000_d_03000_l_01000_p_00800,40.0,40.0,9.0,6.0,104,0.0,triangle-0-0,103,0.8
1703,triangle,0000-0108,noise_sampled_s_1_m_08000_a_02000_d_03000_l_01000_p_00800,40.0,40.0,0.0,6.0,108,0.0,triangle-0-0,104,0.8
1704,triangle,0000-0112,noise_sampled_s_1_m_08000_a_02000_d_03000_l_01000_p_00800,40.0,40.0,7.0,7.0,112,0.0,triangle-0-0,105,0.8
1705,triangle,0000-0116,noise_sampled_s_1_m_08000_a_02000_d_03000_l_01000_p_00800,40.0,40.0,0.0,5.0,116,0.0,triangle-0-0,106,0.8
1706,triangle,0000-0120,noise_sampled_s_1_m_08000_a_02000_d_03000_l_01000_p_00800,40.0,40.0,6.0,8.0,120,0.0,triangle-0-0,107,0.8
1707,triangle,0000-0124,noise_sampled_s_1_m_08000_a_02000_d_03000_l_01000_p_00800,40.0,40.0,0.0,6.0,124,0.0,triangle-0-0,108,0.8
1708,triangle,0000-0128,noise_sampled_s_1_m_08000_a_02000_d_03000_l_01000_p_00800,40.0,40.0,8.0,6.0,128,0.0,triangle-0-0,109,0.8
1709,triangle,0000-0132,noise_sampled_s_1_m_08000_a_02000_d_03000_l_01000_p_00800,40.0,40.0,0.0,6.0,132,0.0,triangle-0-0,110,0.8
1710,triangle,0000-0136,noise_sampled_s_1_m_08000_a_02000_d_03000_l_01000_p_00800,40.0,40.0,7.0,7.0,136,0.0,triangle-0-0,111,0.8
1711,triangle,0000-0140,noise_sampled_s_1_m_08000_a_02000_d_03000_l_01000_p_00800,40.0,40.0,0.0,6.0,140,0.0,triangle-0-0,112,0.8
1712,triangle,0000-0144,noise_sampled_s_1_m_08000_a_02000_d_03000_l_01000_p_00800,40.0,40.0,6.0,8.0,144,0.0,triangle-0-0,113,0.8
1713,triangle,0000-0148,noise_sampled_s_1_m_08000_a_02000_d_03000_l_01000_p_00800,40.0,40.0,0.0,5.0,148,0.0,triangle-0-0,114,0.8
1714,triangle,0000-0152,noise_sampled_s_1_m_08000_a_02000_d_03000_l_01000_p_00800,40.0,40.0,6.0,8.0,152,0.0,triangle-0-0,115,0.8
1715,triangle,0000-0156,noise_sampled_s_1_m_08000_a_02000_d_03000_l_01000_p_00800,40.0,40.0,0.0,6.0,156,0.0,triangle-0-0,116,0.8
1716,square,0000-0004,noise_sampled_s_1_m_08000_a_02000_d_03000_l_01000_p_00800,40.0,40.0,0.0,0.0,4,68.75493541569878,square-1-2,78,0.8
1717,square,0000-0008,noise_sampled_s_1_m_08000_a_02000_d_03000_l_01000_p_00800,40.0,40.0,9.0,0.0,8,68.75493541569878,square-1-2,79,0.8
1718,square,0000-0012,noise_sampled_s_1_m_08000_a_02000_d_03000_l_01000_p_00800,40.0,40.0,9.0,0.0,12,68.75493541569878,square-1-2,80,0.8
1719,square,0000-0016,noise_sampled_s_1_m_08000_a_02000_d_03000_l_01000_p_00800,40.0,40.0,7.0,0.0,16,68.75493541569878,square-1-2,81,0.8
1720,square,0000-0020,noise_sampled_s_1_m_08000_a_02000_d_03000_l_01000_p_00800,40.0,40.0,0.0,0.0,20,68.75493541569878,square-1-2,82,0.8
1721,square,0000-0024,noise_sampled_s_1_m_08000_a_02000_d_03000_l_01000_p_00800,40.0,40.0,0.0,9.0,24,68.75493541569878,square-1-2,83,0.8
1722,square,0000-0028,noise_sampled_s_1_m_08000_a_02000_d_03000_l_01000_p_00800,40.0,40.0,5.0,3.0,28,68.75493541569878,square-1-2,84,0.8
1723,square,0000-0032,noise_sampled_s_1_m_08000_a_02000_d_03000_l_01000_p_00800,40.0,40.0,0.0,9.0,32,68.75493541569878,square-1-2,85,0.8
1724,square,0000-0036,noise_sampled_s_1_m_08000_a_02000_d_03000_l_01000_p_00800,40.0,40.0,5.0,3.0,36,68.75493541569878,square-1-2,86,0.8
1725,square,0000-0040,noise_sampled_s_1_m_08000_a_02000_d_03000_l_01000_p_00800,40.0,40.0,0.0,9.0,40,68.75493541569878,square-1-2,87,0.8
1726,square,0000-0044,noise_sampled_s_1_m_08000_a_02000_d_03000_l_01000_p_00800,40.0,40.0,4.0,3.0,44,68.75493541569878,square-1-2,88,0.8
1727,square,0000-0048,noise_sampled_s_1_m_08000_a_02000_d_03000_l_01000_p_00800,40.0,40.0,8.0,0.0,48,68.75493541569878,square-1-2,89,0.8
1728,square,0000-0052,noise_sampled_s_1_m_08000_a_02000_d_03000_l_01000_p_00800,40.0,40.0,7.0,0.0,52,68.75493541569878,square-1-2,90,0.8
1729,square,0000-0056,noise_sampled_s_1_m_08000_a_02000_d_03000_l_01000_p_00800,40.0,40.0,0.0,1.0,56,68.75493541569878,square-1-2,91,0.8
1730,square,0000-0060,noise_sampled_s_1_m_08000_a_02000_d_03000_l_01000_p_00800,40.0,40.0,0.0,8.0,60,68.75493541569878,square-1-2,92,0.8
1731,square,0000-0064,noise_sampled_s_1_m_08000_a_02000_d_03000_l_01000_p_00800,40.0,40.0,4.0,3.0,64,68.75493541569878,square-1-2,93,0.8
1732,square,0000-0068,noise_sampled_s_1_m_08000_a_02000_d_03000_l_01000_p_00800,40.0,40.0,8.0,0.0,68,68.75493541569878,square-1-2,94,0.8
1733,square,0000-0072,noise_sampled_s_1_m_08000_a_02000_d_03000_l_01000_p_00800,40.0,40.0,2.0,7.0,72,68.75493541569878,square-1-2,95,0.8
1734,square,0000-0076,noise_sampled_s_1_m_08000_a_02000_d_03000_l_01000_p_00800,40.0,40.0,4.0,3.0,76,68.75493541569878,square-1-2,96,0.8
1735,square,0000-0080,noise_sampled_s_1_m_08000_a_02000_d_03000_l_01000_p_00800,40.0,40.0,8.0,0.0,80,68.75493541569878,square-1-2,97,0.8
1736,square,0000-0084,noise_sampled_s_1_m_08000_a_02000_d_03000_l_01000_p_00800,40.0,40.0,7.0,0.0,84,68.75493541569878,square-1-2,98,0.8
1737,square,0000-0088,noise_sampled_s_1_m_08000_a_02000_d_03000_l_01000_p_00800,40.0,40.0,1.0,1.0,88,68.75493541569878,square-1-2,99,0.8
1738,square,0000-0092,noise_sampled_s_1_m_08000_a_02000_d_03000_l_01000_p_00800,40.0,40.0,0.0,9.0,92,68.75493541569878,square-1-2,100,0.8
1739,square,0000-0096,noise_sampled_s_1_m_08000_a_02000_d_03000_l_01000_p_00800,40.0,40.0,4.0,3.0,96,68.75493541569878,square-1-2,101,0.8
1740,square,0000-0100,noise_sampled_s_1_m_08000_a_02000_d_03000_l_01000_p_00800,40.0,40.0,0.0,8.0,100,68.75493541569878,square-1-2,102,0.8
1741,square,0000-0104,noise_sampled_s_1_m_08000_a_02000_d_03000_l_01000_p_00800,40.0,40.0,6.0,3.0,104,68.75493541569878,square-1-2,103,0.8
1742,square,0000-0108,noise_sampled_s_1_m_08000_a_02000_d_03000_l_01000_p_00800,40.0,40.0,9.0,0.0,108,68.75493541569878,square-1-2,104,0.8
1743,square,0000-0112,noise_sampled_s_1_m_08000_a_02000_d_03000_l_01000_p_00800,40.0,40.0,2.0,7.0,112,68.75493541569878,square-1-2,105,0.8
1744,square,0000-0116,noise_sampled_s_1_m_08000_a_02000_d_03000_l_01000_p_00800,40.0,40.0,5.0,2.0,116,68.75493541569878,square-1-2,106,0.8
1745,square,0000-0120,noise_sampled_s_1_m_08000_a_02000_d_03000_l_01000_p_00800,40.0,40.0,0.0,9.0,120,68.75493541569878,square-1-2,107,0.8
1746,square,0000-0124,noise_sampled_s_1_m_08000_a_02000_d_03000_l_01000_p_00800,40.0,40.0,5.0,3.0,124,68.75493541569878,square-1-2,108,0.8
1747,square,0000-0128,noise_sampled_s_1_m_08000_a_02000_d_03000_l_01000_p_00800,40.0,40.0,0.0,8.0,128,68.75493541569878,square-1-2,109,0.8
1748,square,0000-0132,noise_sampled_s_1_m_08000_a_02000_d_03000_l_01000_p_00800,40.0,40.0,5.0,3.0,132,68.75493541569878,square-1-2,110,0.8
1749,square,0000-0136,noise_sampled_s_1_m_08000_a_02000_d_03000_l_01000_p_00800,40.0,40.0,9.0,0.0,136,68.75493541569878,square-1-2,111,0.8
1750,square,0000-0140,noise_sampled_s_1_m_08000_a_02000_d_03000_l_01000_p_00800,40.0,40.0,2.0,7.0,140,68.75493541569878,square-1-2,112,0.8
1751,square,0000-0144,noise_sampled_s_1_m_08000_a_02000_d_03000_l_01000_p_00800,40.0,40.0,5.0,3.0,144,68.75493541569878,square-1-2,113,0.8
1752,square,0000-0148,noise_sampled_s_1_m_08000_a_02000_d_03000_l_01000_p_00800,40.0,40.0,9.0,0.0,148,68.75493541569878,square-1-2,114,0.8
1753,square,0000-0152,noise_sampled_s_1_m_08000_a_02000_d_03000_l_01000_p_00800,40.0,40.0,0.0,9.0,152,68.75493541569878,square-1-2,115,0.8
1754,square,0000-0156,noise_sampled_s_1_m_08000_a_02000_d_03000_l_01000_p_00800,40.0,40.0,5.0,3.0,156,68.75493541569878,square-1-2,116,0.8
1755,square,0000-0004,noise_sampled_s_1_m_08000_a_02000_d_03000_l_01000_p_00800,40.0,40.0,1.0,8.0,4,91.67324722093171,square-1-6,78,0.8
1756,square,0000-0008,noise_sampled_s_1_m_08000_a_02000_d_03000_l_01000_p_00800,40.0,40.0,7.0,3.0,8,91.67324722093171,square-1-6,79,0.8
1757,square,0000-0012,noise_sampled_s_1_m_08000_a_02000_d_03000_l_01000_p_00800,40.0,40.0,1.0,8.0,12,91.67324722093171,square-1-6,80,0.8
1758,square,0000-0016,noise_sampled_s_1_m_08000_a_02000_d_03000_l_01000_p_00800,40.0,40.0,6.0,2.0,16,91.67324722093171,square-1-6,81,0.8
1759,square,0000-0020,noise_sampled_s_1_m_08000_a_02000_d_03000_l_01000_p_00800,40.0,40.0,2.0,9.0,20,91.67324722093171,square-1-6,82,0.8
1760,square,0000-0024,noise_sampled_s_1_m_08000_a_02000_d_03000_l_01000_p_00800,40.0,40.0,7.0,3.0,24,91.67324722093171,square-1-6,83,0.8
1761,square,0000-0028,noise_sampled_s_1_m_08000_a_02000_d_03000_l_01000_p_00800,40.0,40.0,2.0,9.0,28,91.67324722093171,square-1-6,84,0.8
1762,square,0000-0032,noise_sampled_s_1_m_08000_a_02000_d_03000_l_01000_p_00800,40.0,40.0,7.0,3.0,32,91.67324722093171,square-1-6,85,0.8
1763,square,0000-0036,noise_sampled_s_1_m_08000_a_02000_d_03000_l_01000_p_00800,40.0,40.0,1.0,8.0,36,91.67324722093171,square-1-6,86,0.8
1764,square,0000-0040,noise_sampled_s_1_m_08000_a_02000_d_03000_l_01000_p_00800,40.0,40.0,7.0,3.0,40,91.67324722093171,square-1-6,87,0.8
1765,square,0000-0044,noise_sampled_s_1_m_08000_a_02000_d_03000_l_01000_p_00800,40.0,40.0,3.0,8.0,44,91.67324722093171,square-1-6,88,0.8
1766,square,0000-0048,noise_sampled_s_1_m_08000_a_02000_d_03000_l_01000_p_00800,40.0,40.0,6.0,2.0,48,91.67324722093171,square-1-6,89,0.8
1767,square,0000-0052,noise_sampled_s_1_m_08000_a_02000_d_03000_l_01000_p_00800,40.0,40.0,0.0,8.0,52,91.67324722093171,square-1-6,90,0.8
1768,square,0000-0056,noise_sampled_s_1_m_08000_a_02000_d_03000_l_01000_p_00800,40.0,40.0,6.0,2.0,56,91.67324722093171,square-1-6,91,0.8
1769,square,0000-0060,noise_sampled_s_1_m_08000_a_02000_d_03000_l_01000_p_00800,40.0,40.0,2.0,8.0,60,91.67324722093171,square-1-6,92,0.8
1770,square,0000-0064,noise_sampled_s_1_m_08000_a_02000_d_03000_l_01000_p_00800,40.0,40.0,5.0,1.0,64,91.67324722093171,square-1-6,93,0.8
1771,square,0000-0068,noise_sampled_s_1_m_08000_a_02000_d_03000_l_01000_p_00800,40.0,40.0,1.0,7.0,68,91.67324722093171,square-1-6,94,0.8
1772,square,0000-0072,noise_sampled_s_1_m_08000_a_02000_d_03000_l_01000_p_00800,40.0,40.0,6.0,2.0,72,91.67324722093171,square-1-6,95,0.8
1773,square,0000-0076,noise_sampled_s_1_m_08000_a_02000_d_03000_l_01000_p_00800,40.0,40.0,3.0,8.0,76,91.67324722093171,square-1-6,96,0.8
1774,square,0000-0080,noise_sampled_s_1_m_08000_a_02000_d_03000_l_01000_p_00800,40.0,40.0,5.0,1.0,80,91.67324722093171,square-1-6,97,0.8
1775,square,0000-0084,noise_sampled_s_1_m_08000_a_02000_d_03000_l_01000_p_00800,40.0,40.0,2.0,9.0,84,91.67324722093171,square-1-6,98,0.8
1776,square,0000-0088,noise_sampled_s_1_m_08000_a_02000_d_03000_l_01000_p_00800,40.0,40.0,6.0,2.0,88,91.67324722093171,square-1-6,99,0.8
1777,square,0000-0092,noise_sampled_s_1_m_08000_a_02000_d_03000_l_01000_p_00800,40.0,40.0,2.0,9.0,92,91.67324722093171,square-1-6,100,0.8
1778,square,0000-0096,noise_sampled_s_1_m_08000_a_02000_d_03000_l_01000_p_00800,40.0,40.0,6.0,3.0,96,91.67324722093171,square-1-6,101,0.8
1779,square,0000-0100,noise_sampled_s_1_m_08000_a_02000_d_03000_l_01000_p_00800,40.0,40.0,2.0,7.0,100,91.67324722093171,square-1-6,102,0.8
1780,square,0000-0104,noise_sampled_s_1_m_08000_a_02000_d_03000_l_01000_p_00800,40.0,40.0,7.0,2.0,104,91.67324722093171,square-1-6,103,0.8
1781,square,0000-0108,noise_sampled_s_1_m_08000_a_02000_d_03000_l_01000_p_00800,40.0,40.0,1.0,8.0,108,91.67324722093171,square-1-6,104,0.8
1782,square,0000-0112,noise_sampled_s_1_m_08000_a_02000_d_03000_l_01000_p_00800,40.0,40.0,7.0,3.0,112,91.67324722093171,square-1-6,105,0.8
1783,square,0000-0116,noise_sampled_s_1_m_08000_a_02000_d_03000_l_01000_p_00800,40.0,40.0,3.0,9.0,116,91.67324722093171,square-1-6,106,0.8
1784,square,0000-0120,noise_sampled_s_1_m_08000_a_02000_d_03000_l_01000_p_00800,40.0,40.0,7.0,3.0,120,91.67324722093171,square-1-6,107,0.8
1785,square,0000-0124,noise_sampled_s_1_m_08000_a_02000_d_03000_l_01000_p_00800,40.0,40.0,2.0,9.0,124,91.67324722093171,square-1-6,108,0.8
1786,square,0000-0128,noise_sampled_s_1_m_08000_a_02000_d_03000_l_01000_p_00800,40.0,40.0,6.0,3.0,128,91.67324722093171,square-1-6,109,0.8
1787,square,0000-0132,noise_sampled_s_1_m_08000_a_02000_d_03000_l_01000_p_00800,40.0,40.0,7.0,0.0,132,91.67324722093171,square-1-6,110,0.8
1788,square,0000-0136,noise_sampled_s_1_m_08000_a_02000_d_03000_l_01000_p_00800,40.0,40.0,1.0,8.0,136,91.67324722093171,square-1-6,111,0.8
1789,square,0000-0140,noise_sampled_s_1_m_08000_a_02000_d_03000_l_01000_p_00800,40.0,40.0,6.0,2.0,140,91.67324722093171,square-1-6,112,0.8
1790,square,0000-0144,noise_sampled_s_1_m_08000_a_02000_d_03000_l_01000_p_00800,40.0,40.0,2.0,9.0,144,91.67324722093171,square-1-6,113,0.8
1791,square,0000-0148,noise_sampled_s_1_m_08000_a_02000_d_03000_l_01000_p_00800,40.0,40.0,7.0,3.0,148,91.67324722093171,square-1-6,114,0.8
1792,square,0000-0152,noise_sampled_s_1_m_08000_a_02000_d_03000_l_01000_p_00800,40.0,40.0,2.0,9.0,152,91.67324722093171,square-1-6,115,0.8
1793,square,0000-0156,noise_sampled_s_1_m_08000_a_02000_d_03000_l_01000_p_00800,40.0,40.0,7.0,3.0,156,91.67324722093171,square-1-6,116,0.8
1794,triangle,0000-0004,noise_sampled_s_1_m_08000_a_02000_d_03000_l_01000_p_00800,40.0,40.0,1.0,3.0,4,45.83662361046586,triangle-0-8,78,0.8
1795,triangle,0000-0008,noise_sampled_s_1_m_08000_a_02000_d_03000_l_01000_p_00800,40.0,40.0,6.0,7.0,8,45.83662361046586,triangle-0-8,79,0.8
1796,triangle,0000-0012,noise_sampled_s_1_m_08000_a_02000_d_03000_l_01000_p_00800,40.0,40.0,1.0,3.0,12,45.83662361046586,triangle-0-8,80,0.8
1797,triangle,0000-0016,noise_sampled_s_1_m_08000_a_02000_d_03000_l_01000_p_00800,40.0,40.0,5.0,9.0,16,45.83662361046586,triangle-0-8,81,0.8
1798,triangle,0000-0020,noise_sampled_s_1_m_08000_a_02000_d_03000_l_01000_p_00800,40.0,40.0,0.0,3.0,20,45.83662361046586,triangle-0-8,82,0.8
1799,triangle,0000-0024,noise_sampled_s_1_m_08000_a_02000_d_03000_l_01000_p_00800,40.0,40.0,5.0,9.0,24,45.83662361046586,triangle-0-8,83,0.8
1800,triangle,0000-0028,noise_sampled_s_1_m_08000_a_02000_d_03000_l_01000_p_00800,40.0,40.0,0.0,3.0,28,45.83662361046586,triangle-0-8,84,0.8
1801,triangle,0000-0032,noise_sampled_s_1_m_08000_a_02000_d_03000_l_01000_p_00800,40.0,40.0,6.0,7.0,32,45.83662361046586,triangle-0-8,85,0.8
1802,triangle,0000-0036,noise_sampled_s_1_m_08000_a_02000_d_03000_l_01000_p_00800,40.0,40.0,1.0,3.0,36,45.83662361046586,triangle-0-8,86,0.8
1803,triangle,0000-0040,noise_sampled_s_1_m_08000_a_02000_d_03000_l_01000_p_00800,40.0,40.0,6.0,7.0,40,45.83662361046586,triangle-0-8,87,0.8
1804,triangle,0000-0044,noise_sampled_s_1_m_08000_a_02000_d_03000_l_01000_p_00800,40.0,40.0,1.0,3.0,44,45.83662361046586,triangle-0-8,88,0.8
1805,triangle,0000-0048,noise_sampled_s_1_m_08000_a_02000_d_03000_l_01000_p_00800,40.0,40.0,6.0,7.0,48,45.83662361046586,triangle-0-8,89,0.8
1806,triangle,0000-0052,noise_sampled_s_1_m_08000_a_02000_d_03000_l_01000_p_00800,40.0,40.0,0.0,3.0,52,45.83662361046586,triangle-0-8,90,0.8
1807,triangle,0000-0056,noise_sampled_s_1_m_08000_a_02000_d_03000_l_01000_p_00800,40.0,40.0,5.0,9.0,56,45.83662361046586,triangle-0-8,91,0.8
1808,triangle,0000-0060,noise_sampled_s_1_m_08000_a_02000_d_03000_l_01000_p_00800,40.0,40.0,1.0,3.0,60,45.83662361046586,triangle-0-8,92,0.8
1809,triangle,0000-0064,noise_sampled_s_1_m_08000_a_02000_d_03000_l_01000_p_00800,40.0,40.0,8.0,5.0,64,45.83662361046586,triangle-0-8,93,0.8
1810,triangle,0000-0068,noise_sampled_s_1_m_08000_a_02000_d_03000_l_01000_p_00800,40.0,40.0,1.0,3.0,68,45.83662361046586,triangle-0-8,94,0.8
1811,triangle,0000-0072,noise_sampled_s_1_m_08000_a_02000_d_03000_l_01000_p_00800,40.0,40.0,5.0,9.0,72,45.83662361046586,triangle-0-8,95,0.8
1812,triangle,0000-0076,noise_sampled_s_1_m_08000_a_02000_d_03000_l_01000_p_00800,40.0,40.0,1.0,3.0,76,45.83662361046586,triangle-0-8,96,0.8
1813,triangle,0000-0080,noise_sampled_s_1_m_08000_a_02000_d_03000_l_01000_p_00800,40.0,40.0,8.0,5.0,80,45.83662361046586,triangle-0-8,97,0.8
1814,triangle,0000-0084,noise_sampled_s_1_m_08000_a_02000_d_03000_l_01000_p_00800,40.0,40.0,1.0,3.0,84,45.83662361046586,triangle-0-8,98,0.8
1815,triangle,0000-0088,noise_sampled_s_1_m_08000_a_02000_d_03000_l_01000_p_00800,40.0,40.0,6.0,7.0,88,45.83662361046586,triangle-0-8,99,0.8
1816,triangle,0000-0092,noise_sampled_s_1_m_08000_a_02000_d_03000_l_01000_p_00800,40.0,40.0,1.0,3.0,92,45.83662361046586,triangle-0-8,100,0.8
1817,triangle,0000-0096,noise_sampled_s_1_m_08000_a_02000_d_03000_l_01000_p_00800,40.0,40.0,8.0,5.0,96,45.83662361046586,triangle-0-8,101,0.8
1818,triangle,0000-0100,noise_sampled_s_1_m_08000_a_02000_d_03000_l_01000_p_00800,40.0,40.0,1.0,3.0,100,45.83662361046586,triangle-0-8,102,0.8
1819,triangle,0000-0104,noise_sampled_s_1_m_08000_a_02000_d_03000_l_01000_p_00800,40.0,40.0,6.0,7.0,104,45.83662361046586,triangle-0-8,103,0.8
1820,triangle,0000-0108,noise_sampled_s_1_m_08000_a_02000_d_03000_l_01000_p_00800,40.0,40.0,1.0,3.0,108,45.83662361046586,triangle-0-8,104,0.8
1821,triangle,0000-0112,noise_sampled_s_1_m_08000_a_02000_d_03000_l_01000_p_00800,40.0,40.0,6.0,7.0,112,45.83662361046586,triangle-0-8,105,0.8
1822,triangle,0000-0116,noise_sampled_s_1_m_08000_a_02000_d_03000_l_01000_p_00800,40.0,40.0,0.0,3.0,116,45.83662361046586,triangle-0-8,106,0.8
1823,triangle,0000-0120,noise_sampled_s_1_m_08000_a_02000_d_03000_l_01000_p_00800,40.0,40.0,5.0,9.0,120,45.83662361046586,triangle-0-8,107,0.8
1824,triangle,0000-0124,noise_sampled_s_1_m_08000_a_02000_d_03000_l_01000_p_00800,40.0,40.0,0.0,3.0,124,45.83662361046586,triangle-0-8,108,0.8
1825,triangle,0000-0128,noise_sampled_s_1_m_08000_a_02000_d_03000_l_01000_p_00800,40.0,40.0,7.0,6.0,128,45.83662361046586,triangle-0-8,109,0.8
1826,triangle,0000-0132,noise_sampled_s_1_m_08000_a_02000_d_03000_l_01000_p_00800,40.0,40.0,0.0,3.0,132,45.83662361046586,triangle-0-8,110,0.8
1827,triangle,0000-0136,noise_sampled_s_1_m_08000_a_02000_d_03000_l_01000_p_00800,40.0,40.0,6.0,7.0,136,45.83662361046586,triangle-0-8,111,0.8
1828,triangle,0000-0140,noise_sampled_s_1_m_08000_a_02000_d_03000_l_01000_p_00800,40.0,40.0,1.0,4.0,140,45.83662361046586,triangle-0-8,112,0.8
1829,triangle,0000-0144,noise_sampled_s_1_m_08000_a_02000_d_03000_l_01000_p_00800,40.0,40.0,7.0,5.0,144,45.83662361046586,triangle-0-8,113,0.8
1830,triangle,0000-0148,noise_sampled_s_1_m_08000_a_02000_d_03000_l_01000_p_00800,40.0,40.0,0.0,3.0,148,45.83662361046586,triangle-0-8,114,0.8
1831,triangle,0000-0152,noise_sampled_s_1_m_08000_a_02000_d_03000_l_01000_p_00800,40.0,40.0,5.0,9.0,152,45.83662361046586,triangle-0-8,115,0.8
1832,triangle,0000-0156,noise_sampled_s_1_m_08000_a_02000_d_03000_l_01000_p_00800,40.0,40.0,0.0,3.0,156,45.83662361046586,triangle-0-8,116,0.8
1833,square,0000-0004,noise_sampled_s_1_m_08000_a_02000_d_03000_l_01000_p_00800,40.0,40.0,0.0,0.0,4,57.29577951308232,square-1-0,78,0.8
1834,square,0000-0008,noise_sampled_s_1_m_08000_a_02000_d_03000_l_01000_p_00800,40.0,40.0,9.0,0.0,8,57.29577951308232,square-1-0,79,0.8
1835,square,0000-0012,noise_sampled_s_1_m_08000_a_02000_d_03000_l_01000_p_00800,40.0,40.0,0.0,0.0,12,57.29577951308232,square-1-0,80,0.8
1836,square,0000-0016,noise_sampled_s_1_m_08000_a_02000_d_03000_l_01000_p_00800,40.0,40.0,8.0,1.0,16,57.29577951308232,square-1-0,81,0.8
1837,square,0000-0020,noise_sampled_s_1_m_08000_a_02000_d_03000_l_01000_p_00800,40.0,40.0,3.0,6.0,20,57.29577951308232,square-1-0,82,0.8
1838,square,0000-0024,noise_sampled_s_1_m_08000_a_02000_d_03000_l_01000_p_00800,40.0,40.0,4.0,3.0,24,57.29577951308232,square-1-0,83,0.8
1839,square,0000-0028,noise_sampled_s_1_m_08000_a_02000_d_03000_l_01000_p_00800,40.0,40.0,9.0,1.0,28,57.29577951308232,square-1-0,84,0.8
1840,square,0000-0032,noise_sampled_s_1_m_08000_a_02000_d_03000_l_01000_p_00800,40.0,40.0,0.0,0.0,32,57.29577951308232,square-1-0,85,0.8
1841,square,0000-0036,noise_sampled_s_1_m_08000_a_02000_d_03000_l_01000_p_00800,40.0,40.0,9.0,1.0,36,57.29577951308232,square-1-0,86,0.8
1842,square,0000-0040,noise_sampled_s_1_m_08000_a_02000_d_03000_l_01000_p_00800,40.0,40.0,0.0,0.0,40,57.29577951308232,square-1-0,87,0.8
1843,square,0000-0044,noise_sampled_s_1_m_08000_a_02000_d_03000_l_01000_p_00800,40.0,40.0,8.0,1.0,44,57.29577951308232,square-1-0,88,0.8
1844,square,0000-0048,noise_sampled_s_1_m_08000_a_02000_d_03000_l_01000_p_00800,40.0,40.0,0.0,0.0,48,57.29577951308232,square-1-0,89,0.8
1845,square,0000-0052,noise_sampled_s_1_m_08000_a_02000_d_03000_l_01000_p_00800,40.0,40.0,7.0,0.0,52,57.29577951308232,square-1-0,90,0.8
1846,square,0000-0056,noise_sampled_s_1_m_08000_a_02000_d_03000_l_01000_p_00800,40.0,40.0,0.0,0.0,56,57.29577951308232,square-1-0,91,0.8
1847,square,0000-0060,noise_sampled_s_1_m_08000_a_02000_d_03000_l_01000_p_00800,40.0,40.0,8.0,1.0,60,57.29577951308232,square-1-0,92,0.8
1848,square,0000-0064,noise_sampled_s_1_m_08000_a_02000_d_03000_l_01000_p_00800,40.0,40.0,0.0,0.0,64,57.29577951308232,square-1-0,93,0.8
1849,square,0000-0068,noise_sampled_s_1_m_08000_a_02000_d_03000_l_01000_p_00800,40.0,40.0,7.0,0.0,68,57.29577951308232,square-1-0,94,0.8
1850,square,0000-0072,noise_sampled_s_1_m_08000_a_02000_d_03000_l_01000_p_00800,40.0,40.0,0.0,0.0,72,57.29577951308232,square-1-0,95,0.8
1851,square,0000-0076,noise_sampled_s_1_m_08000_a_02000_d_03000_l_01000_p_00800,40.0,40.0,8.0,1.0,76,57.29577951308232,square-1-0,96,0.8
1852,square,0000-0080,noise_sampled_s_1_m_08000_a_02000_d_03000_l_01000_p_00800,40.0,40.0,0.0,0.0,80,57.29577951308232,square-1-0,97,0.8
1853,square,0000-0084,noise_sampled_s_1_m_08000_a_02000_d_03000_l_01000_p_00800,40.0,40.0,7.0,0.0,84,57.29577951308232,square-1-0,98,0.8
1854,square,0000-0088,noise_sampled_s_1_m_08000_a_02000_d_03000_l_01000_p_00800,40.0,40.0,0.0,0.0,88,57.29577951308232,square-1-0,99,0.8
1855,square,0000-0092,noise_sampled_s_1_m_08000_a_02000_d_03000_l_01000_p_00800,40.0,40.0,9.0,1.0,92,57.29577951308232,square-1-0,100,0.8
1856,square,0000-0096,noise_sampled_s_1_m_08000_a_02000_d_03000_l_01000_p_00800,40.0,40.0,0.0,0.0,96,57.29577951308232,square-1-0,101,0.8
1857,square,0000-0100,noise_sampled_s_1_m_08000_a_02000_d_03000_l_01000_p_00800,40.0,40.0,8.0,1.0,100,57.29577951308232,square-1-0,102,0.8
1858,square,0000-0104,noise_sampled_s_1_m_08000_a_02000_d_03000_l_01000_p_00800,40.0,40.0,3.0,6.0,104,57.29577951308232,square-1-0,103,0.8
1859,square,0000-0108,noise_sampled_s_1_m_08000_a_02000_d_03000_l_01000_p_00800,40.0,40.0,4.0,1.0,108,57.29577951308232,square-1-0,104,0.8
1860,square,0000-0112,noise_sampled_s_1_m_08000_a_02000_d_03000_l_01000_p_00800,40.0,40.0,9.0,0.0,112,57.29577951308232,square-1-0,105,0.8
1861,square,0000-0116,noise_sampled_s_1_m_08000_a_02000_d_03000_l_01000_p_00800,40.0,40.0,0.0,0.0,116,57.29577951308232,square-1-0,106,0.8
1862,square,0000-0120,noise_sampled_s_1_m_08000_a_02000_d_03000_l_01000_p_00800,40.0,40.0,9.0,1.0,120,57.29577951308232,square-1-0,107,0.8
1863,square,0000-0124,noise_sampled_s_1_m_08000_a_02000_d_03000_l_01000_p_00800,40.0,40.0,0.0,0.0,124,57.29577951308232,square-1-0,108,0.8
1864,square,0000-0128,noise_sampled_s_1_m_08000_a_02000_d_03000_l_01000_p_00800,40.0,40.0,8.0,1.0,128,57.29577951308232,square-1-0,109,0.8
1865,square,0000-0132,noise_sampled_s_1_m_08000_a_02000_d_03000_l_01000_p_00800,40.0,40.0,0.0,0.0,132,57.29577951308232,square-1-0,110,0.8
1866,square,0000-0136,noise_sampled_s_1_m_08000_a_02000_d_03000_l_01000_p_00800,40.0,40.0,7.0,0.0,136,57.29577951308232,square-1-0,111,0.8
1867,square,0000-0140,noise_sampled_s_1_m_08000_a_02000_d_03000_l_01000_p_00800,40.0,40.0,0.0,0.0,140,57.29577951308232,square-1-0,112,0.8
1868,square,0000-0144,noise_sampled_s_1_m_08000_a_02000_d_03000_l_01000_p_00800,40.0,40.0,9.0,0.0,144,57.29577951308232,square-1-0,113,0.8
1869,square,0000-0148,noise_sampled_s_1_m_08000_a_02000_d_03000_l_01000_p_00800,40.0,40.0,3.0,6.0,148,57.29577951308232,square-1-0,114,0.8
1870,square,0000-0152,noise_sampled_s_1_m_08000_a_02000_d_03000_l_01000_p_00800,40.0,40.0,4.0,3.0,152,57.29577951308232,square-1-0,115,0.8
1871,square,0000-0156,noise_sampled_s_1_m_08000_a_02000_d_03000_l_01000_p_00800,40.0,40.0,9.0,0.0,156,57.29577951308232,square-1-0,116,0.8
1872,triangle,0000-0004,noise_sampled_s_1_m_08000_a_02000_d_03000_l_01000_p_00800,40.0,40.0,0.0,3.0,4,34.37746770784939,triangle-0-6,78,0.8
1873,triangle,0000-0008,noise_sampled_s_1_m_08000_a_02000_d_03000_l_01000_p_00800,40.0,40.0,5.0,9.0,8,34.37746770784939,triangle-0-6,79,0.8
1874,triangle,0000-0012,noise_sampled_s_1_m_08000_a_02000_d_03000_l_01000_p_00800,40.0,40.0,9.0,5.0,12,34.37746770784939,triangle-0-6,80,0.8
1875,triangle,0000-0016,noise_sampled_s_1_m_08000_a_02000_d_03000_l_01000_p_00800,40.0,40.0,0.0,3.0,16,34.37746770784939,triangle-0-6,81,0.8
1876,triangle,0000-0020,noise_sampled_s_1_m_08000_a_02000_d_03000_l_01000_p_00800,40.0,40.0,5.0,9.0,20,34.37746770784939,triangle-0-6,82,0.8
1877,triangle,0000-0024,noise_sampled_s_1_m_08000_a_02000_d_03000_l_01000_p_00800,40.0,40.0,8.0,5.0,24,34.37746770784939,triangle-0-6,83,0.8
1878,triangle,0000-0028,noise_sampled_s_1_m_08000_a_02000_d_03000_l_01000_p_00800,40.0,40.0,0.0,3.0,28,34.37746770784939,triangle-0-6,84,0.8
1879,triangle,0000-0032,noise_sampled_s_1_m_08000_a_02000_d_03000_l_01000_p_00800,40.0,40.0,5.0,9.0,32,34.37746770784939,triangle-0-6,85,0.8
1880,triangle,0000-0036,noise_sampled_s_1_m_08000_a_02000_d_03000_l_01000_p_00800,40.0,40.0,0.0,3.0,36,34.37746770784939,triangle-0-6,86,0.8
1881,triangle,0000-0040,noise_sampled_s_1_m_08000_a_02000_d_03000_l_01000_p_00800,40.0,40.0,5.0,9.0,40,34.37746770784939,triangle-0-6,87,0.8
1882,triangle,0000-0044,noise_sampled_s_1_m_08000_a_02000_d_03000_l_01000_p_00800,40.0,40.0,0.0,3.0,44,34.37746770784939,triangle-0-6,88,0.8
1883,triangle,0000-0048,noise_sampled_s_1_m_08000_a_02000_d_03000_l_01000_p_00800,40.0,40.0,5.0,8.0,48,34.37746770784939,triangle-0-6,89,0.8
1884,triangle,0000-0052,noise_sampled_s_1_m_08000_a_02000_d_03000_l_01000_p_00800,40.0,40.0,0.0,3.0,52,34.37746770784939,triangle-0-6,90,0.8
1885,triangle,0000-0056,noise_sampled_s_1_m_08000_a_02000_d_03000_l_01000_p_00800,40.0,40.0,5.0,8.0,56,34.37746770784939,triangle-0-6,91,0.8
1886,triangle,0000-0060,noise_sampled_s_1_m_08000_a_02000_d_03000_l_01000_p_00800,40.0,40.0,0.0,4.0,60,34.37746770784939,triangle-0-6,92,0.8
1887,triangle,0000-0064,noise_sampled_s_1_m_08000_a_02000_d_03000_l_01000_p_00800,40.0,40.0,9.0,5.0,64,34.37746770784939,triangle-0-6,93,0.8
1888,triangle,0000-0068,noise_sampled_s_1_m_08000_a_02000_d_03000_l_01000_p_00800,40.0,40.0,0.0,3.0,68,34.37746770784939,triangle-0-6,94,0.8
1889,triangle,0000-0072,noise_sampled_s_1_m_08000_a_02000_d_03000_l_01000_p_00800,40.0,40.0,5.0,9.0,72,34.37746770784939,triangle-0-6,95,0.8
1890,triangle,0000-0076,noise_sampled_s_1_m_08000_a_02000_d_03000_l_01000_p_00800,40.0,40.0,9.0,5.0,76,34.37746770784939,triangle-0-6,96,0.8
1891,triangle,0000-0080,noise_sampled_s_1_m_08000_a_02000_d_03000_l_01000_p_00800,40.0,40.0,0.0,3.0,80,34.37746770784939,triangle-0-6,97,0.8
1892,triangle,0000-0084,noise_sampled_s_1_m_08000_a_02000_d_03000_l_01000_p_00800,40.0,40.0,5.0,9.0,84,34.37746770784939,triangle-0-6,98,0.8
1893,triangle,0000-0088,noise_sampled_s_1_m_08000_a_02000_d_03000_l_01000_p_00800,40.0,40.0,0.0,3.0,88,34.37746770784939,triangle-0-6,99,0.8
1894,triangle,0000-0092,noise_sampled_s_1_m_08000_a_02000_d_03000_l_01000_p_00800,40.0,40.0,5.0,9.0,92,34.37746770784939,triangle-0-6,100,0.8
1895,triangle,0000-0096,noise_sampled_s_1_m_08000_a_02000_d_03000_l_01000_p_00800,40.0,40.0,0.0,3.0,96,34.37746770784939,triangle-0-6,101,0.8
1896,triangle,0000-0100,noise_sampled_s_1_m_08000_a_02000_d_03000_l_01000_p_00800,40.0,40.0,5.0,9.0,100,34.37746770784939,triangle-0-6,102,0.8
1897,triangle,0000-0104,noise_sampled_s_1_m_08000_a_02000_d_03000_l_01000_p_00800,40.0,40.0,0.0,3.0,104,34.37746770784939,triangle-0-6,103,0.8
1898,triangle,0000-0108,noise_sampled_s_1_m_08000_a_02000_d_03000_l_01000_p_00800,40.0,40.0,5.0,9.0,108,34.37746770784939,triangle-0-6,104,0.8
1899,triangle,0000-0112,noise_sampled_s_1_m_08000_a_02000_d_03000_l_01000_p_00800,40.0,40.0,0.0,3.0,112,34.37746770784939,triangle-0-6,105,0.8
1900,triangle,0000-0116,noise_sampled_s_1_m_08000_a_02000_d_03000_l_01000_p_00800,40.0,40.0,5.0,9.0,116,34.37746770784939,triangle-0-6,106,0.8
1901,triangle,0000-0120,noise_sampled_s_1_m_08000_a_02000_d_03000_l_01000_p_00800,40.0,40.0,9.0,5.0,120,34.37746770784939,triangle-0-6,107,0.8
1902,triangle,0000-0124,noise_sampled_s_1_m_08000_a_02000_d_03000_l_01000_p_00800,40.0,40.0,5.0,5.0,124,34.37746770784939,triangle-0-6,108,0.8
1903,triangle,0000-0128,noise_sampled_s_1_m_08000_a_02000_d_03000_l_01000_p_00800,40.0,40.0,0.0,3.0,128,34.37746770784939,triangle-0-6,109,0.8
1904,triangle,0000-0132,noise_sampled_s_1_m_08000_a_02000_d_03000_l_01000_p_00800,40.0,40.0,5.0,9.0,132,34.37746770784939,triangle-0-6,110,0.8
1905,triangle,0000-0136,noise_sampled_s_1_m_08000_a_02000_d_03000_l_01000_p_00800,40.0,40.0,0.0,3.0,136,34.37746770784939,triangle-0-6,111,0.8
1906,triangle,0000-0140,noise_sampled_s_1_m_08000_a_02000_d_03000_l_01000_p_00800,40.0,40.0,5.0,9.0,140,34.37746770784939,triangle-0-6,112,0.8
1907,triangle,0000-0144,noise_sampled_s_1_m_08000_a_02000_d_03000_l_01000_p_00800,40.0,40.0,6.0,5.0,144,34.37746770784939,triangle-0-6,113,0.8
1908,triangle,0000-0148,noise_sampled_s_1_m_08000_a_02000_d_03000_l_01000_p_00800,40.0,40.0,0.0,3.0,148,34.37746770784939,triangle-0-6,114,0.8
1909,triangle,0000-0152,noise_sampled_s_1_m_08000_a_02000_d_03000_l_01000_p_00800,40.0,40.0,5.0,9.0,152,34.37746770784939,triangle-0-6,115,0.8
1910,triangle,0000-0156,noise_sampled_s_1_m_08000_a_02000_d_03000_l_01000_p_00800,40.0,40.0,0.0,3.0,156,34.37746770784939,triangle-0-6,116,0.8
1911,square,0000-0004,noise_sampled_s_1_m_08000_a_02000_d_03000_l_01000_p_00800,40.0,40.0,3.0,6.0,4,45.83662361046586,square-0-8,78,0.8
1912,square,0000-0008,noise_sampled_s_1_m_08000_a_02000_d_03000_l_01000_p_00800,40.0,40.0,4.0,3.0,8,45.83662361046586,square-0-8,79,0.8
1913,square,0000-0012,noise_sampled_s_1_m_08000_a_02000_d_03000_l_01000_p_00800,40.0,40.0,9.0,2.0,12,45.83662361046586,square-0-8,80,0.8
1914,square,0000-0016,noise_sampled_s_1_m_08000_a_02000_d_03000_l_01000_p_00800,40.0,40.0,3.0,6.0,16,45.83662361046586,square-0-8,81,0.8
1915,square,0000-0020,noise_sampled_s_1_m_08000_a_02000_d_03000_l_01000_p_00800,40.0,40.0,4.0,2.0,20,45.83662361046586,square-0-8,82,0.8
1916,square,0000-0024,noise_sampled_s_1_m_08000_a_02000_d_03000_l_01000_p_00800,40.0,40.0,9.0,2.0,24,45.83662361046586,square-0-8,83,0.8
1917,square,0000-0028,noise_sampled_s_1_m_08000_a_02000_d_03000_l_01000_p_00800,40.0,40.0,3.0,6.0,28,45.83662361046586,square-0-8,84,0.8
1918,square,0000-0032,noise_sampled_s_1_m_08000_a_02000_d_03000_l_01000_p_00800,40.0,40.0,4.0,3.0,32,45.83662361046586,square-0-8,85,0.8
1919,square,0000-0036,noise_sampled_s_1_m_08000_a_02000_d_03000_l_01000_p_00800,40.0,40.0,9.0,2.0,36,45.83662361046586,square-0-8,86,0.8
1920,square,0000-0040,noise_sampled_s_1_m_08000_a_02000_d_03000_l_01000_p_00800,40.0,40.0,3.0,6.0,40,45.83662361046586,square-0-8,87,0.8
1921,square,0000-0044,noise_sampled_s_1_m_08000_a_02000_d_03000_l_01000_p_00800,40.0,40.0,4.0,1.0,44,45.83662361046586,square-0-8,88,0.8
1922,square,0000-0048,noise_sampled_s_1_m_08000_a_02000_d_03000_l_01000_p_00800,40.0,40.0,7.0,0.0,48,45.83662361046586,square-0-8,89,0.8
1923,square,0000-0052,noise_sampled_s_1_m_08000_a_02000_d_03000_l_01000_p_00800,40.0,40.0,3.0,6.0,52,45.83662361046586,square-0-8,90,0.8
1924,square,0000-0056,noise_sampled_s_1_m_08000_a_02000_d_03000_l_01000_p_00800,40.0,40.0,4.0,2.0,56,45.83662361046586,square-0-8,91,0.8
1925,square,0000-0060,noise_sampled_s_1_m_08000_a_02000_d_03000_l_01000_p_00800,40.0,40.0,8.0,2.0,60,45.83662361046586,square-0-8,92,0.8
1926,square,0000-0064,noise_sampled_s_1_m_08000_a_02000_d_03000_l_01000_p_00800,40.0,40.0,0.0,0.0,64,45.83662361046586,square-0-8,93,0.8
1927,square,0000-0068,noise_sampled_s_1_m_08000_a_02000_d_03000_l_01000_p_00800,40.0,40.0,7.0,0.0,68,45.83662361046586,square-0-8,94,0.8
1928,square,0000-0072,noise_sampled_s_1_m_08000_a_02000_d_03000_l_01000_p_00800,40.0,40.0,3.0,6.0,72,45.83662361046586,square-0-8,95,0.8
1929,square,0000-0076,noise_sampled_s_1_m_08000_a_02000_d_03000_l_01000_p_00800,40.0,40.0,3.0,2.0,76,45.83662361046586,square-0-8,96,0.8
1930,square,0000-0080,noise_sampled_s_1_m_08000_a_02000_d_03000_l_01000_p_00800,40.0,40.0,8.0,1.0,80,45.83662361046586,square-0-8,97,0.8
1931,square,0000-0084,noise_sampled_s_1_m_08000_a_02000_d_03000_l_01000_p_00800,40.0,40.0,3.0,6.0,84,45.83662361046586,square-0-8,98,0.8
1932,square,0000-0088,noise_sampled_s_1_m_08000_a_02000_d_03000_l_01000_p_00800,40.0,40.0,4.0,1.0,88,45.83662361046586,square-0-8,99,0.8
1933,square,0000-0092,noise_sampled_s_1_m_08000_a_02000_d_03000_l_01000_p_00800,40.0,40.0,7.0,0.0,92,45.83662361046586,square-0-8,100,0.8
1934,square,0000-0096,noise_sampled_s_1_m_08000_a_02000_d_03000_l_01000_p_00800,40.0,40.0,0.0,0.0,96,45.83662361046586,square-0-8,101,0.8
1935,square,0000-0100,noise_sampled_s_1_m_08000_a_02000_d_03000_l_01000_p_00800,40.0,40.0,7.0,0.0,100,45.83662361046586,square-0-8,102,0.8
1936,square,0000-0104,noise_sampled_s_1_m_08000_a_02000_d_03000_l_01000_p_00800,40.0,40.0,3.0,6.0,104,45.83662361046586,square-0-8,103,0.8
1937,square,0000-0108,noise_sampled_s_1_m_08000_a_02000_d_03000_l_01000_p_00800,40.0,40.0,4.0,2.0,108,45.83662361046586,square-0-8,104,0.8
1938,square,0000-0112,noise_sampled_s_1_m_08000_a_02000_d_03000_l_01000_p_00800,40.0,40.0,9.0,2.0,112,45.83662361046586,square-0-8,105,0.8
1939,square,0000-0116,noise_sampled_s_1_m_08000_a_02000_d_03000_l_01000_p_00800,40.0,40.0,3.0,6.0,116,45.83662361046586,square-0-8,106,0.8
1940,square,0000-0120,noise_sampled_s_1_m_08000_a_02000_d_03000_l_01000_p_00800,40.0,40.0,4.0,3.0,120,45.83662361046586,square-0-8,107,0.8
1941,square,0000-0124,noise_sampled_s_1_m_08000_a_02000_d_03000_l_01000_p_00800,40.0,40.0,9.0,1.0,124,45.83662361046586,square-0-8,108,0.8
1942,square,0000-0128,noise_sampled_s_1_m_08000_a_02000_d_03000_l_01000_p_00800,40.0,40.0,3.0,6.0,128,45.83662361046586,square-0-8,109,0.8
1943,square,0000-0132,noise_sampled_s_1_m_08000_a_02000_d_03000_l_01000_p_00800,40.0,40.0,4.0,2.0,132,45.83662361046586,square-0-8,110,0.8
1944,square,0000-0136,noise_sampled_s_1_m_08000_a_02000_d_03000_l_01000_p_00800,40.0,40.0,9.0,2.0,136,45.83662361046586,square-0-8,111,0.8
1945,square,0000-0140,noise_sampled_s_1_m_08000_a_02000_d_03000_l_01000_p_00800,40.0,40.0,3.0,6.0,140,45.83662361046586,square-0-8,112,0.8
1946,square,0000-0144,noise_sampled_s_1_m_08000_a_02000_d_03000_l_01000_p_00800,40.0,40.0,4.0,3.0,144,45.83662361046586,square-0-8,113,0.8
1947,square,0000-0148,noise_sampled_s_1_m_08000_a_02000_d_03000_l_01000_p_00800,40.0,40.0,9.0,2.0,148,45.83662361046586,square-0-8,114,0.8
1948,square,0000-0152,noise_sampled_s_1_m_08000_a_02000_d_03000_l_01000_p_00800,40.0,40.0,3.0,6.0,152,45.83662361046586,square-0-8,115,0.8
1949,square,0000-0156,noise_sampled_s_1_m_08000_a_02000_d_03000_l_01000_p_00800,40.0,40.0,4.0,3.0,156,45.83662361046586,square-0-8,116,0.8
1950,triangle,0000-0004,noise_sampled_s_1_m_08000_a_02000_d_03000_l_01000_p_00800,40.0,40.0,5.0,5.0,4,22.91831180523293,triangle-0-4,78,0.8
1951,triangle,0000-0008,noise_sampled_s_1_m_08000_a_02000_d_03000_l_01000_p_00800,40.0,40.0,5.0,5.0,8,22.91831180523293,triangle-0-4,79,0.8
1952,triangle,0000-0012,noise_sampled_s_1_m_08000_a_02000_d_03000_l_01000_p_00800,40.0,40.0,5.0,5.0,12,22.91831180523293,triangle-0-4,80,0.8
1953,triangle,0000-0016,noise_sampled_s_1_m_08000_a_02000_d_03000_l_01000_p_00800,40.0,40.0,0.0,3.0,16,22.91831180523293,triangle-0-4,81,0.8
1954,triangle,0000-0020,noise_sampled_s_1_m_08000_a_02000_d_03000_l_01000_p_00800,40.0,40.0,5.0,9.0,20,22.91831180523293,triangle-0-4,82,0.8
1955,triangle,0000-0024,noise_sampled_s_1_m_08000_a_02000_d_03000_l_01000_p_00800,40.0,40.0,9.0,5.0,24,22.91831180523293,triangle-0-4,83,0.8
1956,triangle,0000-0028,noise_sampled_s_1_m_08000_a_02000_d_03000_l_01000_p_00800,40.0,40.0,5.0,5.0,28,22.91831180523293,triangle-0-4,84,0.8
1957,triangle,0000-0032,noise_sampled_s_1_m_08000_a_02000_d_03000_l_01000_p_00800,40.0,40.0,5.0,5.0,32,22.91831180523293,triangle-0-4,85,0.8
1958,triangle,0000-0036,noise_sampled_s_1_m_08000_a_02000_d_03000_l_01000_p_00800,40.0,40.0,5.0,5.0,36,22.91831180523293,triangle-0-4,86,0.8
1959,triangle,0000-0040,noise_sampled_s_1_m_08000_a_02000_d_03000_l_01000_p_00800,40.0,40.0,5.0,5.0,40,22.91831180523293,triangle-0-4,87,0.8
1960,triangle,0000-0044,noise_sampled_s_1_m_08000_a_02000_d_03000_l_01000_p_00800,40.0,40.0,0.0,3.0,44,22.91831180523293,triangle-0-4,88,0.8
1961,triangle,0000-0048,noise_sampled_s_1_m_08000_a_02000_d_03000_l_01000_p_00800,40.0,40.0,5.0,9.0,48,22.91831180523293,triangle-0-4,89,0.8
1962,triangle,0000-0052,noise_sampled_s_1_m_08000_a_02000_d_03000_l_01000_p_00800,40.0,40.0,0.0,4.0,52,22.91831180523293,triangle-0-4,90,0.8
1963,triangle,0000-0056,noise_sampled_s_1_m_08000_a_02000_d_03000_l_01000_p_00800,40.0,40.0,5.0,9.0,56,22.91831180523293,triangle-0-4,91,0.8
1964,triangle,0000-0060,noise_sampled_s_1_m_08000_a_02000_d_03000_l_01000_p_00800,40.0,40.0,9.0,5.0,60,22.91831180523293,triangle-0-4,92,0.8
1965,triangle,0000-0064,noise_sampled_s_1_m_08000_a_02000_d_03000_l_01000_p_00800,40.0,40.0,0.0,3.0,64,22.91831180523293,triangle-0-4,93,0.8
1966,triangle,0000-0068,noise_sampled_s_1_m_08000_a_02000_d_03000_l_01000_p_00800,40.0,40.0,6.0,8.0,68,22.91831180523293,triangle-0-4,94,0.8
1967,triangle,0000-0072,noise_sampled_s_1_m_08000_a_02000_d_03000_l_01000_p_00800,40.0,40.0,0.0,4.0,72,22.91831180523293,triangle-0-4,95,0.8
1968,triangle,0000-0076,noise_sampled_s_1_m_08000_a_02000_d_03000_l_01000_p_00800,40.0,40.0,5.0,8.0,76,22.91831180523293,triangle-0-4,96,0.8
1969,triangle,0000-0080,noise_sampled_s_1_m_08000_a_02000_d_03000_l_01000_p_00800,40.0,40.0,0.0,4.0,80,22.91831180523293,triangle-0-4,97,0.8
1970,triangle,0000-0084,noise_sampled_s_1_m_08000_a_02000_d_03000_l_01000_p_00800,40.0,40.0,5.0,8.0,84,22.91831180523293,triangle-0-4,98,0.8
1971,triangle,0000-0088,noise_sampled_s_1_m_08000_a_02000_d_03000_l_01000_p_00800,40.0,40.0,9.0,6.0,88,22.91831180523293,triangle-0-4,99,0.8
1972,triangle,0000-0092,noise_sampled_s_1_m_08000_a_02000_d_03000_l_01000_p_00800,40.0,40.0,5.0,5.0,92,22.91831180523293,triangle-0-4,100,0.8
1973,triangle,0000-0096,noise_sampled_s_1_m_08000_a_02000_d_03000_l_01000_p_00800,40.0,40.0,0.0,3.0,96,22.91831180523293,triangle-0-4,101,0.8
1974,triangle,0000-0100,noise_sampled_s_1_m_08000_a_02000_d_03000_l_01000_p_00800,40.0,40.0,5.0,8.0,100,22.91831180523293,triangle-0-4,102,0.8
1975,triangle,0000-0104,noise_sampled_s_1_m_08000_a_02000_d_03000_l_01000_p_00800,40.0,40.0,9.0,5.0,104,22.91831180523293,triangle-0-4,103,0.8
1976,triangle,0000-0108,noise_sampled_s_1_m_08000_a_02000_d_03000_l_01000_p_00800,40.0,40.0,5.0,5.0,108,22.91831180523293,triangle-0-4,104,0.8
1977,triangle,0000-0112,noise_sampled_s_1_m_08000_a_02000_d_03000_l_01000_p_00800,40.0,40.0,5.0,5.0,112,22.91831180523293,triangle-0-4,105,0.8
1978,triangle,0000-0116,noise_sampled_s_1_m_08000_a_02000_d_03000_l_01000_p_00800,40.0,40.0,5.0,5.0,116,22.91831180523293,triangle-0-4,106,0.8
1979,triangle,0000-0120,noise_sampled_s_1_m_08000_a_02000_d_03000_l_01000_p_00800,40.0,40.0,5.0,5.0,120,22.91831180523293,triangle-0-4,107,0.8
1980,triangle,0000-0124,noise_sampled_s_1_m_08000_a_02000_d_03000_l_01000_p_00800,40.0,40.0,5.0,5.0,124,22.91831180523293,triangle-0-4,108,0.8
1981,triangle,0000-0128,noise_sampled_s_1_m_08000_a_02000_d_03000_l_01000_p_00800,40.0,40.0,5.0,5.0,128,22.91831180523293,triangle-0-4,109,0.8
1982,triangle,0000-0132,noise_sampled_s_1_m_08000_a_02000_d_03000_l_01000_p_00800,40.0,40.0,5.0,5.0,132,22.91831180523293,triangle-0-4,110,0.8
1983,triangle,0000-0136,noise_sampled_s_1_m_08000_a_02000_d_03000_l_01000_p_00800,40.0,40.0,5.0,5.0,136,22.91831180523293,triangle-0-4,111,0.8
1984,triangle,0000-0140,noise_sampled_s_1_m_08000_a_02000_d_03000_l_01000_p_00800,40.0,40.0,5.0,5.0,140,22.91831180523293,triangle-0-4,112,0.8
1985,triangle,0000-0144,noise_sampled_s_1_m_08000_a_02000_d_03000_l_01000_p_00800,40.0,40.0,5.0,5.0,144,22.91831180523293,triangle-0-4,113,0.8
1986,triangle,0000-0148,noise_sampled_s_1_m_08000_a_02000_d_03000_l_01000_p_00800,40.0,40.0,5.0,5.0,148,22.91831180523293,triangle-0-4,114,0.8
1987,triangle,0000-0152,noise_sampled_s_1_m_08000_a_02000_d_03000_l_01000_p_00800,40.0,40.0,5.0,5.0,152,22.91831180523293,triangle-0-4,115,0.8
1988,triangle,0000-0156,noise_sampled_s_1_m_08000_a_02000_d_03000_l_01000_p_00800,40.0,40.0,5.0,5.0,156,22.91831180523293,triangle-0-4,116,0.8
1989,triangle,0000-0004,noise_sampled_s_1_m_08000_a_02000_d_03000_l_01000_p_00800,40.0,40.0,1.0,4.0,4,57.29577951308232,triangle-1-0,78,0.8
1990,triangle,0000-0008,noise_sampled_s_1_m_08000_a_02000_d_03000_l_01000_p_00800,40.0,40.0,7.0,6.0,8,57.29577951308232,triangle-1-0,79,0.8
1991,triangle,0000-0012,noise_sampled_s_1_m_08000_a_02000_d_03000_l_01000_p_00800,40.0,40.0,1.0,4.0,12,57.29577951308232,triangle-1-0,80,0.8
1992,triangle,0000-0016,noise_sampled_s_1_m_08000_a_02000_d_03000_l_01000_p_00800,40.0,40.0,7.0,5.0,16,57.29577951308232,triangle-1-0,81,0.8
1993,triangle,0000-0020,noise_sampled_s_1_m_08000_a_02000_d_03000_l_01000_p_00800,40.0,40.0,1.0,4.0,20,57.29577951308232,triangle-1-0,82,0.8
1994,triangle,0000-0024,noise_sampled_s_1_m_08000_a_02000_d_03000_l_01000_p_00800,40.0,40.0,7.0,5.0,24,57.29577951308232,triangle-1-0,83,0.8
1995,triangle,0000-0028,noise_sampled_s_1_m_08000_a_02000_d_03000_l_01000_p_00800,40.0,40.0,1.0,3.0,28,57.29577951308232,triangle-1-0,84,0.8
1996,triangle,0000-0032,noise_sampled_s_1_m_08000_a_02000_d_03000_l_01000_p_00800,40.0,40.0,7.0,5.0,32,57.29577951308232,triangle-1-0,85,0.8
1997,triangle,0000-0036,noise_sampled_s_1_m_08000_a_02000_d_03000_l_01000_p_00800,40.0,40.0,1.0,3.0,36,57.29577951308232,triangle-1-0,86,0.8
1998,triangle,0000-0040,noise_sampled_s_1_m_08000_a_02000_d_03000_l_01000_p_00800,40.0,40.0,7.0,5.0,40,57.29577951308232,triangle-1-0,87,0.8
1999,triangle,0000-0044,noise_sampled_s_1_m_08000_a_02000_d_03000_l_01000_p_00800,40.0,40.0,1.0,3.0,44,57.29577951308232,triangle-1-0,88,0.8
2000,triangle,0000-0048,noise_sampled_s_1_m_08000_a_02000_d_03000_l_01000_p_00800,40.0,40.0,7.0,5.0,48,57.29577951308232,triangle-1-0,89,0.8
2001,triangle,0000-0052,noise_sampled_s_1_m_08000_a_02000_d_03000_l_01000_p_00800,40.0,40.0,1.0,3.0,52,57.29577951308232,triangle-1-0,90,0.8
2002,triangle,0000-0056,noise_sampled_s_1_m_08000_a_02000_d_03000_l_01000_p_00800,40.0,40.0,7.0,5.0,56,57.29577951308232,triangle-1-0,91,0.8
2003,triangle,0000-0060,noise_sampled_s_1_m_08000_a_02000_d_03000_l_01000_p_00800,40.0,40.0,2.0,4.0,60,57.29577951308232,triangle-1-0,92,0.8
2004,triangle,0000-0064,noise_sampled_s_1_m_08000_a_02000_d_03000_l_01000_p_00800,40.0,40.0,7.0,5.0,64,57.29577951308232,triangle-1-0,93,0.8
2005,triangle,0000-0068,noise_sampled_s_1_m_08000_a_02000_d_03000_l_01000_p_00800,40.0,40.0,1.0,3.0,68,57.29577951308232,triangle-1-0,94,0.8
2006,triangle,0000-0072,noise_sampled_s_1_m_08000_a_02000_d_03000_l_01000_p_00800,40.0,40.0,7.0,6.0,72,57.29577951308232,triangle-1-0,95,0.8
2007,triangle,0000-0076,noise_sampled_s_1_m_08000_a_02000_d_03000_l_01000_p_00800,40.0,40.0,1.0,3.0,76,57.29577951308232,triangle-1-0,96,0.8
2008,triangle,0000-0080,noise_sampled_s_1_m_08000_a_02000_d_03000_l_01000_p_00800,40.0,40.0,7.0,5.0,80,57.29577951308232,triangle-1-0,97,0.8
2009,triangle,0000-0084,noise_sampled_s_1_m_08000_a_02000_d_03000_l_01000_p_00800,40.0,40.0,1.0,4.0,84,57.29577951308232,triangle-1-0,98,0.8
2010,triangle,0000-0088,noise_sampled_s_1_m_08000_a_02000_d_03000_l_01000_p_00800,40.0,40.0,7.0,5.0,88,57.29577951308232,triangle-1-0,99,0.8
2011,triangle,0000-0092,noise_sampled_s_1_m_08000_a_02000_d_03000_l_01000_p_00800,40.0,40.0,1.0,4.0,92,57.29577951308232,triangle-1-0,100,0.8
2012,triangle,0000-0096,noise_sampled_s_1_m_08000_a_02000_d_03000_l_01000_p_00800,40.0,40.0,7.0,5.0,96,57.29577951308232,triangle-1-0,101,0.8
2013,triangle,0000-0100,noise_sampled_s_1_m_08000_a_02000_d_03000_l_01000_p_00800,40.0,40.0,2.0,4.0,100,57.29577951308232,triangle-1-0,102,0.8
2014,triangle,0000-0104,noise_sampled_s_1_m_08000_a_02000_d_03000_l_01000_p_00800,40.0,40.0,7.0,6.0,104,57.29577951308232,triangle-1-0,103,0.8
2015,triangle,0000-0108,noise_sampled_s_1_m_08000_a_02000_d_03000_l_01000_p_00800,40.0,40.0,1.0,4.0,108,57.29577951308232,triangle-1-0,104,0.8
2016,triangle,0000-0112,noise_sampled_s_1_m_08000_a_02000_d_03000_l_01000_p_00800,40.0,40.0,7.0,6.0,112,57.29577951308232,triangle-1-0,105,0.8
2017,triangle,0000-0116,noise_sampled_s_1_m_08000_a_02000_d_03000_l_01000_p_00800,40.0,40.0,1.0,3.0,116,57.29577951308232,triangle-1-0,106,0.8
2018,triangle,0000-0120,noise_sampled_s_1_m_08000_a_02000_d_03000_l_01000_p_00800,40.0,40.0,7.0,5.0,120,57.29577951308232,triangle-1-0,107,0.8
2019,triangle,0000-0124,noise_sampled_s_1_m_08000_a_02000_d_03000_l_01000_p_00800,40.0,40.0,1.0,3.0,124,57.29577951308232,triangle-1-0,108,0.8
2020,triangle,0000-0128,noise_sampled_s_1_m_08000_a_02000_d_03000_l_01000_p_00800,40.0,40.0,7.0,5.0,128,57.29577951308232,triangle-1-0,109,0.8
2021,triangle,0000-0132,noise_sampled_s_1_m_08000_a_02000_d_03000_l_01000_p_00800,40.0,40.0,1.0,3.0,132,57.29577951308232,triangle-1-0,110,0.8
2022,triangle,0000-0136,noise_sampled_s_1_m_08000_a_02000_d_03000_l_01000_p_00800,40.0,40.0,7.0,5.0,136,57.29577951308232,triangle-1-0,111,0.8
2023,triangle,0000-0140,noise_sampled_s_1_m_08000_a_02000_d_03000_l_01000_p_00800,40.0,40.0,1.0,3.0,140,57.29577951308232,triangle-1-0,112,0.8
2024,triangle,0000-0144,noise_sampled_s_1_m_08000_a_02000_d_03000_l_01000_p_00800,40.0,40.0,6.0,7.0,144,57.29577951308232,triangle-1-0,113,0.8
2025,triangle,0000-0148,noise_sampled_s_1_m_08000_a_02000_d_03000_l_01000_p_00800,40.0,40.0,1.0,3.0,148,57.29577951308232,triangle-1-0,114,0.8
2026,triangle,0000-0152,noise_sampled_s_1_m_08000_a_02000_d_03000_l_01000_p_00800,40.0,40.0,6.0,7.0,152,57.29577951308232,triangle-1-0,115,0.8
2027,triangle,0000-0156,noise_sampled_s_1_m_08000_a_02000_d_03000_l_01000_p_00800,40.0,40.0,1.0,3.0,156,57.29577951308232,triangle-1-0,116,0.8
2028,square,0000-0004,noise_sampled_s_1_m_08000_a_02000_d_03000_l_01000_p_00800,40.0,40.0,2.0,7.0,4,80.21409131831524,square-1-4,78,0.8
2029,square,0000-0008,noise_sampled_s_1_m_08000_a_02000_d_03000_l_01000_p_00800,40.0,40.0,6.0,3.0,8,80.21409131831524,square-1-4,79,0.8
2030,square,0000-0012,noise_sampled_s_1_m_08000_a_02000_d_03000_l_01000_p_00800,40.0,40.0,2.0,9.0,12,80.21409131831524,square-1-4,80,0.8
2031,square,0000-0016,noise_sampled_s_1_m_08000_a_02000_d_03000_l_01000_p_00800,40.0,40.0,5.0,3.0,16,80.21409131831524,square-1-4,81,0.8
2032,square,0000-0020,noise_sampled_s_1_m_08000_a_02000_d_03000_l_01000_p_00800,40.0,40.0,1.0,9.0,20,80.21409131831524,square-1-4,82,0.8
2033,square,0000-0024,noise_sampled_s_1_m_08000_a_02000_d_03000_l_01000_p_00800,40.0,40.0,6.0,3.0,24,80.21409131831524,square-1-4,83,0.8
2034,square,0000-0028,noise_sampled_s_1_m_08000_a_02000_d_03000_l_01000_p_00800,40.0,40.0,1.0,9.0,28,80.21409131831524,square-1-4,84,0.8
2035,square,0000-0032,noise_sampled_s_1_m_08000_a_02000_d_03000_l_01000_p_00800,40.0,40.0,6.0,3.0,32,80.21409131831524,square-1-4,85,0.8
2036,square,0000-0036,noise_sampled_s_1_m_08000_a_02000_d_03000_l_01000_p_00800,40.0,40.0,2.0,9.0,36,80.21409131831524,square-1-4,86,0.8
2037,square,0000-0040,noise_sampled_s_1_m_08000_a_02000_d_03000_l_01000_p_00800,40.0,40.0,6.0,3.0,40,80.21409131831524,square-1-4,87,0.8
2038,square,0000-0044,noise_sampled_s_1_m_08000_a_02000_d_03000_l_01000_p_00800,40.0,40.0,1.0,8.0,44,80.21409131831524,square-1-4,88,0.8
2039,square,0000-0048,noise_sampled_s_1_m_08000_a_02000_d_03000_l_01000_p_00800,40.0,40.0,5.0,3.0,48,80.21409131831524,square-1-4,89,0.8
2040,square,0000-0052,noise_sampled_s_1_m_08000_a_02000_d_03000_l_01000_p_00800,40.0,40.0,1.0,8.0,52,80.21409131831524,square-1-4,90,0.8
2041,square,0000-0056,noise_sampled_s_1_m_08000_a_02000_d_03000_l_01000_p_00800,40.0,40.0,5.0,3.0,56,80.21409131831524,square-1-4,91,0.8
2042,square,0000-0060,noise_sampled_s_1_m_08000_a_02000_d_03000_l_01000_p_00800,40.0,40.0,0.0,8.0,60,80.21409131831524,square-1-4,92,0.8
2043,square,0000-0064,noise_sampled_s_1_m_08000_a_02000_d_03000_l_01000_p_00800,40.0,40.0,5.0,3.0,64,80.21409131831524,square-1-4,93,0.8
2044,square,0000-0068,noise_sampled_s_1_m_08000_a_02000_d_03000_l_01000_p_00800,40.0,40.0,8.0,0.0,68,80.21409131831524,square-1-4,94,0.8
2045,square,0000-0072,noise_sampled_s_1_m_08000_a_02000_d_03000_l_01000_p_00800,40.0,40.0,2.0,9.0,72,80.21409131831524,square-1-4,95,0.8
2046,square,0000-0076,noise_sampled_s_1_m_08000_a_02000_d_03000_l_01000_p_00800,40.0,40.0,5.0,3.0,76,80.21409131831524,square-1-4,96,0.8
2047,square,0000-0080,noise_sampled_s_1_m_08000_a_02000_d_03000_l_01000_p_00800,40.0,40.0,8.0,0.0,80,80.21409131831524,square-1-4,97,0.8
2048,square,0000-0084,noise_sampled_s_1_m_08000_a_02000_d_03000_l_01000_p_00800,40.0,40.0,0.0,8.0,84,80.21409131831524,square-1-4,98,0.8
2049,square,0000-0088,noise_sampled_s_1_m_08000_a_02000_d_03000_l_01000_p_00800,40.0,40.0,5.0,3.0,88,80.21409131831524,square-1-4,99,0.8
2050,square,0000-0092,noise_sampled_s_1_m_08000_a_02000_d_03000_l_01000_p_00800,40.0,40.0,0.0,8.0,92,80.21409131831524,square-1-4,100,0.8
2051,square,0000-0096,noise_sampled_s_1_m_08000_a_02000_d_03000_l_01000_p_00800,40.0,40.0,5.0,3.0,96,80.21409131831524,square-1-4,101,0.8
2052,square,0000-0100,noise_sampled_s_1_m_08000_a_02000_d_03000_l_01000_p_00800,40.0,40.0,1.0,8.0,100,80.21409131831524,square-1-4,102,0.8
2053,square,0000-0104,noise_sampled_s_1_m_08000_a_02000_d_03000_l_01000_p_00800,40.0,40.0,6.0,2.0,104,80.21409131831524,square-1-4,103,0.8
2054,square,0000-0108,noise_sampled_s_1_m_08000_a_02000_d_03000_l_01000_p_00800,40.0,40.0,2.0,9.0,108,80.21409131831524,square-1-4,104,0.8
2055,square,0000-0112,noise_sampled_s_1_m_08000_a_02000_d_03000_l_01000_p_00800,40.0,40.0,6.0,3.0,112,80.21409131831524,square-1-4,105,0.8
2056,square,0000-0116,noise_sampled_s_1_m_08000_a_02000_d_03000_l_01000_p_00800,40.0,40.0,1.0,8.0,116,80.21409131831524,square-1-4,106,0.8
2057,square,0000-0120,noise_sampled_s_1_m_08000_a_02000_d_03000_l_01000_p_00800,40.0,40.0,6.0,3.0,120,80.21409131831524,square-1-4,107,0.8
2058,square,0000-0124,noise_sampled_s_1_m_08000_a_02000_d_03000_l_01000_p_00800,40.0,40.0,0.0,8.0,124,80.21409131831524,square-1-4,108,0.8
2059,square,0000-0128,noise_sampled_s_1_m_08000_a_02000_d_03000_l_01000_p_00800,40.0,40.0,5.0,3.0,128,80.21409131831524,square-1-4,109,0.8
2060,square,0000-0132,noise_sampled_s_1_m_08000_a_02000_d_03000_l_01000_p_00800,40.0,40.0,1.0,8.0,132,80.21409131831524,square-1-4,110,0.8
2061,square,0000-0136,noise_sampled_s_1_m_08000_a_02000_d_03000_l_01000_p_00800,40.0,40.0,6.0,3.0,136,80.21409131831524,square-1-4,111,0.8
2062,square,0000-0140,noise_sampled_s_1_m_08000_a_02000_d_03000_l_01000_p_00800,40.0,40.0,1.0,8.0,140,80.21409131831524,square-1-4,112,0.8
2063,square,0000-0144,noise_sampled_s_1_m_08000_a_02000_d_03000_l_01000_p_00800,40.0,40.0,6.0,3.0,144,80.21409131831524,square-1-4,113,0.8
2064,square,0000-0148,noise_sampled_s_1_m_08000_a_02000_d_03000_l_01000_p_00800,40.0,40.0,1.0,9.0,148,80.21409131831524,square-1-4,114,0.8
2065,square,0000-0152,noise_sampled_s_1_m_08000_a_02000_d_03000_l_01000_p_00800,40.0,40.0,6.0,3.0,152,80.21409131831524,square-1-4,115,0.8
2066,square,0000-0156,noise_sampled_s_1_m_08000_a_02000_d_03000_l_01000_p_00800,40.0,40.0,1.0,9.0,156,80.21409131831524,square-1-4,116,0.8
2067,triangle,0000-0004,noise_sampled_s_1_m_08000_a_02000_d_03000_l_01000_p_00800,40.0,40.0,1.0,5.0,4,91.67324722093171,triangle-1-6,78,0.8
2068,triangle,0000-0008,noise_sampled_s_1_m_08000_a_02000_d_03000_l_01000_p_00800,40.0,40.0,7.0,9.0,8,91.67324722093171,triangle-1-6,79,0.8
2069,triangle,0000-0012,noise_sampled_s_1_m_08000_a_02000_d_03000_l_01000_p_00800,40.0,40.0,1.0,5.0,12,91.67324722093171,triangle-1-6,80,0.8
2070,triangle,0000-0016,noise_sampled_s_1_m_08000_a_02000_d_03000_l_01000_p_00800,40.0,40.0,8.0,7.0,16,91.67324722093171,triangle-1-6,81,0.8
2071,triangle,0000-0020,noise_sampled_s_1_m_08000_a_02000_d_03000_l_01000_p_00800,40.0,40.0,1.0,5.0,20,91.67324722093171,triangle-1-6,82,0.8
2072,triangle,0000-0024,noise_sampled_s_1_m_08000_a_02000_d_03000_l_01000_p_00800,40.0,40.0,8.0,9.0,24,91.67324722093171,triangle-1-6,83,0.8
2073,triangle,0000-0028,noise_sampled_s_1_m_08000_a_02000_d_03000_l_01000_p_00800,40.0,40.0,1.0,5.0,28,91.67324722093171,triangle-1-6,84,0.8
2074,triangle,0000-0032,noise_sampled_s_1_m_08000_a_02000_d_03000_l_01000_p_00800,40.0,40.0,7.0,9.0,32,91.67324722093171,triangle-1-6,85,0.8
2075,triangle,0000-0036,noise_sampled_s_1_m_08000_a_02000_d_03000_l_01000_p_00800,40.0,40.0,1.0,5.0,36,91.67324722093171,triangle-1-6,86,0.8
2076,triangle,0000-0040,noise_sampled_s_1_m_08000_a_02000_d_03000_l_01000_p_00800,40.0,40.0,7.0,9.0,40,91.67324722093171,triangle-1-6,87,0.8
2077,triangle,0000-0044,noise_sampled_s_1_m_08000_a_02000_d_03000_l_01000_p_00800,40.0,40.0,1.0,5.0,44,91.67324722093171,triangle-1-6,88,0.8
2078,triangle,0000-0048,noise_sampled_s_1_m_08000_a_02000_d_03000_l_01000_p_00800,40.0,40.0,8.0,7.0,48,91.67324722093171,triangle-1-6,89,0.8
2079,triangle,0000-0052,noise_sampled_s_1_m_08000_a_02000_d_03000_l_01000_p_00800,40.0,40.0,1.0,5.0,52,91.67324722093171,triangle-1-6,90,0.8
2080,triangle,0000-0056,noise_sampled_s_1_m_08000_a_02000_d_03000_l_01000_p_00800,40.0,40.0,8.0,7.0,56,91.67324722093171,triangle-1-6,91,0.8
2081,triangle,0000-0060,noise_sampled_s_1_m_08000_a_02000_d_03000_l_01000_p_00800,40.0,40.0,1.0,5.0,60,91.67324722093171,triangle-1-6,92,0.8
2082,triangle,0000-0064,noise_sampled_s_1_m_08000_a_02000_d_03000_l_01000_p_00800,40.0,40.0,8.0,8.0,64,91.67324722093171,triangle-1-6,93,0.8
2083,triangle,0000-0068,noise_sampled_s_1_m_08000_a_02000_d_03000_l_01000_p_00800,40.0,40.0,1.0,5.0,68,91.67324722093171,triangle-1-6,94,0.8
2084,triangle,0000-0072,noise_sampled_s_1_m_08000_a_02000_d_03000_l_01000_p_00800,40.0,40.0,7.0,9.0,72,91.67324722093171,triangle-1-6,95,0.8
2085,triangle,0000-0076,noise_sampled_s_1_m_08000_a_02000_d_03000_l_01000_p_00800,40.0,40.0,1.0,5.0,76,91.67324722093171,triangle-1-6,96,0.8
2086,triangle,0000-0080,noise_sampled_s_1_m_08000_a_02000_d_03000_l_01000_p_00800,40.0,40.0,8.0,7.0,80,91.67324722093171,triangle-1-6,97,0.8
2087,triangle,0000-0084,noise_sampled_s_1_m_08000_a_02000_d_03000_l_01000_p_00800,40.0,40.0,1.0,5.0,84,91.67324722093171,triangle-1-6,98,0.8
2088,triangle,0000-0088,noise_sampled_s_1_m_08000_a_02000_d_03000_l_01000_p_00800,40.0,40.0,8.0,7.0,88,91.67324722093171,triangle-1-6,99,0.8
2089,triangle,0000-0092,noise_sampled_s_1_m_08000_a_02000_d_03000_l_01000_p_00800,40.0,40.0,1.0,5.0,92,91.67324722093171,triangle-1-6,100,0.8
2090,triangle,0000-0096,noise_sampled_s_1_m_08000_a_02000_d_03000_l_01000_p_00800,40.0,40.0,8.0,8.0,96,91.67324722093171,triangle-1-6,101,0.8
2091,triangle,0000-0100,noise_sampled_s_1_m_08000_a_02000_d_03000_l_01000_p_00800,40.0,40.0,1.0,5.0,100,91.67324722093171,triangle-1-6,102,0.8
2092,triangle,0000-0104,noise_sampled_s_1_m_08000_a_02000_d_03000_l_01000_p_00800,40.0,40.0,7.0,9.0,104,91.67324722093171,triangle-1-6,103,0.8
2093,triangle,0000-0108,noise_sampled_s_1_m_08000_a_02000_d_03000_l_01000_p_00800,40.0,40.0,1.0,5.0,108,91.67324722093171,triangle-1-6,104,0.8
2094,triangle,0000-0112,noise_sampled_s_1_m_08000_a_02000_d_03000_l_01000_p_00800,40.0,40.0,8.0,9.0,112,91.67324722093171,triangle-1-6,105,0.8
2095,triangle,0000-0116,noise_sampled_s_1_m_08000_a_02000_d_03000_l_01000_p_00800,40.0,40.0,1.0,5.0,116,91.67324722093171,triangle-1-6,106,0.8
2096,triangle,0000-0120,noise_sampled_s_1_m_08000_a_02000_d_03000_l_01000_p_00800,40.0,40.0,7.0,9.0,120,91.67324722093171,triangle-1-6,107,0.8
2097,triangle,0000-0124,noise_sampled_s_1_m_08000_a_02000_d_03000_l_01000_p_00800,40.0,40.0,1.0,5.0,124,91.67324722093171,triangle-1-6,108,0.8
2098,triangle,0000-0128,noise_sampled_s_1_m_08000_a_02000_d_03000_l_01000_p_00800,40.0,40.0,8.0,8.0,128,91.67324722093171,triangle-1-6,109,0.8
2099,triangle,0000-0132,noise_sampled_s_1_m_08000_a_02000_d_03000_l_01000_p_00800,40.0,40.0,1.0,5.0,132,91.67324722093171,triangle-1-6,110,0.8
2100,triangle,0000-0136,noise_sampled_s_1_m_08000_a_02000_d_03000_l_01000_p_00800,40.0,40.0,7.0,9.0,136,91.67324722093171,triangle-1-6,111,0.8
2101,triangle,0000-0140,noise_sampled_s_1_m_08000_a_02000_d_03000_l_01000_p_00800,40.0,40.0,1.0,5.0,140,91.67324722093171,triangle-1-6,112,0.8
2102,triangle,0000-0144,noise_sampled_s_1_m_08000_a_02000_d_03000_l_01000_p_00800,40.0,40.0,7.0,9.0,144,91.67324722093171,triangle-1-6,113,0.8
2103,triangle,0000-0148,noise_sampled_s_1_m_08000_a_02000_d_03000_l_01000_p_00800,40.0,40.0,1.0,5.0,148,91.67324722093171,triangle-1-6,114,0.8
2104,triangle,0000-0152,noise_sampled_s_1_m_08000_a_02000_d_03000_l_01000_p_00800,40.0,40.0,8.0,9.0,152,91.67324722093171,triangle-1-6,115,0.8
2105,triangle,0000-0156,noise_sampled_s_1_m_08000_a_02000_d_03000_l_01000_p_00800,40.0,40.0,1.0,5.0,156,91.67324722093171,triangle-1-6,116,0.8
2106,square,0000-0004,noise_sampled_s_1_m_08000_a_02000_d_03000_l_01000_p_00600,40.0,40.0,2.0,8.0,4,11.459155902616464,square-0-2,117,0.6
2107,square,0000-0008,noise_sampled_s_1_m_08000_a_02000_d_03000_l_01000_p_00600,40.0,40.0,7.0,6.0,8,11.459155902616464,square-0-2,118,0.6
2108,square,0000-0012,noise_sampled_s_1_m_08000_a_02000_d_03000_l_01000_p_00600,40.0,40.0,4.0,0.0,12,11.459155902616464,square-0-2,119,0.6
2109,square,0000-0016,noise_sampled_s_1_m_08000_a_02000_d_03000_l_01000_p_00600,40.0,40.0,3.0,8.0,16,11.459155902616464,square-0-2,120,0.6
2110,square,0000-0020,noise_sampled_s_1_m_08000_a_02000_d_03000_l_01000_p_00600,40.0,40.0,7.0,5.0,20,11.459155902616464,square-0-2,121,0.6
2111,square,0000-0024,noise_sampled_s_1_m_08000_a_02000_d_03000_l_01000_p_00600,40.0,40.0,7.0,2.0,24,11.459155902616464,square-0-2,122,0.6
2112,square,0000-0028,noise_sampled_s_1_m_08000_a_02000_d_03000_l_01000_p_00600,40.0,40.0,9.0,0.0,28,11.459155902616464,square-0-2,123,0.6
2113,square,0000-0032,noise_sampled_s_1_m_08000_a_02000_d_03000_l_01000_p_00600,40.0,40.0,3.0,9.0,32,11.459155902616464,square-0-2,124,0.6
2114,square,0000-0036,noise_sampled_s_1_m_08000_a_02000_d_03000_l_01000_p_00600,40.0,40.0,8.0,4.0,36,11.459155902616464,square-0-2,125,0.6
2115,square,0000-0040,noise_sampled_s_1_m_08000_a_02000_d_03000_l_01000_p_00600,40.0,40.0,7.0,3.0,40,11.459155902616464,square-0-2,126,0.6
2116,square,0000-0044,noise_sampled_s_1_m_08000_a_02000_d_03000_l_01000_p_00600,40.0,40.0,4.0,1.0,44,11.459155902616464,square-0-2,127,0.6
2117,square,0000-0048,noise_sampled_s_1_m_08000_a_02000_d_03000_l_01000_p_00600,40.0,40.0,8.0,0.0,48,11.459155902616464,square-0-2,128,0.6
2118,square,0000-0052,noise_sampled_s_1_m_08000_a_02000_d_03000_l_01000_p_00600,40.0,40.0,3.0,9.0,52,11.459155902616464,square-0-2,129,0.6
2119,square,0000-0056,noise_sampled_s_1_m_08000_a_02000_d_03000_l_01000_p_00600,40.0,40.0,9.0,4.0,56,11.459155902616464,square-0-2,130,0.6
2120,square,0000-0060,noise_sampled_s_1_m_08000_a_02000_d_03000_l_01000_p_00600,40.0,40.0,9.0,0.0,60,11.459155902616464,square-0-2,131,0.6
2121,square,0000-0064,noise_sampled_s_1_m_08000_a_02000_d_03000_l_01000_p_00600,40.0,40.0,3.0,8.0,64,11.459155902616464,square-0-2,132,0.6
2122,square,0000-0068,noise_sampled_s_1_m_08000_a_02000_d_03000_l_01000_p_00600,40.0,40.0,9.0,4.0,68,11.459155902616464,square-0-2,133,0.6
2123,square,0000-0072,noise_sampled_s_1_m_08000_a_02000_d_03000_l_01000_p_00600,40.0,40.0,3.0,0.0,72,11.459155902616464,square-0-2,134,0.6
2124,square,0000-0076,noise_sampled_s_1_m_08000_a_02000_d_03000_l_01000_p_00600,40.0,40.0,8.0,0.0,76,11.459155902616464,square-0-2,135,0.6
2125,square,0000-0080,noise_sampled_s_1_m_08000_a_02000_d_03000_l_01000_p_00600,40.0,40.0,3.0,8.0,80,11.459155902616464,square-0-2,136,0.6
2126,square,0000-0084,noise_sampled_s_1_m_08000_a_02000_d_03000_l_01000_p_00600,40.0,40.0,9.0,4.0,84,11.459155902616464,square-0-2,137,0.6
2127,square,0000-0088,noise_sampled_s_1_m_08000_a_02000_d_03000_l_01000_p_00600,40.0,40.0,8.0,0.0,88,11.459155902616464,square-0-2,138,0.6
2128,square,0000-0092,noise_sampled_s_1_m_08000_a_02000_d_03000_l_01000_p_00600,40.0,40.0,2.0,8.0,92,11.459155902616464,square-0-2,139,0.6
2129,square,0000-0096,noise_sampled_s_1_m_08000_a_02000_d_03000_l_01000_p_00600,40.0,40.0,8.0,5.0,96,11.459155902616464,square-0-2,140,0.6
2130,square,0000-0100,noise_sampled_s_1_m_08000_a_02000_d_03000_l_01000_p_00600,40.0,40.0,4.0,1.0,100,11.459155902616464,square-0-2,141,0.6
2131,square,0000-0104,noise_sampled_s_1_m_08000_a_02000_d_03000_l_01000_p_00600,40.0,40.0,6.0,9.0,104,11.459155902616464,square-0-2,142,0.6
2132,square,0000-0108,noise_sampled_s_1_m_08000_a_02000_d_03000_l_01000_p_00600,40.0,40.0,8.0,1.0,108,11.459155902616464,square-0-2,143,0.6
2133,square,0000-0112,noise_sampled_s_1_m_08000_a_02000_d_03000_l_01000_p_00600,40.0,40.0,2.0,9.0,112,11.459155902616464,square-0-2,144,0.6
2134,square,0000-0116,noise_sampled_s_1_m_08000_a_02000_d_03000_l_01000_p_00600,40.0,40.0,7.0,5.0,116,11.459155902616464,square-0-2,145,0.6
2135,square,0000-0120,noise_sampled_s_1_m_08000_a_02000_d_03000_l_01000_p_00600,40.0,40.0,2.0,8.0,120,11.459155902616464,square-0-2,146,0.6
2136,square,0000-0124,noise_sampled_s_1_m_08000_a_02000_d_03000_l_01000_p_00600,40.0,40.0,7.0,5.0,124,11.459155902616464,square-0-2,147,0.6
2137,square,0000-0128,noise_sampled_s_1_m_08000_a_02000_d_03000_l_01000_p_00600,40.0,40.0,4.0,0.0,128,11.459155902616464,square-0-2,148,0.6
2138,square,0000-0132,noise_sampled_s_1_m_08000_a_02000_d_03000_l_01000_p_00600,40.0,40.0,3.0,9.0,132,11.459155902616464,square-0-2,149,0.6
2139,square,0000-0136,noise_sampled_s_1_m_08000_a_02000_d_03000_l_01000_p_00600,40.0,40.0,9.0,4.0,136,11.459155902616464,square-0-2,150,0.6
2140,square,0000-0140,noise_sampled_s_1_m_08000_a_02000_d_03000_l_01000_p_00600,40.0,40.0,3.0,0.0,140,11.459155902616464,square-0-2,151,0.6
2141,square,0000-0144,noise_sampled_s_1_m_08000_a_02000_d_03000_l_01000_p_00600,40.0,40.0,2.0,9.0,144,11.459155902616464,square-0-2,152,0.6
2142,square,0000-0148,noise_sampled_s_1_m_08000_a_02000_d_03000_l_01000_p_00600,40.0,40.0,7.0,6.0,148,11.459155902616464,square-0-2,153,0.6
2143,square,0000-0152,noise_sampled_s_1_m_08000_a_02000_d_03000_l_01000_p_00600,40.0,40.0,7.0,2.0,152,11.459155902616464,square-0-2,154,0.6
2144,square,0000-0156,noise_sampled_s_1_m_08000_a_02000_d_03000_l_01000_p_00600,40.0,40.0,7.0,2.0,156,11.459155902616464,square-0-2,155,0.6
2145,triangle,0000-0004,noise_sampled_s_1_m_08000_a_02000_d_03000_l_01000_p_00600,40.0,40.0,5.0,5.0,4,11.459155902616464,triangle-0-2,117,0.6
2146,triangle,0000-0008,noise_sampled_s_1_m_08000_a_02000_d_03000_l_01000_p_00600,40.0,40.0,5.0,5.0,8,11.459155902616464,triangle-0-2,118,0.6
2147,triangle,0000-0012,noise_sampled_s_1_m_08000_a_02000_d_03000_l_01000_p_00600,40.0,40.0,5.0,4.0,12,11.459155902616464,triangle-0-2,119,0.6
2148,triangle,0000-0016,noise_sampled_s_1_m_08000_a_02000_d_03000_l_01000_p_00600,40.0,40.0,4.0,5.0,16,11.459155902616464,triangle-0-2,120,0.6
2149,triangle,0000-0020,noise_sampled_s_1_m_08000_a_02000_d_03000_l_01000_p_00600,40.0,40.0,5.0,5.0,20,11.459155902616464,triangle-0-2,121,0.6
2150,triangle,0000-0024,noise_sampled_s_1_m_08000_a_02000_d_03000_l_01000_p_00600,40.0,40.0,5.0,4.0,24,11.459155902616464,triangle-0-2,122,0.6
2151,triangle,0000-0028,noise_sampled_s_1_m_08000_a_02000_d_03000_l_01000_p_00600,40.0,40.0,5.0,5.0,28,11.459155902616464,triangle-0-2,123,0.6
2152,triangle,0000-0032,noise_sampled_s_1_m_08000_a_02000_d_03000_l_01000_p_00600,40.0,40.0,5.0,4.0,32,11.459155902616464,triangle-0-2,124,0.6
2153,triangle,0000-0036,noise_sampled_s_1_m_08000_a_02000_d_03000_l_01000_p_00600,40.0,40.0,4.0,4.0,36,11.459155902616464,triangle-0-2,125,0.6
2154,triangle,0000-0040,noise_sampled_s_1_m_08000_a_02000_d_03000_l_01000_p_00600,40.0,40.0,5.0,5.0,40,11.459155902616464,triangle-0-2,126,0.6
2155,triangle,0000-0044,noise_sampled_s_1_m_08000_a_02000_d_03000_l_01000_p_00600,40.0,40.0,4.0,4.0,44,11.459155902616464,triangle-0-2,127,0.6
2156,triangle,0000-0048,noise_sampled_s_1_m_08000_a_02000_d_03000_l_01000_p_00600,40.0,40.0,3.0,3.0,48,11.459155902616464,triangle-0-2,128,0.6
2157,triangle,0000-0052,noise_sampled_s_1_m_08000_a_02000_d_03000_l_01000_p_00600,40.0,40.0,5.0,4.0,52,11.459155902616464,triangle-0-2,129,0.6
2158,triangle,0000-0056,noise_sampled_s_1_m_08000_a_02000_d_03000_l_01000_p_00600,40.0,40.0,4.0,5.0,56,11.459155902616464,triangle-0-2,130,0.6
2159,triangle,0000-0060,noise_sampled_s_1_m_08000_a_02000_d_03000_l_01000_p_00600,40.0,40.0,4.0,4.0,60,11.459155902616464,triangle-0-2,131,0.6
2160,triangle,0000-0064,noise_sampled_s_1_m_08000_a_02000_d_03000_l_01000_p_00600,40.0,40.0,3.0,3.0,64,11.459155902616464,triangle-0-2,132,0.6
2161,triangle,0000-0068,noise_sampled_s_1_m_08000_a_02000_d_03000_l_01000_p_00600,40.0,40.0,4.0,3.0,68,11.459155902616464,triangle-0-2,133,0.6
2162,triangle,0000-0072,noise_sampled_s_1_m_08000_a_02000_d_03000_l_01000_p_00600,40.0,40.0,5.0,5.0,72,11.459155902616464,triangle-0-2,134,0.6
2163,triangle,0000-0076,noise_sampled_s_1_m_08000_a_02000_d_03000_l_01000_p_00600,40.0,40.0,4.0,4.0,76,11.459155902616464,triangle-0-2,135,0.6
2164,triangle,0000-0080,noise_sampled_s_1_m_08000_a_02000_d_03000_l_01000_p_00600,40.0,40.0,3.0,3.0,80,11.459155902616464,triangle-0-2,136,0.6
2165,triangle,0000-0084,noise_sampled_s_1_m_08000_a_02000_d_03000_l_01000_p_00600,40.0,40.0,5.0,5.0,84,11.459155902616464,triangle-0-2,137,0.6
2166,triangle,0000-0088,noise_sampled_s_1_m_08000_a_02000_d_03000_l_01000_p_00600,40.0,40.0,4.0,5.0,88,11.459155902616464,triangle-0-2,138,0.6
2167,triangle,0000-0092,noise_sampled_s_1_m_08000_a_02000_d_03000_l_01000_p_00600,40.0,40.0,5.0,4.0,92,11.459155902616464,triangle-0-2,139,0.6
2168,triangle,0000-0096,noise_sampled_s_1_m_08000_a_02000_d_03000_l_01000_p_00600,40.0,40.0,4.0,4.0,96,11.459155902616464,triangle-0-2,140,0.6
2169,triangle,0000-0100,noise_sampled_s_1_m_08000_a_02000_d_03000_l_01000_p_00600,40.0,40.0,3.0,3.0,100,11.459155902616464,triangle-0-2,141,0.6
2170,triangle,0000-0104,noise_sampled_s_1_m_08000_a_02000_d_03000_l_01000_p_00600,40.0,40.0,5.0,5.0,104,11.459155902616464,triangle-0-2,142,0.6
2171,triangle,0000-0108,noise_sampled_s_1_m_08000_a_02000_d_03000_l_01000_p_00600,40.0,40.0,5.0,5.0,108,11.459155902616464,triangle-0-2,143,0.6
2172,triangle,0000-0112,noise_sampled_s_1_m_08000_a_02000_d_03000_l_01000_p_00600,40.0,40.0,5.0,4.0,112,11.459155902616464,triangle-0-2,144,0.6
2173,triangle,0000-0116,noise_sampled_s_1_m_08000_a_02000_d_03000_l_01000_p_00600,40.0,40.0,5.0,4.0,116,11.459155902616464,triangle-0-2,145,0.6
2174,triangle,0000-0120,noise_sampled_s_1_m_08000_a_02000_d_03000_l_01000_p_00600,40.0,40.0,5.0,5.0,120,11.459155902616464,triangle-0-2,146,0.6
2175,triangle,0000-0124,noise_sampled_s_1_m_08000_a_02000_d_03000_l_01000_p_00600,40.0,40.0,5.0,5.0,124,11.459155902616464,triangle-0-2,147,0.6
2176,triangle,0000-0128,noise_sampled_s_1_m_08000_a_02000_d_03000_l_01000_p_00600,40.0,40.0,3.0,3.0,128,11.459155902616464,triangle-0-2,148,0.6
2177,triangle,0000-0132,noise_sampled_s_1_m_08000_a_02000_d_03000_l_01000_p_00600,40.0,40.0,5.0,4.0,132,11.459155902616464,triangle-0-2,149,0.6
2178,triangle,0000-0136,noise_sampled_s_1_m_08000_a_02000_d_03000_l_01000_p_00600,40.0,40.0,0.0,0.0,136,11.459155902616464,triangle-0-2,150,0.6
2179,triangle,0000-0140,noise_sampled_s_1_m_08000_a_02000_d_03000_l_01000_p_00600,40.0,40.0,5.0,4.0,140,11.459155902616464,triangle-0-2,151,0.6
2180,triangle,0000-0144,noise_sampled_s_1_m_08000_a_02000_d_03000_l_01000_p_00600,40.0,40.0,5.0,5.0,144,11.459155902616464,triangle-0-2,152,0.6
2181,triangle,0000-0148,noise_sampled_s_1_m_08000_a_02000_d_03000_l_01000_p_00600,40.0,40.0,5.0,5.0,148,11.459155902616464,triangle-0-2,153,0.6
2182,triangle,0000-0152,noise_sampled_s_1_m_08000_a_02000_d_03000_l_01000_p_00600,40.0,40.0,5.0,4.0,152,11.459155902616464,triangle-0-2,154,0.6
2183,triangle,0000-0156,noise_sampled_s_1_m_08000_a_02000_d_03000_l_01000_p_00600,40.0,40.0,5.0,5.0,156,11.459155902616464,triangle-0-2,155,0.6
2184,square,0000-0004,noise_sampled_s_1_m_08000_a_02000_d_03000_l_01000_p_00600,40.0,40.0,7.0,4.0,4,22.91831180523293,square-0-4,117,0.6
2185,square,0000-0008,noise_sampled_s_1_m_08000_a_02000_d_03000_l_01000_p_00600,40.0,40.0,8.0,0.0,8,22.91831180523293,square-0-4,118,0.6
2186,square,0000-0012,noise_sampled_s_1_m_08000_a_02000_d_03000_l_01000_p_00600,40.0,40.0,2.0,9.0,12,22.91831180523293,square-0-4,119,0.6
2187,square,0000-0016,noise_sampled_s_1_m_08000_a_02000_d_03000_l_01000_p_00600,40.0,40.0,9.0,4.0,16,22.91831180523293,square-0-4,120,0.6
2188,square,0000-0020,noise_sampled_s_1_m_08000_a_02000_d_03000_l_01000_p_00600,40.0,40.0,7.0,2.0,20,22.91831180523293,square-0-4,121,0.6
2189,square,0000-0024,noise_sampled_s_1_m_08000_a_02000_d_03000_l_01000_p_00600,40.0,40.0,1.0,8.0,24,22.91831180523293,square-0-4,122,0.6
2190,square,0000-0028,noise_sampled_s_1_m_08000_a_02000_d_03000_l_01000_p_00600,40.0,40.0,7.0,5.0,28,22.91831180523293,square-0-4,123,0.6
2191,square,0000-0032,noise_sampled_s_1_m_08000_a_02000_d_03000_l_01000_p_00600,40.0,40.0,8.0,0.0,32,22.91831180523293,square-0-4,124,0.6
2192,square,0000-0036,noise_sampled_s_1_m_08000_a_02000_d_03000_l_01000_p_00600,40.0,40.0,2.0,8.0,36,22.91831180523293,square-0-4,125,0.6
2193,square,0000-0040,noise_sampled_s_1_m_08000_a_02000_d_03000_l_01000_p_00600,40.0,40.0,9.0,7.0,40,22.91831180523293,square-0-4,126,0.6
2194,square,0000-0044,noise_sampled_s_1_m_08000_a_02000_d_03000_l_01000_p_00600,40.0,40.0,4.0,1.0,44,22.91831180523293,square-0-4,127,0.6
2195,square,0000-0048,noise_sampled_s_1_m_08000_a_02000_d_03000_l_01000_p_00600,40.0,40.0,3.0,9.0,48,22.91831180523293,square-0-4,128,0.6
2196,square,0000-0052,noise_sampled_s_1_m_08000_a_02000_d_03000_l_01000_p_00600,40.0,40.0,7.0,5.0,52,22.91831180523293,square-0-4,129,0.6
2197,square,0000-0056,noise_sampled_s_1_m_08000_a_02000_d_03000_l_01000_p_00600,40.0,40.0,7.0,0.0,56,22.91831180523293,square-0-4,130,0.6
2198,square,0000-0060,noise_sampled_s_1_m_08000_a_02000_d_03000_l_01000_p_00600,40.0,40.0,2.0,8.0,60,22.91831180523293,square-0-4,131,0.6
2199,square,0000-0064,noise_sampled_s_1_m_08000_a_02000_d_03000_l_01000_p_00600,40.0,40.0,8.0,4.0,64,22.91831180523293,square-0-4,132,0.6
2200,square,0000-0068,noise_sampled_s_1_m_08000_a_02000_d_03000_l_01000_p_00600,40.0,40.0,4.0,1.0,68,22.91831180523293,square-0-4,133,0.6
2201,square,0000-0072,noise_sampled_s_1_m_08000_a_02000_d_03000_l_01000_p_00600,40.0,40.0,1.0,8.0,72,22.91831180523293,square-0-4,134,0.6
2202,square,0000-0076,noise_sampled_s_1_m_08000_a_02000_d_03000_l_01000_p_00600,40.0,40.0,9.0,7.0,76,22.91831180523293,square-0-4,135,0.6
2203,square,0000-0080,noise_sampled_s_1_m_08000_a_02000_d_03000_l_01000_p_00600,40.0,40.0,4.0,1.0,80,22.91831180523293,square-0-4,136,0.6
2204,square,0000-0084,noise_sampled_s_1_m_08000_a_02000_d_03000_l_01000_p_00600,40.0,40.0,2.0,9.0,84,22.91831180523293,square-0-4,137,0.6
2205,square,0000-0088,noise_sampled_s_1_m_08000_a_02000_d_03000_l_01000_p_00600,40.0,40.0,8.0,4.0,88,22.91831180523293,square-0-4,138,0.6
2206,square,0000-0092,noise_sampled_s_1_m_08000_a_02000_d_03000_l_01000_p_00600,40.0,40.0,8.0,0.0,92,22.91831180523293,square-0-4,139,0.6
2207,square,0000-0096,noise_sampled_s_1_m_08000_a_02000_d_03000_l_01000_p_00600,40.0,40.0,8.0,0.0,96,22.91831180523293,square-0-4,140,0.6
2208,square,0000-0100,noise_sampled_s_1_m_08000_a_02000_d_03000_l_01000_p_00600,40.0,40.0,8.0,0.0,100,22.91831180523293,square-0-4,141,0.6
2209,square,0000-0104,noise_sampled_s_1_m_08000_a_02000_d_03000_l_01000_p_00600,40.0,40.0,7.0,9.0,104,22.91831180523293,square-0-4,142,0.6
2210,square,0000-0108,noise_sampled_s_1_m_08000_a_02000_d_03000_l_01000_p_00600,40.0,40.0,4.0,0.0,108,22.91831180523293,square-0-4,143,0.6
2211,square,0000-0112,noise_sampled_s_1_m_08000_a_02000_d_03000_l_01000_p_00600,40.0,40.0,0.0,8.0,112,22.91831180523293,square-0-4,144,0.6
2212,square,0000-0116,noise_sampled_s_1_m_08000_a_02000_d_03000_l_01000_p_00600,40.0,40.0,9.0,7.0,116,22.91831180523293,square-0-4,145,0.6
2213,square,0000-0120,noise_sampled_s_1_m_08000_a_02000_d_03000_l_01000_p_00600,40.0,40.0,7.0,2.0,120,22.91831180523293,square-0-4,146,0.6
2214,square,0000-0124,noise_sampled_s_1_m_08000_a_02000_d_03000_l_01000_p_00600,40.0,40.0,4.0,9.0,124,22.91831180523293,square-0-4,147,0.6
2215,square,0000-0128,noise_sampled_s_1_m_08000_a_02000_d_03000_l_01000_p_00600,40.0,40.0,9.0,4.0,128,22.91831180523293,square-0-4,148,0.6
2216,square,0000-0132,noise_sampled_s_1_m_08000_a_02000_d_03000_l_01000_p_00600,40.0,40.0,8.0,0.0,132,22.91831180523293,square-0-4,149,0.6
2217,square,0000-0136,noise_sampled_s_1_m_08000_a_02000_d_03000_l_01000_p_00600,40.0,40.0,2.0,9.0,136,22.91831180523293,square-0-4,150,0.6
2218,square,0000-0140,noise_sampled_s_1_m_08000_a_02000_d_03000_l_01000_p_00600,40.0,40.0,7.0,5.0,140,22.91831180523293,square-0-4,151,0.6
2219,square,0000-0144,noise_sampled_s_1_m_08000_a_02000_d_03000_l_01000_p_00600,40.0,40.0,3.0,0.0,144,22.91831180523293,square-0-4,152,0.6
2220,square,0000-0148,noise_sampled_s_1_m_08000_a_02000_d_03000_l_01000_p_00600,40.0,40.0,0.0,8.0,148,22.91831180523293,square-0-4,153,0.6
2221,square,0000-0152,noise_sampled_s_1_m_08000_a_02000_d_03000_l_01000_p_00600,40.0,40.0,9.0,7.0,152,22.91831180523293,square-0-4,154,0.6
2222,square,0000-0156,noise_sampled_s_1_m_08000_a_02000_d_03000_l_01000_p_00600,40.0,40.0,7.0,2.0,156,22.91831180523293,square-0-4,155,0.6
2223,square,0000-0004,noise_sampled_s_1_m_08000_a_02000_d_03000_l_01000_p_00600,40.0,40.0,3.0,8.0,4,0.0,square-0-0,117,0.6
2224,square,0000-0008,noise_sampled_s_1_m_08000_a_02000_d_03000_l_01000_p_00600,40.0,40.0,9.0,5.0,8,0.0,square-0-0,118,0.6
2225,square,0000-0012,noise_sampled_s_1_m_08000_a_02000_d_03000_l_01000_p_00600,40.0,40.0,3.0,0.0,12,0.0,square-0-0,119,0.6
2226,square,0000-0016,noise_sampled_s_1_m_08000_a_02000_d_03000_l_01000_p_00600,40.0,40.0,2.0,8.0,16,0.0,square-0-0,120,0.6
2227,square,0000-0020,noise_sampled_s_1_m_08000_a_02000_d_03000_l_01000_p_00600,40.0,40.0,9.0,4.0,20,0.0,square-0-0,121,0.6
2228,square,0000-0024,noise_sampled_s_1_m_08000_a_02000_d_03000_l_01000_p_00600,40.0,40.0,9.0,0.0,24,0.0,square-0-0,122,0.6
2229,square,0000-0028,noise_sampled_s_1_m_08000_a_02000_d_03000_l_01000_p_00600,40.0,40.0,2.0,9.0,28,0.0,square-0-0,123,0.6
2230,square,0000-0032,noise_sampled_s_1_m_08000_a_02000_d_03000_l_01000_p_00600,40.0,40.0,9.0,5.0,32,0.0,square-0-0,124,0.6
2231,square,0000-0036,noise_sampled_s_1_m_08000_a_02000_d_03000_l_01000_p_00600,40.0,40.0,9.0,0.0,36,0.0,square-0-0,125,0.6
2232,square,0000-0040,noise_sampled_s_1_m_08000_a_02000_d_03000_l_01000_p_00600,40.0,40.0,2.0,9.0,40,0.0,square-0-0,126,0.6
2233,square,0000-0044,noise_sampled_s_1_m_08000_a_02000_d_03000_l_01000_p_00600,40.0,40.0,9.0,4.0,44,0.0,square-0-0,127,0.6
2234,square,0000-0048,noise_sampled_s_1_m_08000_a_02000_d_03000_l_01000_p_00600,40.0,40.0,9.0,0.0,48,0.0,square-0-0,128,0.6
2235,square,0000-0052,noise_sampled_s_1_m_08000_a_02000_d_03000_l_01000_p_00600,40.0,40.0,2.0,8.0,52,0.0,square-0-0,129,0.6
2236,square,0000-0056,noise_sampled_s_1_m_08000_a_02000_d_03000_l_01000_p_00600,40.0,40.0,9.0,5.0,56,0.0,square-0-0,130,0.6
2237,square,0000-0060,noise_sampled_s_1_m_08000_a_02000_d_03000_l_01000_p_00600,40.0,40.0,4.0,0.0,60,0.0,square-0-0,131,0.6
2238,square,0000-0064,noise_sampled_s_1_m_08000_a_02000_d_03000_l_01000_p_00600,40.0,40.0,3.0,8.0,64,0.0,square-0-0,132,0.6
2239,square,0000-0068,noise_sampled_s_1_m_08000_a_02000_d_03000_l_01000_p_00600,40.0,40.0,4.0,0.0,68,0.0,square-0-0,133,0.6
2240,square,0000-0072,noise_sampled_s_1_m_08000_a_02000_d_03000_l_01000_p_00600,40.0,40.0,3.0,9.0,72,0.0,square-0-0,134,0.6
2241,square,0000-0076,noise_sampled_s_1_m_08000_a_02000_d_03000_l_01000_p_00600,40.0,40.0,9.0,5.0,76,0.0,square-0-0,135,0.6
2242,square,0000-0080,noise_sampled_s_1_m_08000_a_02000_d_03000_l_01000_p_00600,40.0,40.0,3.0,8.0,80,0.0,square-0-0,136,0.6
2243,square,0000-0084,noise_sampled_s_1_m_08000_a_02000_d_03000_l_01000_p_00600,40.0,40.0,3.0,0.0,84,0.0,square-0-0,137,0.6
2244,square,0000-0088,noise_sampled_s_1_m_08000_a_02000_d_03000_l_01000_p_00600,40.0,40.0,3.0,8.0,88,0.0,square-0-0,138,0.6
2245,square,0000-0092,noise_sampled_s_1_m_08000_a_02000_d_03000_l_01000_p_00600,40.0,40.0,8.0,4.0,92,0.0,square-0-0,139,0.6
2246,square,0000-0096,noise_sampled_s_1_m_08000_a_02000_d_03000_l_01000_p_00600,40.0,40.0,9.0,0.0,96,0.0,square-0-0,140,0.6
2247,square,0000-0100,noise_sampled_s_1_m_08000_a_02000_d_03000_l_01000_p_00600,40.0,40.0,3.0,7.0,100,0.0,square-0-0,141,0.6
2248,square,0000-0104,noise_sampled_s_1_m_08000_a_02000_d_03000_l_01000_p_00600,40.0,40.0,9.0,4.0,104,0.0,square-0-0,142,0.6
2249,square,0000-0108,noise_sampled_s_1_m_08000_a_02000_d_03000_l_01000_p_00600,40.0,40.0,9.0,0.0,108,0.0,square-0-0,143,0.6
2250,square,0000-0112,noise_sampled_s_1_m_08000_a_02000_d_03000_l_01000_p_00600,40.0,40.0,3.0,9.0,112,0.0,square-0-0,144,0.6
2251,square,0000-0116,noise_sampled_s_1_m_08000_a_02000_d_03000_l_01000_p_00600,40.0,40.0,9.0,4.0,116,0.0,square-0-0,145,0.6
2252,square,0000-0120,noise_sampled_s_1_m_08000_a_02000_d_03000_l_01000_p_00600,40.0,40.0,9.0,0.0,120,0.0,square-0-0,146,0.6
2253,square,0000-0124,noise_sampled_s_1_m_08000_a_02000_d_03000_l_01000_p_00600,40.0,40.0,6.0,9.0,124,0.0,square-0-0,147,0.6
2254,square,0000-0128,noise_sampled_s_1_m_08000_a_02000_d_03000_l_01000_p_00600,40.0,40.0,3.0,0.0,128,0.0,square-0-0,148,0.6
2255,square,0000-0132,noise_sampled_s_1_m_08000_a_02000_d_03000_l_01000_p_00600,40.0,40.0,3.0,8.0,132,0.0,square-0-0,149,0.6
2256,square,0000-0136,noise_sampled_s_1_m_08000_a_02000_d_03000_l_01000_p_00600,40.0,40.0,3.0,0.0,136,0.0,square-0-0,150,0.6
2257,square,0000-0140,noise_sampled_s_1_m_08000_a_02000_d_03000_l_01000_p_00600,40.0,40.0,6.0,9.0,140,0.0,square-0-0,151,0.6
2258,square,0000-0144,noise_sampled_s_1_m_08000_a_02000_d_03000_l_01000_p_00600,40.0,40.0,7.0,3.0,144,0.0,square-0-0,152,0.6
2259,square,0000-0148,noise_sampled_s_1_m_08000_a_02000_d_03000_l_01000_p_00600,40.0,40.0,9.0,0.0,148,0.0,square-0-0,153,0.6
2260,square,0000-0152,noise_sampled_s_1_m_08000_a_02000_d_03000_l_01000_p_00600,40.0,40.0,2.0,9.0,152,0.0,square-0-0,154,0.6
2261,square,0000-0156,noise_sampled_s_1_m_08000_a_02000_d_03000_l_01000_p_00600,40.0,40.0,9.0,5.0,156,0.0,square-0-0,155,0.6
2262,square,0000-0004,noise_sampled_s_1_m_08000_a_02000_d_03000_l_01000_p_00600,40.0,40.0,7.0,5.0,4,34.37746770784939,square-0-6,117,0.6
2263,square,0000-0008,noise_sampled_s_1_m_08000_a_02000_d_03000_l_01000_p_00600,40.0,40.0,8.0,0.0,8,34.37746770784939,square-0-6,118,0.6
2264,square,0000-0012,noise_sampled_s_1_m_08000_a_02000_d_03000_l_01000_p_00600,40.0,40.0,1.0,9.0,12,34.37746770784939,square-0-6,119,0.6
2265,square,0000-0016,noise_sampled_s_1_m_08000_a_02000_d_03000_l_01000_p_00600,40.0,40.0,9.0,3.0,16,34.37746770784939,square-0-6,120,0.6
2266,square,0000-0020,noise_sampled_s_1_m_08000_a_02000_d_03000_l_01000_p_00600,40.0,40.0,8.0,2.0,20,34.37746770784939,square-0-6,121,0.6
2267,square,0000-0024,noise_sampled_s_1_m_08000_a_02000_d_03000_l_01000_p_00600,40.0,40.0,1.0,9.0,24,34.37746770784939,square-0-6,122,0.6
2268,square,0000-0028,noise_sampled_s_1_m_08000_a_02000_d_03000_l_01000_p_00600,40.0,40.0,7.0,5.0,28,34.37746770784939,square-0-6,123,0.6
2269,square,0000-0032,noise_sampled_s_1_m_08000_a_02000_d_03000_l_01000_p_00600,40.0,40.0,8.0,0.0,32,34.37746770784939,square-0-6,124,0.6
2270,square,0000-0036,noise_sampled_s_1_m_08000_a_02000_d_03000_l_01000_p_00600,40.0,40.0,2.0,9.0,36,34.37746770784939,square-0-6,125,0.6
2271,square,0000-0040,noise_sampled_s_1_m_08000_a_02000_d_03000_l_01000_p_00600,40.0,40.0,9.0,6.0,40,34.37746770784939,square-0-6,126,0.6
2272,square,0000-0044,noise_sampled_s_1_m_08000_a_02000_d_03000_l_01000_p_00600,40.0,40.0,5.0,0.0,44,34.37746770784939,square-0-6,127,0.6
2273,square,0000-0048,noise_sampled_s_1_m_08000_a_02000_d_03000_l_01000_p_00600,40.0,40.0,4.0,9.0,48,34.37746770784939,square-0-6,128,0.6
2274,square,0000-0052,noise_sampled_s_1_m_08000_a_02000_d_03000_l_01000_p_00600,40.0,40.0,7.0,4.0,52,34.37746770784939,square-0-6,129,0.6
2275,square,0000-0056,noise_sampled_s_1_m_08000_a_02000_d_03000_l_01000_p_00600,40.0,40.0,5.0,1.0,56,34.37746770784939,square-0-6,130,0.6
2276,square,0000-0060,noise_sampled_s_1_m_08000_a_02000_d_03000_l_01000_p_00600,40.0,40.0,2.0,9.0,60,34.37746770784939,square-0-6,131,0.6
2277,square,0000-0064,noise_sampled_s_1_m_08000_a_02000_d_03000_l_01000_p_00600,40.0,40.0,8.0,4.0,64,34.37746770784939,square-0-6,132,0.6
2278,square,0000-0068,noise_sampled_s_1_m_08000_a_02000_d_03000_l_01000_p_00600,40.0,40.0,5.0,1.0,68,34.37746770784939,square-0-6,133,0.6
2279,square,0000-0072,noise_sampled_s_1_m_08000_a_02000_d_03000_l_01000_p_00600,40.0,40.0,1.0,9.0,72,34.37746770784939,square-0-6,134,0.6
2280,square,0000-0076,noise_sampled_s_1_m_08000_a_02000_d_03000_l_01000_p_00600,40.0,40.0,9.0,6.0,76,34.37746770784939,square-0-6,135,0.6
2281,square,0000-0080,noise_sampled_s_1_m_08000_a_02000_d_03000_l_01000_p_00600,40.0,40.0,5.0,1.0,80,34.37746770784939,square-0-6,136,0.6
2282,square,0000-0084,noise_sampled_s_1_m_08000_a_02000_d_03000_l_01000_p_00600,40.0,40.0,1.0,9.0,84,34.37746770784939,square-0-6,137,0.6
2283,square,0000-0088,noise_sampled_s_1_m_08000_a_02000_d_03000_l_01000_p_00600,40.0,40.0,8.0,4.0,88,34.37746770784939,square-0-6,138,0.6
2284,square,0000-0092,noise_sampled_s_1_m_08000_a_02000_d_03000_l_01000_p_00600,40.0,40.0,4.0,0.0,92,34.37746770784939,square-0-6,139,0.6
2285,square,0000-0096,noise_sampled_s_1_m_08000_a_02000_d_03000_l_01000_p_00600,40.0,40.0,2.0,8.0,96,34.37746770784939,square-0-6,140,0.6
2286,square,0000-0100,noise_sampled_s_1_m_08000_a_02000_d_03000_l_01000_p_00600,40.0,40.0,9.0,3.0,100,34.37746770784939,square-0-6,141,0.6
2287,square,0000-0104,noise_sampled_s_1_m_08000_a_02000_d_03000_l_01000_p_00600,40.0,40.0,9.0,3.0,104,34.37746770784939,square-0-6,142,0.6
2288,square,0000-0108,noise_sampled_s_1_m_08000_a_02000_d_03000_l_01000_p_00600,40.0,40.0,6.0,1.0,108,34.37746770784939,square-0-6,143,0.6
2289,square,0000-0112,noise_sampled_s_1_m_08000_a_02000_d_03000_l_01000_p_00600,40.0,40.0,0.0,9.0,112,34.37746770784939,square-0-6,144,0.6
2290,square,0000-0116,noise_sampled_s_1_m_08000_a_02000_d_03000_l_01000_p_00600,40.0,40.0,8.0,6.0,116,34.37746770784939,square-0-6,145,0.6
2291,square,0000-0120,noise_sampled_s_1_m_08000_a_02000_d_03000_l_01000_p_00600,40.0,40.0,8.0,1.0,120,34.37746770784939,square-0-6,146,0.6
2292,square,0000-0124,noise_sampled_s_1_m_08000_a_02000_d_03000_l_01000_p_00600,40.0,40.0,0.0,9.0,124,34.37746770784939,square-0-6,147,0.6
2293,square,0000-0128,noise_sampled_s_1_m_08000_a_02000_d_03000_l_01000_p_00600,40.0,40.0,8.0,4.0,128,34.37746770784939,square-0-6,148,0.6
2294,square,0000-0132,noise_sampled_s_1_m_08000_a_02000_d_03000_l_01000_p_00600,40.0,40.0,7.0,0.0,132,34.37746770784939,square-0-6,149,0.6
2295,square,0000-0136,noise_sampled_s_1_m_08000_a_02000_d_03000_l_01000_p_00600,40.0,40.0,1.0,9.0,136,34.37746770784939,square-0-6,150,0.6
2296,square,0000-0140,noise_sampled_s_1_m_08000_a_02000_d_03000_l_01000_p_00600,40.0,40.0,8.0,5.0,140,34.37746770784939,square-0-6,151,0.6
2297,square,0000-0144,noise_sampled_s_1_m_08000_a_02000_d_03000_l_01000_p_00600,40.0,40.0,8.0,2.0,144,34.37746770784939,square-0-6,152,0.6
2298,square,0000-0148,noise_sampled_s_1_m_08000_a_02000_d_03000_l_01000_p_00600,40.0,40.0,5.0,9.0,148,34.37746770784939,square-0-6,153,0.6
2299,square,0000-0152,noise_sampled_s_1_m_08000_a_02000_d_03000_l_01000_p_00600,40.0,40.0,8.0,5.0,152,34.37746770784939,square-0-6,154,0.6
2300,square,0000-0156,noise_sampled_s_1_m_08000_a_02000_d_03000_l_01000_p_00600,40.0,40.0,7.0,1.0,156,34.37746770784939,square-0-6,155,0.6
2301,triangle,0000-0004,noise_sampled_s_1_m_08000_a_02000_d_03000_l_01000_p_00600,40.0,40.0,3.0,5.0,4,68.75493541569878,triangle-1-2,117,0.6
2302,triangle,0000-0008,noise_sampled_s_1_m_08000_a_02000_d_03000_l_01000_p_00600,40.0,40.0,4.0,3.0,8,68.75493541569878,triangle-1-2,118,0.6
2303,triangle,0000-0012,noise_sampled_s_1_m_08000_a_02000_d_03000_l_01000_p_00600,40.0,40.0,4.0,6.0,12,68.75493541569878,triangle-1-2,119,0.6
2304,triangle,0000-0016,noise_sampled_s_1_m_08000_a_02000_d_03000_l_01000_p_00600,40.0,40.0,1.0,0.0,16,68.75493541569878,triangle-1-2,120,0.6
2305,triangle,0000-0020,noise_sampled_s_1_m_08000_a_02000_d_03000_l_01000_p_00600,40.0,40.0,4.0,6.0,20,68.75493541569878,triangle-1-2,121,0.6
2306,triangle,0000-0024,noise_sampled_s_1_m_08000_a_02000_d_03000_l_01000_p_00600,40.0,40.0,3.0,4.0,24,68.75493541569878,triangle-1-2,122,0.6
2307,triangle,0000-0028,noise_sampled_s_1_m_08000_a_02000_d_03000_l_01000_p_00600,40.0,40.0,3.0,4.0,28,68.75493541569878,triangle-1-2,123,0.6
2308,triangle,0000-0032,noise_sampled_s_1_m_08000_a_02000_d_03000_l_01000_p_00600,40.0,40.0,3.0,6.0,32,68.75493541569878,triangle-1-2,124,0.6
2309,triangle,0000-0036,noise_sampled_s_1_m_08000_a_02000_d_03000_l_01000_p_00600,40.0,40.0,4.0,6.0,36,68.75493541569878,triangle-1-2,125,0.6
2310,triangle,0000-0040,noise_sampled_s_1_m_08000_a_02000_d_03000_l_01000_p_00600,40.0,40.0,4.0,2.0,40,68.75493541569878,triangle-1-2,126,0.6
2311,triangle,0000-0044,noise_sampled_s_1_m_08000_a_02000_d_03000_l_01000_p_00600,40.0,40.0,3.0,6.0,44,68.75493541569878,triangle-1-2,127,0.6
2312,triangle,0000-0048,noise_sampled_s_1_m_08000_a_02000_d_03000_l_01000_p_00600,40.0,40.0,3.0,6.0,48,68.75493541569878,triangle-1-2,128,0.6
2313,triangle,0000-0052,noise_sampled_s_1_m_08000_a_02000_d_03000_l_01000_p_00600,40.0,40.0,3.0,4.0,52,68.75493541569878,triangle-1-2,129,0.6
2314,triangle,0000-0056,noise_sampled_s_1_m_08000_a_02000_d_03000_l_01000_p_00600,40.0,40.0,3.0,6.0,56,68.75493541569878,triangle-1-2,130,0.6
2315,triangle,0000-0060,noise_sampled_s_1_m_08000_a_02000_d_03000_l_01000_p_00600,40.0,40.0,3.0,5.0,60,68.75493541569878,triangle-1-2,131,0.6
2316,triangle,0000-0064,noise_sampled_s_1_m_08000_a_02000_d_03000_l_01000_p_00600,40.0,40.0,3.0,3.0,64,68.75493541569878,triangle-1-2,132,0.6
2317,triangle,0000-0068,noise_sampled_s_1_m_08000_a_02000_d_03000_l_01000_p_00600,40.0,40.0,3.0,6.0,68,68.75493541569878,triangle-1-2,133,0.6
2318,triangle,0000-0072,noise_sampled_s_1_m_08000_a_02000_d_03000_l_01000_p_00600,40.0,40.0,4.0,3.0,72,68.75493541569878,triangle-1-2,134,0.6
2319,triangle,0000-0076,noise_sampled_s_1_m_08000_a_02000_d_03000_l_01000_p_00600,40.0,40.0,3.0,6.0,76,68.75493541569878,triangle-1-2,135,0.6
2320,triangle,0000-0080,noise_sampled_s_1_m_08000_a_02000_d_03000_l_01000_p_00600,40.0,40.0,3.0,3.0,80,68.75493541569878,triangle-1-2,136,0.6
2321,triangle,0000-0084,noise_sampled_s_1_m_08000_a_02000_d_03000_l_01000_p_00600,40.0,40.0,3.0,6.0,84,68.75493541569878,triangle-1-2,137,0.6
2322,triangle,0000-0088,noise_sampled_s_1_m_08000_a_02000_d_03000_l_01000_p_00600,40.0,40.0,3.0,6.0,88,68.75493541569878,triangle-1-2,138,0.6
2323,triangle,0000-0092,noise_sampled_s_1_m_08000_a_02000_d_03000_l_01000_p_00600,40.0,40.0,3.0,6.0,92,68.75493541569878,triangle-1-2,139,0.6
2324,triangle,0000-0096,noise_sampled_s_1_m_08000_a_02000_d_03000_l_01000_p_00600,40.0,40.0,3.0,4.0,96,68.75493541569878,triangle-1-2,140,0.6
2325,triangle,0000-0100,noise_sampled_s_1_m_08000_a_02000_d_03000_l_01000_p_00600,40.0,40.0,1.0,0.0,100,68.75493541569878,triangle-1-2,141,0.6
2326,triangle,0000-0104,noise_sampled_s_1_m_08000_a_02000_d_03000_l_01000_p_00600,40.0,40.0,4.0,6.0,104,68.75493541569878,triangle-1-2,142,0.6
2327,triangle,0000-0108,noise_sampled_s_1_m_08000_a_02000_d_03000_l_01000_p_00600,40.0,40.0,4.0,3.0,108,68.75493541569878,triangle-1-2,143,0.6
2328,triangle,0000-0112,noise_sampled_s_1_m_08000_a_02000_d_03000_l_01000_p_00600,40.0,40.0,4.0,6.0,112,68.75493541569878,triangle-1-2,144,0.6
2329,triangle,0000-0116,noise_sampled_s_1_m_08000_a_02000_d_03000_l_01000_p_00600,40.0,40.0,4.0,3.0,116,68.75493541569878,triangle-1-2,145,0.6
2330,triangle,0000-0120,noise_sampled_s_1_m_08000_a_02000_d_03000_l_01000_p_00600,40.0,40.0,4.0,6.0,120,68.75493541569878,triangle-1-2,146,0.6
2331,triangle,0000-0124,noise_sampled_s_1_m_08000_a_02000_d_03000_l_01000_p_00600,40.0,40.0,3.0,4.0,124,68.75493541569878,triangle-1-2,147,0.6
2332,triangle,0000-0128,noise_sampled_s_1_m_08000_a_02000_d_03000_l_01000_p_00600,40.0,40.0,3.0,6.0,128,68.75493541569878,triangle-1-2,148,0.6
2333,triangle,0000-0132,noise_sampled_s_1_m_08000_a_02000_d_03000_l_01000_p_00600,40.0,40.0,3.0,6.0,132,68.75493541569878,triangle-1-2,149,0.6
2334,triangle,0000-0136,noise_sampled_s_1_m_08000_a_02000_d_03000_l_01000_p_00600,40.0,40.0,4.0,3.0,136,68.75493541569878,triangle-1-2,150,0.6
2335,triangle,0000-0140,noise_sampled_s_1_m_08000_a_02000_d_03000_l_01000_p_00600,40.0,40.0,3.0,6.0,140,68.75493541569878,triangle-1-2,151,0.6
2336,triangle,0000-0144,noise_sampled_s_1_m_08000_a_02000_d_03000_l_01000_p_00600,40.0,40.0,4.0,6.0,144,68.75493541569878,triangle-1-2,152,0.6
2337,triangle,0000-0148,noise_sampled_s_1_m_08000_a_02000_d_03000_l_01000_p_00600,40.0,40.0,4.0,3.0,148,68.75493541569878,triangle-1-2,153,0.6
2338,triangle,0000-0152,noise_sampled_s_1_m_08000_a_02000_d_03000_l_01000_p_00600,40.0,40.0,4.0,6.0,152,68.75493541569878,triangle-1-2,154,0.6
2339,triangle,0000-0156,noise_sampled_s_1_m_08000_a_02000_d_03000_l_01000_p_00600,40.0,40.0,4.0,3.0,156,68.75493541569878,triangle-1-2,155,0.6
2340,triangle,0000-0004,noise_sampled_s_1_m_08000_a_02000_d_03000_l_01000_p_00600,40.0,40.0,4.0,6.0,4,80.21409131831524,triangle-1-4,117,0.6
2341,triangle,0000-0008,noise_sampled_s_1_m_08000_a_02000_d_03000_l_01000_p_00600,40.0,40.0,4.0,6.0,8,80.21409131831524,triangle-1-4,118,0.6
2342,triangle,0000-0012,noise_sampled_s_1_m_08000_a_02000_d_03000_l_01000_p_00600,40.0,40.0,4.0,6.0,12,80.21409131831524,triangle-1-4,119,0.6
2343,triangle,0000-0016,noise_sampled_s_1_m_08000_a_02000_d_03000_l_01000_p_00600,40.0,40.0,0.0,0.0,16,80.21409131831524,triangle-1-4,120,0.6
2344,triangle,0000-0020,noise_sampled_s_1_m_08000_a_02000_d_03000_l_01000_p_00600,40.0,40.0,4.0,6.0,20,80.21409131831524,triangle-1-4,121,0.6
2345,triangle,0000-0024,noise_sampled_s_1_m_08000_a_02000_d_03000_l_01000_p_00600,40.0,40.0,4.0,6.0,24,80.21409131831524,triangle-1-4,122,0.6
2346,triangle,0000-0028,noise_sampled_s_1_m_08000_a_02000_d_03000_l_01000_p_00600,40.0,40.0,4.0,5.0,28,80.21409131831524,triangle-1-4,123,0.6
2347,triangle,0000-0032,noise_sampled_s_1_m_08000_a_02000_d_03000_l_01000_p_00600,40.0,40.0,4.0,2.0,32,80.21409131831524,triangle-1-4,124,0.6
2348,triangle,0000-0036,noise_sampled_s_1_m_08000_a_02000_d_03000_l_01000_p_00600,40.0,40.0,4.0,6.0,36,80.21409131831524,triangle-1-4,125,0.6
2349,triangle,0000-0040,noise_sampled_s_1_m_08000_a_02000_d_03000_l_01000_p_00600,40.0,40.0,4.0,6.0,40,80.21409131831524,triangle-1-4,126,0.6
2350,triangle,0000-0044,noise_sampled_s_1_m_08000_a_02000_d_03000_l_01000_p_00600,40.0,40.0,3.0,4.0,44,80.21409131831524,triangle-1-4,127,0.6
2351,triangle,0000-0048,noise_sampled_s_1_m_08000_a_02000_d_03000_l_01000_p_00600,40.0,40.0,4.0,6.0,48,80.21409131831524,triangle-1-4,128,0.6
2352,triangle,0000-0052,noise_sampled_s_1_m_08000_a_02000_d_03000_l_01000_p_00600,40.0,40.0,3.0,3.0,52,80.21409131831524,triangle-1-4,129,0.6
2353,triangle,0000-0056,noise_sampled_s_1_m_08000_a_02000_d_03000_l_01000_p_00600,40.0,40.0,4.0,6.0,56,80.21409131831524,triangle-1-4,130,0.6
2354,triangle,0000-0060,noise_sampled_s_1_m_08000_a_02000_d_03000_l_01000_p_00600,40.0,40.0,3.0,6.0,60,80.21409131831524,triangle-1-4,131,0.6
2355,triangle,0000-0064,noise_sampled_s_1_m_08000_a_02000_d_03000_l_01000_p_00600,40.0,40.0,3.0,3.0,64,80.21409131831524,triangle-1-4,132,0.6
2356,triangle,0000-0068,noise_sampled_s_1_m_08000_a_02000_d_03000_l_01000_p_00600,40.0,40.0,4.0,6.0,68,80.21409131831524,triangle-1-4,133,0.6
2357,triangle,0000-0072,noise_sampled_s_1_m_08000_a_02000_d_03000_l_01000_p_00600,40.0,40.0,3.0,4.0,72,80.21409131831524,triangle-1-4,134,0.6
2358,triangle,0000-0076,noise_sampled_s_1_m_08000_a_02000_d_03000_l_01000_p_00600,40.0,40.0,0.0,0.0,76,80.21409131831524,triangle-1-4,135,0.6
2359,triangle,0000-0080,noise_sampled_s_1_m_08000_a_02000_d_03000_l_01000_p_00600,40.0,40.0,0.0,0.0,80,80.21409131831524,triangle-1-4,136,0.6
2360,triangle,0000-0084,noise_sampled_s_1_m_08000_a_02000_d_03000_l_01000_p_00600,40.0,40.0,4.0,6.0,84,80.21409131831524,triangle-1-4,137,0.6
2361,triangle,0000-0088,noise_sampled_s_1_m_08000_a_02000_d_03000_l_01000_p_00600,40.0,40.0,3.0,6.0,88,80.21409131831524,triangle-1-4,138,0.6
2362,triangle,0000-0092,noise_sampled_s_1_m_08000_a_02000_d_03000_l_01000_p_00600,40.0,40.0,4.0,6.0,92,80.21409131831524,triangle-1-4,139,0.6
2363,triangle,0000-0096,noise_sampled_s_1_m_08000_a_02000_d_03000_l_01000_p_00600,40.0,40.0,3.0,4.0,96,80.21409131831524,triangle-1-4,140,0.6
2364,triangle,0000-0100,noise_sampled_s_1_m_08000_a_02000_d_03000_l_01000_p_00600,40.0,40.0,0.0,0.0,100,80.21409131831524,triangle-1-4,141,0.6
2365,triangle,0000-0104,noise_sampled_s_1_m_08000_a_02000_d_03000_l_01000_p_00600,40.0,40.0,4.0,6.0,104,80.21409131831524,triangle-1-4,142,0.6
2366,triangle,0000-0108,noise_sampled_s_1_m_08000_a_02000_d_03000_l_01000_p_00600,40.0,40.0,3.0,3.0,108,80.21409131831524,triangle-1-4,143,0.6
2367,triangle,0000-0112,noise_sampled_s_1_m_08000_a_02000_d_03000_l_01000_p_00600,40.0,40.0,4.0,6.0,112,80.21409131831524,triangle-1-4,144,0.6
2368,triangle,0000-0116,noise_sampled_s_1_m_08000_a_02000_d_03000_l_01000_p_00600,40.0,40.0,4.0,6.0,116,80.21409131831524,triangle-1-4,145,0.6
2369,triangle,0000-0120,noise_sampled_s_1_m_08000_a_02000_d_03000_l_01000_p_00600,40.0,40.0,4.0,5.0,120,80.21409131831524,triangle-1-4,146,0.6
2370,triangle,0000-0124,noise_sampled_s_1_m_08000_a_02000_d_03000_l_01000_p_00600,40.0,40.0,4.0,6.0,124,80.21409131831524,triangle-1-4,147,0.6
2371,triangle,0000-0128,noise_sampled_s_1_m_08000_a_02000_d_03000_l_01000_p_00600,40.0,40.0,0.0,0.0,128,80.21409131831524,triangle-1-4,148,0.6
2372,triangle,0000-0132,noise_sampled_s_1_m_08000_a_02000_d_03000_l_01000_p_00600,40.0,40.0,3.0,6.0,132,80.21409131831524,triangle-1-4,149,0.6
2373,triangle,0000-0136,noise_sampled_s_1_m_08000_a_02000_d_03000_l_01000_p_00600,40.0,40.0,3.0,6.0,136,80.21409131831524,triangle-1-4,150,0.6
2374,triangle,0000-0140,noise_sampled_s_1_m_08000_a_02000_d_03000_l_01000_p_00600,40.0,40.0,3.0,6.0,140,80.21409131831524,triangle-1-4,151,0.6
2375,triangle,0000-0144,noise_sampled_s_1_m_08000_a_02000_d_03000_l_01000_p_00600,40.0,40.0,4.0,6.0,144,80.21409131831524,triangle-1-4,152,0.6
2376,triangle,0000-0148,noise_sampled_s_1_m_08000_a_02000_d_03000_l_01000_p_00600,40.0,40.0,4.0,6.0,148,80.21409131831524,triangle-1-4,153,0.6
2377,triangle,0000-0152,noise_sampled_s_1_m_08000_a_02000_d_03000_l_01000_p_00600,40.0,40.0,4.0,6.0,152,80.21409131831524,triangle-1-4,154,0.6
2378,triangle,0000-0156,noise_sampled_s_1_m_08000_a_02000_d_03000_l_01000_p_00600,40.0,40.0,3.0,4.0,156,80.21409131831524,triangle-1-4,155,0.6
2379,triangle,0000-0004,noise_sampled_s_1_m_08000_a_02000_d_03000_l_01000_p_00600,40.0,40.0,5.0,5.0,4,0.0,triangle-0-0,117,0.6
2380,triangle,0000-0008,noise_sampled_s_1_m_08000_a_02000_d_03000_l_01000_p_00600,40.0,40.0,5.0,5.0,8,0.0,triangle-0-0,118,0.6
2381,triangle,0000-0012,noise_sampled_s_1_m_08000_a_02000_d_03000_l_01000_p_00600,40.0,40.0,5.0,5.0,12,0.0,triangle-0-0,119,0.6
2382,triangle,0000-0016,noise_sampled_s_1_m_08000_a_02000_d_03000_l_01000_p_00600,40.0,40.0,0.0,0.0,16,0.0,triangle-0-0,120,0.6
2383,triangle,0000-0020,noise_sampled_s_1_m_08000_a_02000_d_03000_l_01000_p_00600,40.0,40.0,5.0,6.0,20,0.0,triangle-0-0,121,0.6
2384,triangle,0000-0024,noise_sampled_s_1_m_08000_a_02000_d_03000_l_01000_p_00600,40.0,40.0,5.0,5.0,24,0.0,triangle-0-0,122,0.6
2385,triangle,0000-0028,noise_sampled_s_1_m_08000_a_02000_d_03000_l_01000_p_00600,40.0,40.0,5.0,5.0,28,0.0,triangle-0-0,123,0.6
2386,triangle,0000-0032,noise_sampled_s_1_m_08000_a_02000_d_03000_l_01000_p_00600,40.0,40.0,5.0,5.0,32,0.0,triangle-0-0,124,0.6
2387,triangle,0000-0036,noise_sampled_s_1_m_08000_a_02000_d_03000_l_01000_p_00600,40.0,40.0,4.0,4.0,36,0.0,triangle-0-0,125,0.6
2388,triangle,0000-0040,noise_sampled_s_1_m_08000_a_02000_d_03000_l_01000_p_00600,40.0,40.0,5.0,5.0,40,0.0,triangle-0-0,126,0.6
2389,triangle,0000-0044,noise_sampled_s_1_m_08000_a_02000_d_03000_l_01000_p_00600,40.0,40.0,4.0,5.0,44,0.0,triangle-0-0,127,0.6
2390,triangle,0000-0048,noise_sampled_s_1_m_08000_a_02000_d_03000_l_01000_p_00600,40.0,40.0,3.0,4.0,48,0.0,triangle-0-0,128,0.6
2391,triangle,0000-0052,noise_sampled_s_1_m_08000_a_02000_d_03000_l_01000_p_00600,40.0,40.0,5.0,5.0,52,0.0,triangle-0-0,129,0.6
2392,triangle,0000-0056,noise_sampled_s_1_m_08000_a_02000_d_03000_l_01000_p_00600,40.0,40.0,0.0,0.0,56,0.0,triangle-0-0,130,0.6
2393,triangle,0000-0060,noise_sampled_s_1_m_08000_a_02000_d_03000_l_01000_p_00600,40.0,40.0,4.0,5.0,60,0.0,triangle-0-0,131,0.6
2394,triangle,0000-0064,noise_sampled_s_1_m_08000_a_02000_d_03000_l_01000_p_00600,40.0,40.0,5.0,5.0,64,0.0,triangle-0-0,132,0.6
2395,triangle,0000-0068,noise_sampled_s_1_m_08000_a_02000_d_03000_l_01000_p_00600,40.0,40.0,5.0,5.0,68,0.0,triangle-0-0,133,0.6
2396,triangle,0000-0072,noise_sampled_s_1_m_08000_a_02000_d_03000_l_01000_p_00600,40.0,40.0,5.0,5.0,72,0.0,triangle-0-0,134,0.6
2397,triangle,0000-0076,noise_sampled_s_1_m_08000_a_02000_d_03000_l_01000_p_00600,40.0,40.0,4.0,5.0,76,0.0,triangle-0-0,135,0.6
2398,triangle,0000-0080,noise_sampled_s_1_m_08000_a_02000_d_03000_l_01000_p_00600,40.0,40.0,3.0,3.0,80,0.0,triangle-0-0,136,0.6
2399,triangle,0000-0084,noise_sampled_s_1_m_08000_a_02000_d_03000_l_01000_p_00600,40.0,40.0,5.0,5.0,84,0.0,triangle-0-0,137,0.6
2400,triangle,0000-0088,noise_sampled_s_1_m_08000_a_02000_d_03000_l_01000_p_00600,40.0,40.0,0.0,0.0,88,0.0,triangle-0-0,138,0.6
2401,triangle,0000-0092,noise_sampled_s_1_m_08000_a_02000_d_03000_l_01000_p_00600,40.0,40.0,5.0,5.0,92,0.0,triangle-0-0,139,0.6
2402,triangle,0000-0096,noise_sampled_s_1_m_08000_a_02000_d_03000_l_01000_p_00600,40.0,40.0,4.0,5.0,96,0.0,triangle-0-0,140,0.6
2403,triangle,0000-0100,noise_sampled_s_1_m_08000_a_02000_d_03000_l_01000_p_00600,40.0,40.0,0.0,0.0,100,0.0,triangle-0-0,141,0.6
2404,triangle,0000-0104,noise_sampled_s_1_m_08000_a_02000_d_03000_l_01000_p_00600,40.0,40.0,5.0,5.0,104,0.0,triangle-0-0,142,0.6
2405,triangle,0000-0108,noise_sampled_s_1_m_08000_a_02000_d_03000_l_01000_p_00600,40.0,40.0,5.0,5.0,108,0.0,triangle-0-0,143,0.6
2406,triangle,0000-0112,noise_sampled_s_1_m_08000_a_02000_d_03000_l_01000_p_00600,40.0,40.0,5.0,5.0,112,0.0,triangle-0-0,144,0.6
2407,triangle,0000-0116,noise_sampled_s_1_m_08000_a_02000_d_03000_l_01000_p_00600,40.0,40.0,5.0,5.0,116,0.0,triangle-0-0,145,0.6
2408,triangle,0000-0120,noise_sampled_s_1_m_08000_a_02000_d_03000_l_01000_p_00600,40.0,40.0,5.0,6.0,120,0.0,triangle-0-0,146,0.6
2409,triangle,0000-0124,noise_sampled_s_1_m_08000_a_02000_d_03000_l_01000_p_00600,40.0,40.0,5.0,6.0,124,0.0,triangle-0-0,147,0.6
2410,triangle,0000-0128,noise_sampled_s_1_m_08000_a_02000_d_03000_l_01000_p_00600,40.0,40.0,0.0,0.0,128,0.0,triangle-0-0,148,0.6
2411,triangle,0000-0132,noise_sampled_s_1_m_08000_a_02000_d_03000_l_01000_p_00600,40.0,40.0,5.0,5.0,132,0.0,triangle-0-0,149,0.6
2412,triangle,0000-0136,noise_sampled_s_1_m_08000_a_02000_d_03000_l_01000_p_00600,40.0,40.0,5.0,5.0,136,0.0,triangle-0-0,150,0.6
2413,triangle,0000-0140,noise_sampled_s_1_m_08000_a_02000_d_03000_l_01000_p_00600,40.0,40.0,5.0,5.0,140,0.0,triangle-0-0,151,0.6
2414,triangle,0000-0144,noise_sampled_s_1_m_08000_a_02000_d_03000_l_01000_p_00600,40.0,40.0,5.0,5.0,144,0.0,triangle-0-0,152,0.6
2415,triangle,0000-0148,noise_sampled_s_1_m_08000_a_02000_d_03000_l_01000_p_00600,40.0,40.0,5.0,5.0,148,0.0,triangle-0-0,153,0.6
2416,triangle,0000-0152,noise_sampled_s_1_m_08000_a_02000_d_03000_l_01000_p_00600,40.0,40.0,5.0,5.0,152,0.0,triangle-0-0,154,0.6
2417,triangle,0000-0156,noise_sampled_s_1_m_08000_a_02000_d_03000_l_01000_p_00600,40.0,40.0,5.0,6.0,156,0.0,triangle-0-0,155,0.6
2418,square,0000-0004,noise_sampled_s_1_m_08000_a_02000_d_03000_l_01000_p_00600,40.0,40.0,4.0,8.0,4,68.75493541569878,square-1-2,117,0.6
2419,square,0000-0008,noise_sampled_s_1_m_08000_a_02000_d_03000_l_01000_p_00600,40.0,40.0,7.0,4.0,8,68.75493541569878,square-1-2,118,0.6
2420,square,0000-0012,noise_sampled_s_1_m_08000_a_02000_d_03000_l_01000_p_00600,40.0,40.0,4.0,8.0,12,68.75493541569878,square-1-2,119,0.6
2421,square,0000-0016,noise_sampled_s_1_m_08000_a_02000_d_03000_l_01000_p_00600,40.0,40.0,8.0,2.0,16,68.75493541569878,square-1-2,120,0.6
2422,square,0000-0020,noise_sampled_s_1_m_08000_a_02000_d_03000_l_01000_p_00600,40.0,40.0,4.0,9.0,20,68.75493541569878,square-1-2,121,0.6
2423,square,0000-0024,noise_sampled_s_1_m_08000_a_02000_d_03000_l_01000_p_00600,40.0,40.0,6.0,3.0,24,68.75493541569878,square-1-2,122,0.6
2424,square,0000-0028,noise_sampled_s_1_m_08000_a_02000_d_03000_l_01000_p_00600,40.0,40.0,7.0,0.0,28,68.75493541569878,square-1-2,123,0.6
2425,square,0000-0032,noise_sampled_s_1_m_08000_a_02000_d_03000_l_01000_p_00600,40.0,40.0,7.0,0.0,32,68.75493541569878,square-1-2,124,0.6
2426,square,0000-0036,noise_sampled_s_1_m_08000_a_02000_d_03000_l_01000_p_00600,40.0,40.0,3.0,8.0,36,68.75493541569878,square-1-2,125,0.6
2427,square,0000-0040,noise_sampled_s_1_m_08000_a_02000_d_03000_l_01000_p_00600,40.0,40.0,9.0,5.0,40,68.75493541569878,square-1-2,126,0.6
2428,square,0000-0044,noise_sampled_s_1_m_08000_a_02000_d_03000_l_01000_p_00600,40.0,40.0,3.0,8.0,44,68.75493541569878,square-1-2,127,0.6
2429,square,0000-0048,noise_sampled_s_1_m_08000_a_02000_d_03000_l_01000_p_00600,40.0,40.0,7.0,2.0,48,68.75493541569878,square-1-2,128,0.6
2430,square,0000-0052,noise_sampled_s_1_m_08000_a_02000_d_03000_l_01000_p_00600,40.0,40.0,6.0,0.0,52,68.75493541569878,square-1-2,129,0.6
2431,square,0000-0056,noise_sampled_s_1_m_08000_a_02000_d_03000_l_01000_p_00600,40.0,40.0,6.0,0.0,56,68.75493541569878,square-1-2,130,0.6
2432,square,0000-0060,noise_sampled_s_1_m_08000_a_02000_d_03000_l_01000_p_00600,40.0,40.0,3.0,8.0,60,68.75493541569878,square-1-2,131,0.6
2433,square,0000-0064,noise_sampled_s_1_m_08000_a_02000_d_03000_l_01000_p_00600,40.0,40.0,7.0,2.0,64,68.75493541569878,square-1-2,132,0.6
2434,square,0000-0068,noise_sampled_s_1_m_08000_a_02000_d_03000_l_01000_p_00600,40.0,40.0,3.0,8.0,68,68.75493541569878,square-1-2,133,0.6
2435,square,0000-0072,noise_sampled_s_1_m_08000_a_02000_d_03000_l_01000_p_00600,40.0,40.0,7.0,3.0,72,68.75493541569878,square-1-2,134,0.6
2436,square,0000-0076,noise_sampled_s_1_m_08000_a_02000_d_03000_l_01000_p_00600,40.0,40.0,3.0,8.0,76,68.75493541569878,square-1-2,135,0.6
2437,square,0000-0080,noise_sampled_s_1_m_08000_a_02000_d_03000_l_01000_p_00600,40.0,40.0,7.0,2.0,80,68.75493541569878,square-1-2,136,0.6
2438,square,0000-0084,noise_sampled_s_1_m_08000_a_02000_d_03000_l_01000_p_00600,40.0,40.0,4.0,8.0,84,68.75493541569878,square-1-2,137,0.6
2439,square,0000-0088,noise_sampled_s_1_m_08000_a_02000_d_03000_l_01000_p_00600,40.0,40.0,7.0,2.0,88,68.75493541569878,square-1-2,138,0.6
2440,square,0000-0092,noise_sampled_s_1_m_08000_a_02000_d_03000_l_01000_p_00600,40.0,40.0,7.0,0.0,92,68.75493541569878,square-1-2,139,0.6
2441,square,0000-0096,noise_sampled_s_1_m_08000_a_02000_d_03000_l_01000_p_00600,40.0,40.0,6.0,0.0,96,68.75493541569878,square-1-2,140,0.6
2442,square,0000-0100,noise_sampled_s_1_m_08000_a_02000_d_03000_l_01000_p_00600,40.0,40.0,3.0,8.0,100,68.75493541569878,square-1-2,141,0.6
2443,square,0000-0104,noise_sampled_s_1_m_08000_a_02000_d_03000_l_01000_p_00600,40.0,40.0,8.0,5.0,104,68.75493541569878,square-1-2,142,0.6
2444,square,0000-0108,noise_sampled_s_1_m_08000_a_02000_d_03000_l_01000_p_00600,40.0,40.0,4.0,8.0,108,68.75493541569878,square-1-2,143,0.6
2445,square,0000-0112,noise_sampled_s_1_m_08000_a_02000_d_03000_l_01000_p_00600,40.0,40.0,7.0,4.0,112,68.75493541569878,square-1-2,144,0.6
2446,square,0000-0116,noise_sampled_s_1_m_08000_a_02000_d_03000_l_01000_p_00600,40.0,40.0,4.0,8.0,116,68.75493541569878,square-1-2,145,0.6
2447,square,0000-0120,noise_sampled_s_1_m_08000_a_02000_d_03000_l_01000_p_00600,40.0,40.0,9.0,5.0,120,68.75493541569878,square-1-2,146,0.6
2448,square,0000-0124,noise_sampled_s_1_m_08000_a_02000_d_03000_l_01000_p_00600,40.0,40.0,3.0,9.0,124,68.75493541569878,square-1-2,147,0.6
2449,square,0000-0128,noise_sampled_s_1_m_08000_a_02000_d_03000_l_01000_p_00600,40.0,40.0,7.0,2.0,128,68.75493541569878,square-1-2,148,0.6
2450,square,0000-0132,noise_sampled_s_1_m_08000_a_02000_d_03000_l_01000_p_00600,40.0,40.0,6.0,0.0,132,68.75493541569878,square-1-2,149,0.6
2451,square,0000-0136,noise_sampled_s_1_m_08000_a_02000_d_03000_l_01000_p_00600,40.0,40.0,4.0,8.0,136,68.75493541569878,square-1-2,150,0.6
2452,square,0000-0140,noise_sampled_s_1_m_08000_a_02000_d_03000_l_01000_p_00600,40.0,40.0,7.0,3.0,140,68.75493541569878,square-1-2,151,0.6
2453,square,0000-0144,noise_sampled_s_1_m_08000_a_02000_d_03000_l_01000_p_00600,40.0,40.0,7.0,0.0,144,68.75493541569878,square-1-2,152,0.6
2454,square,0000-0148,noise_sampled_s_1_m_08000_a_02000_d_03000_l_01000_p_00600,40.0,40.0,5.0,9.0,148,68.75493541569878,square-1-2,153,0.6
2455,square,0000-0152,noise_sampled_s_1_m_08000_a_02000_d_03000_l_01000_p_00600,40.0,40.0,7.0,4.0,152,68.75493541569878,square-1-2,154,0.6
2456,square,0000-0156,noise_sampled_s_1_m_08000_a_02000_d_03000_l_01000_p_00600,40.0,40.0,9.0,1.0,156,68.75493541569878,square-1-2,155,0.6
2457,square,0000-0004,noise_sampled_s_1_m_08000_a_02000_d_03000_l_01000_p_00600,40.0,40.0,3.0,8.0,4,91.67324722093171,square-1-6,117,0.6
2458,square,0000-0008,noise_sampled_s_1_m_08000_a_02000_d_03000_l_01000_p_00600,40.0,40.0,9.0,5.0,8,91.67324722093171,square-1-6,118,0.6
2459,square,0000-0012,noise_sampled_s_1_m_08000_a_02000_d_03000_l_01000_p_00600,40.0,40.0,3.0,0.0,12,91.67324722093171,square-1-6,119,0.6
2460,square,0000-0016,noise_sampled_s_1_m_08000_a_02000_d_03000_l_01000_p_00600,40.0,40.0,8.0,0.0,16,91.67324722093171,square-1-6,120,0.6
2461,square,0000-0020,noise_sampled_s_1_m_08000_a_02000_d_03000_l_01000_p_00600,40.0,40.0,2.0,9.0,20,91.67324722093171,square-1-6,121,0.6
2462,square,0000-0024,noise_sampled_s_1_m_08000_a_02000_d_03000_l_01000_p_00600,40.0,40.0,9.0,8.0,24,91.67324722093171,square-1-6,122,0.6
2463,square,0000-0028,noise_sampled_s_1_m_08000_a_02000_d_03000_l_01000_p_00600,40.0,40.0,7.0,3.0,28,91.67324722093171,square-1-6,123,0.6
2464,square,0000-0032,noise_sampled_s_1_m_08000_a_02000_d_03000_l_01000_p_00600,40.0,40.0,2.0,8.0,32,91.67324722093171,square-1-6,124,0.6
2465,square,0000-0036,noise_sampled_s_1_m_08000_a_02000_d_03000_l_01000_p_00600,40.0,40.0,9.0,4.0,36,91.67324722093171,square-1-6,125,0.6
2466,square,0000-0040,noise_sampled_s_1_m_08000_a_02000_d_03000_l_01000_p_00600,40.0,40.0,3.0,9.0,40,91.67324722093171,square-1-6,126,0.6
2467,square,0000-0044,noise_sampled_s_1_m_08000_a_02000_d_03000_l_01000_p_00600,40.0,40.0,9.0,4.0,44,91.67324722093171,square-1-6,127,0.6
2468,square,0000-0048,noise_sampled_s_1_m_08000_a_02000_d_03000_l_01000_p_00600,40.0,40.0,3.0,8.0,48,91.67324722093171,square-1-6,128,0.6
2469,square,0000-0052,noise_sampled_s_1_m_08000_a_02000_d_03000_l_01000_p_00600,40.0,40.0,7.0,2.0,52,91.67324722093171,square-1-6,129,0.6
2470,square,0000-0056,noise_sampled_s_1_m_08000_a_02000_d_03000_l_01000_p_00600,40.0,40.0,3.0,8.0,56,91.67324722093171,square-1-6,130,0.6
2471,square,0000-0060,noise_sampled_s_1_m_08000_a_02000_d_03000_l_01000_p_00600,40.0,40.0,7.0,2.0,60,91.67324722093171,square-1-6,131,0.6
2472,square,0000-0064,noise_sampled_s_1_m_08000_a_02000_d_03000_l_01000_p_00600,40.0,40.0,3.0,8.0,64,91.67324722093171,square-1-6,132,0.6
2473,square,0000-0068,noise_sampled_s_1_m_08000_a_02000_d_03000_l_01000_p_00600,40.0,40.0,4.0,0.0,68,91.67324722093171,square-1-6,133,0.6
2474,square,0000-0072,noise_sampled_s_1_m_08000_a_02000_d_03000_l_01000_p_00600,40.0,40.0,3.0,9.0,72,91.67324722093171,square-1-6,134,0.6
2475,square,0000-0076,noise_sampled_s_1_m_08000_a_02000_d_03000_l_01000_p_00600,40.0,40.0,9.0,4.0,76,91.67324722093171,square-1-6,135,0.6
2476,square,0000-0080,noise_sampled_s_1_m_08000_a_02000_d_03000_l_01000_p_00600,40.0,40.0,3.0,8.0,80,91.67324722093171,square-1-6,136,0.6
2477,square,0000-0084,noise_sampled_s_1_m_08000_a_02000_d_03000_l_01000_p_00600,40.0,40.0,3.0,0.0,84,91.67324722093171,square-1-6,137,0.6
2478,square,0000-0088,noise_sampled_s_1_m_08000_a_02000_d_03000_l_01000_p_00600,40.0,40.0,3.0,8.0,88,91.67324722093171,square-1-6,138,0.6
2479,square,0000-0092,noise_sampled_s_1_m_08000_a_02000_d_03000_l_01000_p_00600,40.0,40.0,9.0,4.0,92,91.67324722093171,square-1-6,139,0.6
2480,square,0000-0096,noise_sampled_s_1_m_08000_a_02000_d_03000_l_01000_p_00600,40.0,40.0,9.0,0.0,96,91.67324722093171,square-1-6,140,0.6
2481,square,0000-0100,noise_sampled_s_1_m_08000_a_02000_d_03000_l_01000_p_00600,40.0,40.0,3.0,7.0,100,91.67324722093171,square-1-6,141,0.6
2482,square,0000-0104,noise_sampled_s_1_m_08000_a_02000_d_03000_l_01000_p_00600,40.0,40.0,9.0,4.0,104,91.67324722093171,square-1-6,142,0.6
2483,square,0000-0108,noise_sampled_s_1_m_08000_a_02000_d_03000_l_01000_p_00600,40.0,40.0,3.0,8.0,108,91.67324722093171,square-1-6,143,0.6
2484,square,0000-0112,noise_sampled_s_1_m_08000_a_02000_d_03000_l_01000_p_00600,40.0,40.0,9.0,5.0,112,91.67324722093171,square-1-6,144,0.6
2485,square,0000-0116,noise_sampled_s_1_m_08000_a_02000_d_03000_l_01000_p_00600,40.0,40.0,7.0,2.0,116,91.67324722093171,square-1-6,145,0.6
2486,square,0000-0120,noise_sampled_s_1_m_08000_a_02000_d_03000_l_01000_p_00600,40.0,40.0,2.0,9.0,120,91.67324722093171,square-1-6,146,0.6
2487,square,0000-0124,noise_sampled_s_1_m_08000_a_02000_d_03000_l_01000_p_00600,40.0,40.0,7.0,6.0,124,91.67324722093171,square-1-6,147,0.6
2488,square,0000-0128,noise_sampled_s_1_m_08000_a_02000_d_03000_l_01000_p_00600,40.0,40.0,3.0,0.0,128,91.67324722093171,square-1-6,148,0.6
2489,square,0000-0132,noise_sampled_s_1_m_08000_a_02000_d_03000_l_01000_p_00600,40.0,40.0,3.0,8.0,132,91.67324722093171,square-1-6,149,0.6
2490,square,0000-0136,noise_sampled_s_1_m_08000_a_02000_d_03000_l_01000_p_00600,40.0,40.0,3.0,0.0,136,91.67324722093171,square-1-6,150,0.6
2491,square,0000-0140,noise_sampled_s_1_m_08000_a_02000_d_03000_l_01000_p_00600,40.0,40.0,6.0,9.0,140,91.67324722093171,square-1-6,151,0.6
2492,square,0000-0144,noise_sampled_s_1_m_08000_a_02000_d_03000_l_01000_p_00600,40.0,40.0,7.0,2.0,144,91.67324722093171,square-1-6,152,0.6
2493,square,0000-0148,noise_sampled_s_1_m_08000_a_02000_d_03000_l_01000_p_00600,40.0,40.0,2.0,9.0,148,91.67324722093171,square-1-6,153,0.6
2494,square,0000-0152,noise_sampled_s_1_m_08000_a_02000_d_03000_l_01000_p_00600,40.0,40.0,7.0,5.0,152,91.67324722093171,square-1-6,154,0.6
2495,square,0000-0156,noise_sampled_s_1_m_08000_a_02000_d_03000_l_01000_p_00600,40.0,40.0,9.0,0.0,156,91.67324722093171,square-1-6,155,0.6
2496,triangle,0000-0004,noise_sampled_s_1_m_08000_a_02000_d_03000_l_01000_p_00600,40.0,40.0,2.0,6.0,4,45.83662361046586,triangle-0-8,117,0.6
2497,triangle,0000-0008,noise_sampled_s_1_m_08000_a_02000_d_03000_l_01000_p_00600,40.0,40.0,5.0,3.0,8,45.83662361046586,triangle-0-8,118,0.6
2498,triangle,0000-0012,noise_sampled_s_1_m_08000_a_02000_d_03000_l_01000_p_00600,40.0,40.0,3.0,4.0,12,45.83662361046586,triangle-0-8,119,0.6
2499,triangle,0000-0016,noise_sampled_s_1_m_08000_a_02000_d_03000_l_01000_p_00600,40.0,40.0,4.0,3.0,16,45.83662361046586,triangle-0-8,120,0.6
2500,triangle,0000-0020,noise_sampled_s_1_m_08000_a_02000_d_03000_l_01000_p_00600,40.0,40.0,3.0,5.0,20,45.83662361046586,triangle-0-8,121,0.6
2501,triangle,0000-0024,noise_sampled_s_1_m_08000_a_02000_d_03000_l_01000_p_00600,40.0,40.0,5.0,4.0,24,45.83662361046586,triangle-0-8,122,0.6
2502,triangle,0000-0028,noise_sampled_s_1_m_08000_a_02000_d_03000_l_01000_p_00600,40.0,40.0,3.0,5.0,28,45.83662361046586,triangle-0-8,123,0.6
2503,triangle,0000-0032,noise_sampled_s_1_m_08000_a_02000_d_03000_l_01000_p_00600,40.0,40.0,5.0,3.0,32,45.83662361046586,triangle-0-8,124,0.6
2504,triangle,0000-0036,noise_sampled_s_1_m_08000_a_02000_d_03000_l_01000_p_00600,40.0,40.0,2.0,5.0,36,45.83662361046586,triangle-0-8,125,0.6
2505,triangle,0000-0040,noise_sampled_s_1_m_08000_a_02000_d_03000_l_01000_p_00600,40.0,40.0,5.0,4.0,40,45.83662361046586,triangle-0-8,126,0.6
2506,triangle,0000-0044,noise_sampled_s_1_m_08000_a_02000_d_03000_l_01000_p_00600,40.0,40.0,0.0,1.0,44,45.83662361046586,triangle-0-8,127,0.6
2507,triangle,0000-0048,noise_sampled_s_1_m_08000_a_02000_d_03000_l_01000_p_00600,40.0,40.0,2.0,5.0,48,45.83662361046586,triangle-0-8,128,0.6
2508,triangle,0000-0052,noise_sampled_s_1_m_08000_a_02000_d_03000_l_01000_p_00600,40.0,40.0,3.0,5.0,52,45.83662361046586,triangle-0-8,129,0.6
2509,triangle,0000-0056,noise_sampled_s_1_m_08000_a_02000_d_03000_l_01000_p_00600,40.0,40.0,3.0,4.0,56,45.83662361046586,triangle-0-8,130,0.6
2510,triangle,0000-0060,noise_sampled_s_1_m_08000_a_02000_d_03000_l_01000_p_00600,40.0,40.0,2.0,6.0,60,45.83662361046586,triangle-0-8,131,0.6
2511,triangle,0000-0064,noise_sampled_s_1_m_08000_a_02000_d_03000_l_01000_p_00600,40.0,40.0,3.0,4.0,64,45.83662361046586,triangle-0-8,132,0.6
2512,triangle,0000-0068,noise_sampled_s_1_m_08000_a_02000_d_03000_l_01000_p_00600,40.0,40.0,1.0,6.0,68,45.83662361046586,triangle-0-8,133,0.6
2513,triangle,0000-0072,noise_sampled_s_1_m_08000_a_02000_d_03000_l_01000_p_00600,40.0,40.0,5.0,3.0,72,45.83662361046586,triangle-0-8,134,0.6
2514,triangle,0000-0076,noise_sampled_s_1_m_08000_a_02000_d_03000_l_01000_p_00600,40.0,40.0,4.0,3.0,76,45.83662361046586,triangle-0-8,135,0.6
2515,triangle,0000-0080,noise_sampled_s_1_m_08000_a_02000_d_03000_l_01000_p_00600,40.0,40.0,2.0,5.0,80,45.83662361046586,triangle-0-8,136,0.6
2516,triangle,0000-0084,noise_sampled_s_1_m_08000_a_02000_d_03000_l_01000_p_00600,40.0,40.0,4.0,5.0,84,45.83662361046586,triangle-0-8,137,0.6
2517,triangle,0000-0088,noise_sampled_s_1_m_08000_a_02000_d_03000_l_01000_p_00600,40.0,40.0,4.0,4.0,88,45.83662361046586,triangle-0-8,138,0.6
2518,triangle,0000-0092,noise_sampled_s_1_m_08000_a_02000_d_03000_l_01000_p_00600,40.0,40.0,4.0,3.0,92,45.83662361046586,triangle-0-8,139,0.6
2519,triangle,0000-0096,noise_sampled_s_1_m_08000_a_02000_d_03000_l_01000_p_00600,40.0,40.0,2.0,5.0,96,45.83662361046586,triangle-0-8,140,0.6
2520,triangle,0000-0100,noise_sampled_s_1_m_08000_a_02000_d_03000_l_01000_p_00600,40.0,40.0,2.0,3.0,100,45.83662361046586,triangle-0-8,141,0.6
2521,triangle,0000-0104,noise_sampled_s_1_m_08000_a_02000_d_03000_l_01000_p_00600,40.0,40.0,5.0,4.0,104,45.83662361046586,triangle-0-8,142,0.6
2522,triangle,0000-0108,noise_sampled_s_1_m_08000_a_02000_d_03000_l_01000_p_00600,40.0,40.0,2.0,6.0,108,45.83662361046586,triangle-0-8,143,0.6
2523,triangle,0000-0112,noise_sampled_s_1_m_08000_a_02000_d_03000_l_01000_p_00600,40.0,40.0,5.0,3.0,112,45.83662361046586,triangle-0-8,144,0.6
2524,triangle,0000-0116,noise_sampled_s_1_m_08000_a_02000_d_03000_l_01000_p_00600,40.0,40.0,2.0,5.0,116,45.83662361046586,triangle-0-8,145,0.6
2525,triangle,0000-0120,noise_sampled_s_1_m_08000_a_02000_d_03000_l_01000_p_00600,40.0,40.0,5.0,4.0,120,45.83662361046586,triangle-0-8,146,0.6
2526,triangle,0000-0124,noise_sampled_s_1_m_08000_a_02000_d_03000_l_01000_p_00600,40.0,40.0,4.0,3.0,124,45.83662361046586,triangle-0-8,147,0.6
2527,triangle,0000-0128,noise_sampled_s_1_m_08000_a_02000_d_03000_l_01000_p_00600,40.0,40.0,2.0,5.0,128,45.83662361046586,triangle-0-8,148,0.6
2528,triangle,0000-0132,noise_sampled_s_1_m_08000_a_02000_d_03000_l_01000_p_00600,40.0,40.0,4.0,4.0,132,45.83662361046586,triangle-0-8,149,0.6
2529,triangle,0000-0136,noise_sampled_s_1_m_08000_a_02000_d_03000_l_01000_p_00600,40.0,40.0,2.0,6.0,136,45.83662361046586,triangle-0-8,150,0.6
2530,triangle,0000-0140,noise_sampled_s_1_m_08000_a_02000_d_03000_l_01000_p_00600,40.0,40.0,4.0,4.0,140,45.83662361046586,triangle-0-8,151,0.6
2531,triangle,0000-0144,noise_sampled_s_1_m_08000_a_02000_d_03000_l_01000_p_00600,40.0,40.0,5.0,4.0,144,45.83662361046586,triangle-0-8,152,0.6
2532,triangle,0000-0148,noise_sampled_s_1_m_08000_a_02000_d_03000_l_01000_p_00600,40.0,40.0,3.0,4.0,148,45.83662361046586,triangle-0-8,153,0.6
2533,triangle,0000-0152,noise_sampled_s_1_m_08000_a_02000_d_03000_l_01000_p_00600,40.0,40.0,5.0,3.0,152,45.83662361046586,triangle-0-8,154,0.6
2534,triangle,0000-0156,noise_sampled_s_1_m_08000_a_02000_d_03000_l_01000_p_00600,40.0,40.0,3.0,5.0,156,45.83662361046586,triangle-0-8,155,0.6
2535,square,0000-0004,noise_sampled_s_1_m_08000_a_02000_d_03000_l_01000_p_00600,40.0,40.0,7.0,4.0,4,57.29577951308232,square-1-0,117,0.6
2536,square,0000-0008,noise_sampled_s_1_m_08000_a_02000_d_03000_l_01000_p_00600,40.0,40.0,7.0,0.0,8,57.29577951308232,square-1-0,118,0.6
2537,square,0000-0012,noise_sampled_s_1_m_08000_a_02000_d_03000_l_01000_p_00600,40.0,40.0,0.0,8.0,12,57.29577951308232,square-1-0,119,0.6
2538,square,0000-0016,noise_sampled_s_1_m_08000_a_02000_d_03000_l_01000_p_00600,40.0,40.0,9.0,9.0,16,57.29577951308232,square-1-0,120,0.6
2539,square,0000-0020,noise_sampled_s_1_m_08000_a_02000_d_03000_l_01000_p_00600,40.0,40.0,9.0,2.0,20,57.29577951308232,square-1-0,121,0.6
2540,square,0000-0024,noise_sampled_s_1_m_08000_a_02000_d_03000_l_01000_p_00600,40.0,40.0,9.0,1.0,24,57.29577951308232,square-1-0,122,0.6
2541,square,0000-0028,noise_sampled_s_1_m_08000_a_02000_d_03000_l_01000_p_00600,40.0,40.0,9.0,2.0,28,57.29577951308232,square-1-0,123,0.6
2542,square,0000-0032,noise_sampled_s_1_m_08000_a_02000_d_03000_l_01000_p_00600,40.0,40.0,4.0,9.0,32,57.29577951308232,square-1-0,124,0.6
2543,square,0000-0036,noise_sampled_s_1_m_08000_a_02000_d_03000_l_01000_p_00600,40.0,40.0,7.0,3.0,36,57.29577951308232,square-1-0,125,0.6
2544,square,0000-0040,noise_sampled_s_1_m_08000_a_02000_d_03000_l_01000_p_00600,40.0,40.0,8.0,0.0,40,57.29577951308232,square-1-0,126,0.6
2545,square,0000-0044,noise_sampled_s_1_m_08000_a_02000_d_03000_l_01000_p_00600,40.0,40.0,6.0,0.0,44,57.29577951308232,square-1-0,127,0.6
2546,square,0000-0048,noise_sampled_s_1_m_08000_a_02000_d_03000_l_01000_p_00600,40.0,40.0,5.0,9.0,48,57.29577951308232,square-1-0,128,0.6
2547,square,0000-0052,noise_sampled_s_1_m_08000_a_02000_d_03000_l_01000_p_00600,40.0,40.0,8.0,4.0,52,57.29577951308232,square-1-0,129,0.6
2548,square,0000-0056,noise_sampled_s_1_m_08000_a_02000_d_03000_l_01000_p_00600,40.0,40.0,5.0,0.0,56,57.29577951308232,square-1-0,130,0.6
2549,square,0000-0060,noise_sampled_s_1_m_08000_a_02000_d_03000_l_01000_p_00600,40.0,40.0,5.0,9.0,60,57.29577951308232,square-1-0,131,0.6
2550,square,0000-0064,noise_sampled_s_1_m_08000_a_02000_d_03000_l_01000_p_00600,40.0,40.0,7.0,3.0,64,57.29577951308232,square-1-0,132,0.6
2551,square,0000-0068,noise_sampled_s_1_m_08000_a_02000_d_03000_l_01000_p_00600,40.0,40.0,5.0,0.0,68,57.29577951308232,square-1-0,133,0.6
2552,square,0000-0072,noise_sampled_s_1_m_08000_a_02000_d_03000_l_01000_p_00600,40.0,40.0,0.0,9.0,72,57.29577951308232,square-1-0,134,0.6
2553,square,0000-0076,noise_sampled_s_1_m_08000_a_02000_d_03000_l_01000_p_00600,40.0,40.0,9.0,7.0,76,57.29577951308232,square-1-0,135,0.6
2554,square,0000-0080,noise_sampled_s_1_m_08000_a_02000_d_03000_l_01000_p_00600,40.0,40.0,6.0,0.0,80,57.29577951308232,square-1-0,136,0.6
2555,square,0000-0084,noise_sampled_s_1_m_08000_a_02000_d_03000_l_01000_p_00600,40.0,40.0,5.0,9.0,84,57.29577951308232,square-1-0,137,0.6
2556,square,0000-0088,noise_sampled_s_1_m_08000_a_02000_d_03000_l_01000_p_00600,40.0,40.0,9.0,2.0,88,57.29577951308232,square-1-0,138,0.6
2557,square,0000-0092,noise_sampled_s_1_m_08000_a_02000_d_03000_l_01000_p_00600,40.0,40.0,4.0,9.0,92,57.29577951308232,square-1-0,139,0.6
2558,square,0000-0096,noise_sampled_s_1_m_08000_a_02000_d_03000_l_01000_p_00600,40.0,40.0,7.0,3.0,96,57.29577951308232,square-1-0,140,0.6
2559,square,0000-0100,noise_sampled_s_1_m_08000_a_02000_d_03000_l_01000_p_00600,40.0,40.0,3.0,8.0,100,57.29577951308232,square-1-0,141,0.6
2560,square,0000-0104,noise_sampled_s_1_m_08000_a_02000_d_03000_l_01000_p_00600,40.0,40.0,8.0,5.0,104,57.29577951308232,square-1-0,142,0.6
2561,square,0000-0108,noise_sampled_s_1_m_08000_a_02000_d_03000_l_01000_p_00600,40.0,40.0,6.0,1.0,108,57.29577951308232,square-1-0,143,0.6
2562,square,0000-0112,noise_sampled_s_1_m_08000_a_02000_d_03000_l_01000_p_00600,40.0,40.0,0.0,9.0,112,57.29577951308232,square-1-0,144,0.6
2563,square,0000-0116,noise_sampled_s_1_m_08000_a_02000_d_03000_l_01000_p_00600,40.0,40.0,8.0,7.0,116,57.29577951308232,square-1-0,145,0.6
2564,square,0000-0120,noise_sampled_s_1_m_08000_a_02000_d_03000_l_01000_p_00600,40.0,40.0,7.0,4.0,120,57.29577951308232,square-1-0,146,0.6
2565,square,0000-0124,noise_sampled_s_1_m_08000_a_02000_d_03000_l_01000_p_00600,40.0,40.0,4.0,9.0,124,57.29577951308232,square-1-0,147,0.6
2566,square,0000-0128,noise_sampled_s_1_m_08000_a_02000_d_03000_l_01000_p_00600,40.0,40.0,8.0,3.0,128,57.29577951308232,square-1-0,148,0.6
2567,square,0000-0132,noise_sampled_s_1_m_08000_a_02000_d_03000_l_01000_p_00600,40.0,40.0,4.0,8.0,132,57.29577951308232,square-1-0,149,0.6
2568,square,0000-0136,noise_sampled_s_1_m_08000_a_02000_d_03000_l_01000_p_00600,40.0,40.0,7.0,4.0,136,57.29577951308232,square-1-0,150,0.6
2569,square,0000-0140,noise_sampled_s_1_m_08000_a_02000_d_03000_l_01000_p_00600,40.0,40.0,7.0,0.0,140,57.29577951308232,square-1-0,151,0.6
2570,square,0000-0144,noise_sampled_s_1_m_08000_a_02000_d_03000_l_01000_p_00600,40.0,40.0,6.0,8.0,144,57.29577951308232,square-1-0,152,0.6
2571,square,0000-0148,noise_sampled_s_1_m_08000_a_02000_d_03000_l_01000_p_00600,40.0,40.0,8.0,5.0,148,57.29577951308232,square-1-0,153,0.6
2572,square,0000-0152,noise_sampled_s_1_m_08000_a_02000_d_03000_l_01000_p_00600,40.0,40.0,4.0,9.0,152,57.29577951308232,square-1-0,154,0.6
2573,square,0000-0156,noise_sampled_s_1_m_08000_a_02000_d_03000_l_01000_p_00600,40.0,40.0,7.0,4.0,156,57.29577951308232,square-1-0,155,0.6
2574,triangle,0000-0004,noise_sampled_s_1_m_08000_a_02000_d_03000_l_01000_p_00600,40.0,40.0,4.0,5.0,4,34.37746770784939,triangle-0-6,117,0.6
2575,triangle,0000-0008,noise_sampled_s_1_m_08000_a_02000_d_03000_l_01000_p_00600,40.0,40.0,5.0,4.0,8,34.37746770784939,triangle-0-6,118,0.6
2576,triangle,0000-0012,noise_sampled_s_1_m_08000_a_02000_d_03000_l_01000_p_00600,40.0,40.0,5.0,4.0,12,34.37746770784939,triangle-0-6,119,0.6
2577,triangle,0000-0016,noise_sampled_s_1_m_08000_a_02000_d_03000_l_01000_p_00600,40.0,40.0,2.0,3.0,16,34.37746770784939,triangle-0-6,120,0.6
2578,triangle,0000-0020,noise_sampled_s_1_m_08000_a_02000_d_03000_l_01000_p_00600,40.0,40.0,5.0,4.0,20,34.37746770784939,triangle-0-6,121,0.6
2579,triangle,0000-0024,noise_sampled_s_1_m_08000_a_02000_d_03000_l_01000_p_00600,40.0,40.0,5.0,3.0,24,34.37746770784939,triangle-0-6,122,0.6
2580,triangle,0000-0028,noise_sampled_s_1_m_08000_a_02000_d_03000_l_01000_p_00600,40.0,40.0,3.0,5.0,28,34.37746770784939,triangle-0-6,123,0.6
2581,triangle,0000-0032,noise_sampled_s_1_m_08000_a_02000_d_03000_l_01000_p_00600,40.0,40.0,5.0,4.0,32,34.37746770784939,triangle-0-6,124,0.6
2582,triangle,0000-0036,noise_sampled_s_1_m_08000_a_02000_d_03000_l_01000_p_00600,40.0,40.0,2.0,3.0,36,34.37746770784939,triangle-0-6,125,0.6
2583,triangle,0000-0040,noise_sampled_s_1_m_08000_a_02000_d_03000_l_01000_p_00600,40.0,40.0,5.0,4.0,40,34.37746770784939,triangle-0-6,126,0.6
2584,triangle,0000-0044,noise_sampled_s_1_m_08000_a_02000_d_03000_l_01000_p_00600,40.0,40.0,1.0,5.0,44,34.37746770784939,triangle-0-6,127,0.6
2585,triangle,0000-0048,noise_sampled_s_1_m_08000_a_02000_d_03000_l_01000_p_00600,40.0,40.0,3.0,3.0,48,34.37746770784939,triangle-0-6,128,0.6
2586,triangle,0000-0052,noise_sampled_s_1_m_08000_a_02000_d_03000_l_01000_p_00600,40.0,40.0,3.0,4.0,52,34.37746770784939,triangle-0-6,129,0.6
2587,triangle,0000-0056,noise_sampled_s_1_m_08000_a_02000_d_03000_l_01000_p_00600,40.0,40.0,2.0,5.0,56,34.37746770784939,triangle-0-6,130,0.6
2588,triangle,0000-0060,noise_sampled_s_1_m_08000_a_02000_d_03000_l_01000_p_00600,40.0,40.0,4.0,5.0,60,34.37746770784939,triangle-0-6,131,0.6
2589,triangle,0000-0064,noise_sampled_s_1_m_08000_a_02000_d_03000_l_01000_p_00600,40.0,40.0,4.0,3.0,64,34.37746770784939,triangle-0-6,132,0.6
2590,triangle,0000-0068,noise_sampled_s_1_m_08000_a_02000_d_03000_l_01000_p_00600,40.0,40.0,1.0,5.0,68,34.37746770784939,triangle-0-6,133,0.6
2591,triangle,0000-0072,noise_sampled_s_1_m_08000_a_02000_d_03000_l_01000_p_00600,40.0,40.0,5.0,4.0,72,34.37746770784939,triangle-0-6,134,0.6
2592,triangle,0000-0076,noise_sampled_s_1_m_08000_a_02000_d_03000_l_01000_p_00600,40.0,40.0,3.0,3.0,76,34.37746770784939,triangle-0-6,135,0.6
2593,triangle,0000-0080,noise_sampled_s_1_m_08000_a_02000_d_03000_l_01000_p_00600,40.0,40.0,0.0,6.0,80,34.37746770784939,triangle-0-6,136,0.6
2594,triangle,0000-0084,noise_sampled_s_1_m_08000_a_02000_d_03000_l_01000_p_00600,40.0,40.0,4.0,4.0,84,34.37746770784939,triangle-0-6,137,0.6
2595,triangle,0000-0088,noise_sampled_s_1_m_08000_a_02000_d_03000_l_01000_p_00600,40.0,40.0,3.0,3.0,88,34.37746770784939,triangle-0-6,138,0.6
2596,triangle,0000-0092,noise_sampled_s_1_m_08000_a_02000_d_03000_l_01000_p_00600,40.0,40.0,5.0,4.0,92,34.37746770784939,triangle-0-6,139,0.6
2597,triangle,0000-0096,noise_sampled_s_1_m_08000_a_02000_d_03000_l_01000_p_00600,40.0,40.0,1.0,6.0,96,34.37746770784939,triangle-0-6,140,0.6
2598,triangle,0000-0100,noise_sampled_s_1_m_08000_a_02000_d_03000_l_01000_p_00600,40.0,40.0,2.0,3.0,100,34.37746770784939,triangle-0-6,141,0.6
2599,triangle,0000-0104,noise_sampled_s_1_m_08000_a_02000_d_03000_l_01000_p_00600,40.0,40.0,5.0,4.0,104,34.37746770784939,triangle-0-6,142,0.6
2600,triangle,0000-0108,noise_sampled_s_1_m_08000_a_02000_d_03000_l_01000_p_00600,40.0,40.0,4.0,5.0,108,34.37746770784939,triangle-0-6,143,0.6
2601,triangle,0000-0112,noise_sampled_s_1_m_08000_a_02000_d_03000_l_01000_p_00600,40.0,40.0,5.0,4.0,112,34.37746770784939,triangle-0-6,144,0.6
2602,triangle,0000-0116,noise_sampled_s_1_m_08000_a_02000_d_03000_l_01000_p_00600,40.0,40.0,5.0,4.0,116,34.37746770784939,triangle-0-6,145,0.6
2603,triangle,0000-0120,noise_sampled_s_1_m_08000_a_02000_d_03000_l_01000_p_00600,40.0,40.0,5.0,4.0,120,34.37746770784939,triangle-0-6,146,0.6
2604,triangle,0000-0124,noise_sampled_s_1_m_08000_a_02000_d_03000_l_01000_p_00600,40.0,40.0,5.0,4.0,124,34.37746770784939,triangle-0-6,147,0.6
2605,triangle,0000-0128,noise_sampled_s_1_m_08000_a_02000_d_03000_l_01000_p_00600,40.0,40.0,1.0,6.0,128,34.37746770784939,triangle-0-6,148,0.6
2606,triangle,0000-0132,noise_sampled_s_1_m_08000_a_02000_d_03000_l_01000_p_00600,40.0,40.0,5.0,4.0,132,34.37746770784939,triangle-0-6,149,0.6
2607,triangle,0000-0136,noise_sampled_s_1_m_08000_a_02000_d_03000_l_01000_p_00600,40.0,40.0,1.0,6.0,136,34.37746770784939,triangle-0-6,150,0.6
2608,triangle,0000-0140,noise_sampled_s_1_m_08000_a_02000_d_03000_l_01000_p_00600,40.0,40.0,5.0,4.0,140,34.37746770784939,triangle-0-6,151,0.6
2609,triangle,0000-0144,noise_sampled_s_1_m_08000_a_02000_d_03000_l_01000_p_00600,40.0,40.0,5.0,4.0,144,34.37746770784939,triangle-0-6,152,0.6
2610,triangle,0000-0148,noise_sampled_s_1_m_08000_a_02000_d_03000_l_01000_p_00600,40.0,40.0,5.0,4.0,148,34.37746770784939,triangle-0-6,153,0.6
2611,triangle,0000-0152,noise_sampled_s_1_m_08000_a_02000_d_03000_l_01000_p_00600,40.0,40.0,5.0,4.0,152,34.37746770784939,triangle-0-6,154,0.6
2612,triangle,0000-0156,noise_sampled_s_1_m_08000_a_02000_d_03000_l_01000_p_00600,40.0,40.0,2.0,6.0,156,34.37746770784939,triangle-0-6,155,0.6
2613,square,0000-0004,noise_sampled_s_1_m_08000_a_02000_d_03000_l_01000_p_00600,40.0,40.0,7.0,4.0,4,45.83662361046586,square-0-8,117,0.6
2614,square,0000-0008,noise_sampled_s_1_m_08000_a_02000_d_03000_l_01000_p_00600,40.0,40.0,8.0,2.0,8,45.83662361046586,square-0-8,118,0.6
2615,square,0000-0012,noise_sampled_s_1_m_08000_a_02000_d_03000_l_01000_p_00600,40.0,40.0,7.0,1.0,12,45.83662361046586,square-0-8,119,0.6
2616,square,0000-0016,noise_sampled_s_1_m_08000_a_02000_d_03000_l_01000_p_00600,40.0,40.0,5.0,9.0,16,45.83662361046586,square-0-8,120,0.6
2617,square,0000-0020,noise_sampled_s_1_m_08000_a_02000_d_03000_l_01000_p_00600,40.0,40.0,8.0,5.0,20,45.83662361046586,square-0-8,121,0.6
2618,square,0000-0024,noise_sampled_s_1_m_08000_a_02000_d_03000_l_01000_p_00600,40.0,40.0,7.0,0.0,24,45.83662361046586,square-0-8,122,0.6
2619,square,0000-0028,noise_sampled_s_1_m_08000_a_02000_d_03000_l_01000_p_00600,40.0,40.0,0.0,9.0,28,45.83662361046586,square-0-8,123,0.6
2620,square,0000-0032,noise_sampled_s_1_m_08000_a_02000_d_03000_l_01000_p_00600,40.0,40.0,9.0,6.0,32,45.83662361046586,square-0-8,124,0.6
2621,square,0000-0036,noise_sampled_s_1_m_08000_a_02000_d_03000_l_01000_p_00600,40.0,40.0,5.0,1.0,36,45.83662361046586,square-0-8,125,0.6
2622,square,0000-0040,noise_sampled_s_1_m_08000_a_02000_d_03000_l_01000_p_00600,40.0,40.0,0.0,9.0,40,45.83662361046586,square-0-8,126,0.6
2623,square,0000-0044,noise_sampled_s_1_m_08000_a_02000_d_03000_l_01000_p_00600,40.0,40.0,9.0,6.0,44,45.83662361046586,square-0-8,127,0.6
2624,square,0000-0048,noise_sampled_s_1_m_08000_a_02000_d_03000_l_01000_p_00600,40.0,40.0,6.0,0.0,48,45.83662361046586,square-0-8,128,0.6
2625,square,0000-0052,noise_sampled_s_1_m_08000_a_02000_d_03000_l_01000_p_00600,40.0,40.0,0.0,8.0,52,45.83662361046586,square-0-8,129,0.6
2626,square,0000-0056,noise_sampled_s_1_m_08000_a_02000_d_03000_l_01000_p_00600,40.0,40.0,8.0,8.0,56,45.83662361046586,square-0-8,130,0.6
2627,square,0000-0060,noise_sampled_s_1_m_08000_a_02000_d_03000_l_01000_p_00600,40.0,40.0,9.0,2.0,60,45.83662361046586,square-0-8,131,0.6
2628,square,0000-0064,noise_sampled_s_1_m_08000_a_02000_d_03000_l_01000_p_00600,40.0,40.0,5.0,0.0,64,45.83662361046586,square-0-8,132,0.6
2629,square,0000-0068,noise_sampled_s_1_m_08000_a_02000_d_03000_l_01000_p_00600,40.0,40.0,5.0,9.0,68,45.83662361046586,square-0-8,133,0.6
2630,square,0000-0072,noise_sampled_s_1_m_08000_a_02000_d_03000_l_01000_p_00600,40.0,40.0,7.0,4.0,72,45.83662361046586,square-0-8,134,0.6
2631,square,0000-0076,noise_sampled_s_1_m_08000_a_02000_d_03000_l_01000_p_00600,40.0,40.0,6.0,0.0,76,45.83662361046586,square-0-8,135,0.6
2632,square,0000-0080,noise_sampled_s_1_m_08000_a_02000_d_03000_l_01000_p_00600,40.0,40.0,4.0,9.0,80,45.83662361046586,square-0-8,136,0.6
2633,square,0000-0084,noise_sampled_s_1_m_08000_a_02000_d_03000_l_01000_p_00600,40.0,40.0,7.0,4.0,84,45.83662361046586,square-0-8,137,0.6
2634,square,0000-0088,noise_sampled_s_1_m_08000_a_02000_d_03000_l_01000_p_00600,40.0,40.0,6.0,0.0,88,45.83662361046586,square-0-8,138,0.6
2635,square,0000-0092,noise_sampled_s_1_m_08000_a_02000_d_03000_l_01000_p_00600,40.0,40.0,0.0,8.0,92,45.83662361046586,square-0-8,139,0.6
2636,square,0000-0096,noise_sampled_s_1_m_08000_a_02000_d_03000_l_01000_p_00600,40.0,40.0,9.0,6.0,96,45.83662361046586,square-0-8,140,0.6
2637,square,0000-0100,noise_sampled_s_1_m_08000_a_02000_d_03000_l_01000_p_00600,40.0,40.0,6.0,0.0,100,45.83662361046586,square-0-8,141,0.6
2638,square,0000-0104,noise_sampled_s_1_m_08000_a_02000_d_03000_l_01000_p_00600,40.0,40.0,7.0,9.0,104,45.83662361046586,square-0-8,142,0.6
2639,square,0000-0108,noise_sampled_s_1_m_08000_a_02000_d_03000_l_01000_p_00600,40.0,40.0,7.0,0.0,108,45.83662361046586,square-0-8,143,0.6
2640,square,0000-0112,noise_sampled_s_1_m_08000_a_02000_d_03000_l_01000_p_00600,40.0,40.0,0.0,9.0,112,45.83662361046586,square-0-8,144,0.6
2641,square,0000-0116,noise_sampled_s_1_m_08000_a_02000_d_03000_l_01000_p_00600,40.0,40.0,8.0,7.0,116,45.83662361046586,square-0-8,145,0.6
2642,square,0000-0120,noise_sampled_s_1_m_08000_a_02000_d_03000_l_01000_p_00600,40.0,40.0,7.0,4.0,120,45.83662361046586,square-0-8,146,0.6
2643,square,0000-0124,noise_sampled_s_1_m_08000_a_02000_d_03000_l_01000_p_00600,40.0,40.0,8.0,0.0,124,45.83662361046586,square-0-8,147,0.6
2644,square,0000-0128,noise_sampled_s_1_m_08000_a_02000_d_03000_l_01000_p_00600,40.0,40.0,1.0,8.0,128,45.83662361046586,square-0-8,148,0.6
2645,square,0000-0132,noise_sampled_s_1_m_08000_a_02000_d_03000_l_01000_p_00600,40.0,40.0,9.0,6.0,132,45.83662361046586,square-0-8,149,0.6
2646,square,0000-0136,noise_sampled_s_1_m_08000_a_02000_d_03000_l_01000_p_00600,40.0,40.0,7.0,0.0,136,45.83662361046586,square-0-8,150,0.6
2647,square,0000-0140,noise_sampled_s_1_m_08000_a_02000_d_03000_l_01000_p_00600,40.0,40.0,0.0,8.0,140,45.83662361046586,square-0-8,151,0.6
2648,square,0000-0144,noise_sampled_s_1_m_08000_a_02000_d_03000_l_01000_p_00600,40.0,40.0,7.0,7.0,144,45.83662361046586,square-0-8,152,0.6
2649,square,0000-0148,noise_sampled_s_1_m_08000_a_02000_d_03000_l_01000_p_00600,40.0,40.0,7.0,4.0,148,45.83662361046586,square-0-8,153,0.6
2650,square,0000-0152,noise_sampled_s_1_m_08000_a_02000_d_03000_l_01000_p_00600,40.0,40.0,7.0,1.0,152,45.83662361046586,square-0-8,154,0.6
2651,square,0000-0156,noise_sampled_s_1_m_08000_a_02000_d_03000_l_01000_p_00600,40.0,40.0,5.0,9.0,156,45.83662361046586,square-0-8,155,0.6
2652,triangle,0000-0004,noise_sampled_s_1_m_08000_a_02000_d_03000_l_01000_p_00600,40.0,40.0,5.0,4.0,4,22.91831180523293,triangle-0-4,117,0.6
2653,triangle,0000-0008,noise_sampled_s_1_m_08000_a_02000_d_03000_l_01000_p_00600,40.0,40.0,5.0,4.0,8,22.91831180523293,triangle-0-4,118,0.6
2654,triangle,0000-0012,noise_sampled_s_1_m_08000_a_02000_d_03000_l_01000_p_00600,40.0,40.0,5.0,4.0,12,22.91831180523293,triangle-0-4,119,0.6
2655,triangle,0000-0016,noise_sampled_s_1_m_08000_a_02000_d_03000_l_01000_p_00600,40.0,40.0,3.0,3.0,16,22.91831180523293,triangle-0-4,120,0.6
2656,triangle,0000-0020,noise_sampled_s_1_m_08000_a_02000_d_03000_l_01000_p_00600,40.0,40.0,5.0,4.0,20,22.91831180523293,triangle-0-4,121,0.6
2657,triangle,0000-0024,noise_sampled_s_1_m_08000_a_02000_d_03000_l_01000_p_00600,40.0,40.0,5.0,4.0,24,22.91831180523293,triangle-0-4,122,0.6
2658,triangle,0000-0028,noise_sampled_s_1_m_08000_a_02000_d_03000_l_01000_p_00600,40.0,40.0,2.0,5.0,28,22.91831180523293,triangle-0-4,123,0.6
2659,triangle,0000-0032,noise_sampled_s_1_m_08000_a_02000_d_03000_l_01000_p_00600,40.0,40.0,5.0,4.0,32,22.91831180523293,triangle-0-4,124,0.6
2660,triangle,0000-0036,noise_sampled_s_1_m_08000_a_02000_d_03000_l_01000_p_00600,40.0,40.0,4.0,5.0,36,22.91831180523293,triangle-0-4,125,0.6
2661,triangle,0000-0040,noise_sampled_s_1_m_08000_a_02000_d_03000_l_01000_p_00600,40.0,40.0,5.0,4.0,40,22.91831180523293,triangle-0-4,126,0.6
2662,triangle,0000-0044,noise_sampled_s_1_m_08000_a_02000_d_03000_l_01000_p_00600,40.0,40.0,3.0,3.0,44,22.91831180523293,triangle-0-4,127,0.6
2663,triangle,0000-0048,noise_sampled_s_1_m_08000_a_02000_d_03000_l_01000_p_00600,40.0,40.0,3.0,3.0,48,22.91831180523293,triangle-0-4,128,0.6
2664,triangle,0000-0052,noise_sampled_s_1_m_08000_a_02000_d_03000_l_01000_p_00600,40.0,40.0,4.0,4.0,52,22.91831180523293,triangle-0-4,129,0.6
2665,triangle,0000-0056,noise_sampled_s_1_m_08000_a_02000_d_03000_l_01000_p_00600,40.0,40.0,3.0,3.0,56,22.91831180523293,triangle-0-4,130,0.6
2666,triangle,0000-0060,noise_sampled_s_1_m_08000_a_02000_d_03000_l_01000_p_00600,40.0,40.0,4.0,4.0,60,22.91831180523293,triangle-0-4,131,0.6
2667,triangle,0000-0064,noise_sampled_s_1_m_08000_a_02000_d_03000_l_01000_p_00600,40.0,40.0,1.0,5.0,64,22.91831180523293,triangle-0-4,132,0.6
2668,triangle,0000-0068,noise_sampled_s_1_m_08000_a_02000_d_03000_l_01000_p_00600,40.0,40.0,4.0,3.0,68,22.91831180523293,triangle-0-4,133,0.6
2669,triangle,0000-0072,noise_sampled_s_1_m_08000_a_02000_d_03000_l_01000_p_00600,40.0,40.0,5.0,4.0,72,22.91831180523293,triangle-0-4,134,0.6
2670,triangle,0000-0076,noise_sampled_s_1_m_08000_a_02000_d_03000_l_01000_p_00600,40.0,40.0,3.0,3.0,76,22.91831180523293,triangle-0-4,135,0.6
2671,triangle,0000-0080,noise_sampled_s_1_m_08000_a_02000_d_03000_l_01000_p_00600,40.0,40.0,3.0,4.0,80,22.91831180523293,triangle-0-4,136,0.6
2672,triangle,0000-0084,noise_sampled_s_1_m_08000_a_02000_d_03000_l_01000_p_00600,40.0,40.0,4.0,5.0,84,22.91831180523293,triangle-0-4,137,0.6
2673,triangle,0000-0088,noise_sampled_s_1_m_08000_a_02000_d_03000_l_01000_p_00600,40.0,40.0,4.0,4.0,88,22.91831180523293,triangle-0-4,138,0.6
2674,triangle,0000-0092,noise_sampled_s_1_m_08000_a_02000_d_03000_l_01000_p_00600,40.0,40.0,5.0,5.0,92,22.91831180523293,triangle-0-4,139,0.6
2675,triangle,0000-0096,noise_sampled_s_1_m_08000_a_02000_d_03000_l_01000_p_00600,40.0,40.0,4.0,3.0,96,22.91831180523293,triangle-0-4,140,0.6
2676,triangle,0000-0100,noise_sampled_s_1_m_08000_a_02000_d_03000_l_01000_p_00600,40.0,40.0,3.0,3.0,100,22.91831180523293,triangle-0-4,141,0.6
2677,triangle,0000-0104,noise_sampled_s_1_m_08000_a_02000_d_03000_l_01000_p_00600,40.0,40.0,5.0,4.0,104,22.91831180523293,triangle-0-4,142,0.6
2678,triangle,0000-0108,noise_sampled_s_1_m_08000_a_02000_d_03000_l_01000_p_00600,40.0,40.0,5.0,4.0,108,22.91831180523293,triangle-0-4,143,0.6
2679,triangle,0000-0112,noise_sampled_s_1_m_08000_a_02000_d_03000_l_01000_p_00600,40.0,40.0,5.0,4.0,112,22.91831180523293,triangle-0-4,144,0.6
2680,triangle,0000-0116,noise_sampled_s_1_m_08000_a_02000_d_03000_l_01000_p_00600,40.0,40.0,5.0,5.0,116,22.91831180523293,triangle-0-4,145,0.6
2681,triangle,0000-0120,noise_sampled_s_1_m_08000_a_02000_d_03000_l_01000_p_00600,40.0,40.0,5.0,4.0,120,22.91831180523293,triangle-0-4,146,0.6
2682,triangle,0000-0124,noise_sampled_s_1_m_08000_a_02000_d_03000_l_01000_p_00600,40.0,40.0,5.0,4.0,124,22.91831180523293,triangle-0-4,147,0.6
2683,triangle,0000-0128,noise_sampled_s_1_m_08000_a_02000_d_03000_l_01000_p_00600,40.0,40.0,2.0,3.0,128,22.91831180523293,triangle-0-4,148,0.6
2684,triangle,0000-0132,noise_sampled_s_1_m_08000_a_02000_d_03000_l_01000_p_00600,40.0,40.0,5.0,3.0,132,22.91831180523293,triangle-0-4,149,0.6
2685,triangle,0000-0136,noise_sampled_s_1_m_08000_a_02000_d_03000_l_01000_p_00600,40.0,40.0,1.0,5.0,136,22.91831180523293,triangle-0-4,150,0.6
2686,triangle,0000-0140,noise_sampled_s_1_m_08000_a_02000_d_03000_l_01000_p_00600,40.0,40.0,5.0,5.0,140,22.91831180523293,triangle-0-4,151,0.6
2687,triangle,0000-0144,noise_sampled_s_1_m_08000_a_02000_d_03000_l_01000_p_00600,40.0,40.0,5.0,4.0,144,22.91831180523293,triangle-0-4,152,0.6
2688,triangle,0000-0148,noise_sampled_s_1_m_08000_a_02000_d_03000_l_01000_p_00600,40.0,40.0,5.0,4.0,148,22.91831180523293,triangle-0-4,153,0.6
2689,triangle,0000-0152,noise_sampled_s_1_m_08000_a_02000_d_03000_l_01000_p_00600,40.0,40.0,5.0,4.0,152,22.91831180523293,triangle-0-4,154,0.6
2690,triangle,0000-0156,noise_sampled_s_1_m_08000_a_02000_d_03000_l_01000_p_00600,40.0,40.0,4.0,5.0,156,22.91831180523293,triangle-0-4,155,0.6
2691,triangle,0000-0004,noise_sampled_s_1_m_08000_a_02000_d_03000_l_01000_p_00600,40.0,40.0,3.0,6.0,4,57.29577951308232,triangle-1-0,117,0.6
2692,triangle,0000-0008,noise_sampled_s_1_m_08000_a_02000_d_03000_l_01000_p_00600,40.0,40.0,5.0,3.0,8,57.29577951308232,triangle-1-0,118,0.6
2693,triangle,0000-0012,noise_sampled_s_1_m_08000_a_02000_d_03000_l_01000_p_00600,40.0,40.0,3.0,4.0,12,57.29577951308232,triangle-1-0,119,0.6
2694,triangle,0000-0016,noise_sampled_s_1_m_08000_a_02000_d_03000_l_01000_p_00600,40.0,40.0,2.0,6.0,16,57.29577951308232,triangle-1-0,120,0.6
2695,triangle,0000-0020,noise_sampled_s_1_m_08000_a_02000_d_03000_l_01000_p_00600,40.0,40.0,3.0,4.0,20,57.29577951308232,triangle-1-0,121,0.6
2696,triangle,0000-0024,noise_sampled_s_1_m_08000_a_02000_d_03000_l_01000_p_00600,40.0,40.0,4.0,5.0,24,57.29577951308232,triangle-1-0,122,0.6
2697,triangle,0000-0028,noise_sampled_s_1_m_08000_a_02000_d_03000_l_01000_p_00600,40.0,40.0,3.0,4.0,28,57.29577951308232,triangle-1-0,123,0.6
2698,triangle,0000-0032,noise_sampled_s_1_m_08000_a_02000_d_03000_l_01000_p_00600,40.0,40.0,3.0,5.0,32,57.29577951308232,triangle-1-0,124,0.6
2699,triangle,0000-0036,noise_sampled_s_1_m_08000_a_02000_d_03000_l_01000_p_00600,40.0,40.0,4.0,3.0,36,57.29577951308232,triangle-1-0,125,0.6
2700,triangle,0000-0040,noise_sampled_s_1_m_08000_a_02000_d_03000_l_01000_p_00600,40.0,40.0,3.0,6.0,40,57.29577951308232,triangle-1-0,126,0.6
2701,triangle,0000-0044,noise_sampled_s_1_m_08000_a_02000_d_03000_l_01000_p_00600,40.0,40.0,2.0,6.0,44,57.29577951308232,triangle-1-0,127,0.6
2702,triangle,0000-0048,noise_sampled_s_1_m_08000_a_02000_d_03000_l_01000_p_00600,40.0,40.0,3.0,3.0,48,57.29577951308232,triangle-1-0,128,0.6
2703,triangle,0000-0052,noise_sampled_s_1_m_08000_a_02000_d_03000_l_01000_p_00600,40.0,40.0,3.0,5.0,52,57.29577951308232,triangle-1-0,129,0.6
2704,triangle,0000-0056,noise_sampled_s_1_m_08000_a_02000_d_03000_l_01000_p_00600,40.0,40.0,4.0,3.0,56,57.29577951308232,triangle-1-0,130,0.6
2705,triangle,0000-0060,noise_sampled_s_1_m_08000_a_02000_d_03000_l_01000_p_00600,40.0,40.0,2.0,6.0,60,57.29577951308232,triangle-1-0,131,0.6
2706,triangle,0000-0064,noise_sampled_s_1_m_08000_a_02000_d_03000_l_01000_p_00600,40.0,40.0,2.0,5.0,64,57.29577951308232,triangle-1-0,132,0.6
2707,triangle,0000-0068,noise_sampled_s_1_m_08000_a_02000_d_03000_l_01000_p_00600,40.0,40.0,2.0,6.0,68,57.29577951308232,triangle-1-0,133,0.6
2708,triangle,0000-0072,noise_sampled_s_1_m_08000_a_02000_d_03000_l_01000_p_00600,40.0,40.0,4.0,3.0,72,57.29577951308232,triangle-1-0,134,0.6
2709,triangle,0000-0076,noise_sampled_s_1_m_08000_a_02000_d_03000_l_01000_p_00600,40.0,40.0,2.0,3.0,76,57.29577951308232,triangle-1-0,135,0.6
2710,triangle,0000-0080,noise_sampled_s_1_m_08000_a_02000_d_03000_l_01000_p_00600,40.0,40.0,2.0,6.0,80,57.29577951308232,triangle-1-0,136,0.6
2711,triangle,0000-0084,noise_sampled_s_1_m_08000_a_02000_d_03000_l_01000_p_00600,40.0,40.0,4.0,3.0,84,57.29577951308232,triangle-1-0,137,0.6
2712,triangle,0000-0088,noise_sampled_s_1_m_08000_a_02000_d_03000_l_01000_p_00600,40.0,40.0,2.0,6.0,88,57.29577951308232,triangle-1-0,138,0.6
2713,triangle,0000-0092,noise_sampled_s_1_m_08000_a_02000_d_03000_l_01000_p_00600,40.0,40.0,4.0,4.0,92,57.29577951308232,triangle-1-0,139,0.6
2714,triangle,0000-0096,noise_sampled_s_1_m_08000_a_02000_d_03000_l_01000_p_00600,40.0,40.0,2.0,5.0,96,57.29577951308232,triangle-1-0,140,0.6
2715,triangle,0000-0100,noise_sampled_s_1_m_08000_a_02000_d_03000_l_01000_p_00600,40.0,40.0,1.0,0.0,100,57.29577951308232,triangle-1-0,141,0.6
2716,triangle,0000-0104,noise_sampled_s_1_m_08000_a_02000_d_03000_l_01000_p_00600,40.0,40.0,4.0,6.0,104,57.29577951308232,triangle-1-0,142,0.6
2717,triangle,0000-0108,noise_sampled_s_1_m_08000_a_02000_d_03000_l_01000_p_00600,40.0,40.0,3.0,6.0,108,57.29577951308232,triangle-1-0,143,0.6
2718,triangle,0000-0112,noise_sampled_s_1_m_08000_a_02000_d_03000_l_01000_p_00600,40.0,40.0,3.0,5.0,112,57.29577951308232,triangle-1-0,144,0.6
2719,triangle,0000-0116,noise_sampled_s_1_m_08000_a_02000_d_03000_l_01000_p_00600,40.0,40.0,4.0,3.0,116,57.29577951308232,triangle-1-0,145,0.6
2720,triangle,0000-0120,noise_sampled_s_1_m_08000_a_02000_d_03000_l_01000_p_00600,40.0,40.0,3.0,6.0,120,57.29577951308232,triangle-1-0,146,0.6
2721,triangle,0000-0124,noise_sampled_s_1_m_08000_a_02000_d_03000_l_01000_p_00600,40.0,40.0,4.0,3.0,124,57.29577951308232,triangle-1-0,147,0.6
2722,triangle,0000-0128,noise_sampled_s_1_m_08000_a_02000_d_03000_l_01000_p_00600,40.0,40.0,3.0,6.0,128,57.29577951308232,triangle-1-0,148,0.6
2723,triangle,0000-0132,noise_sampled_s_1_m_08000_a_02000_d_03000_l_01000_p_00600,40.0,40.0,3.0,5.0,132,57.29577951308232,triangle-1-0,149,0.6
2724,triangle,0000-0136,noise_sampled_s_1_m_08000_a_02000_d_03000_l_01000_p_00600,40.0,40.0,3.0,5.0,136,57.29577951308232,triangle-1-0,150,0.6
2725,triangle,0000-0140,noise_sampled_s_1_m_08000_a_02000_d_03000_l_01000_p_00600,40.0,40.0,3.0,6.0,140,57.29577951308232,triangle-1-0,151,0.6
2726,triangle,0000-0144,noise_sampled_s_1_m_08000_a_02000_d_03000_l_01000_p_00600,40.0,40.0,5.0,3.0,144,57.29577951308232,triangle-1-0,152,0.6
2727,triangle,0000-0148,noise_sampled_s_1_m_08000_a_02000_d_03000_l_01000_p_00600,40.0,40.0,3.0,4.0,148,57.29577951308232,triangle-1-0,153,0.6
2728,triangle,0000-0152,noise_sampled_s_1_m_08000_a_02000_d_03000_l_01000_p_00600,40.0,40.0,3.0,4.0,152,57.29577951308232,triangle-1-0,154,0.6
2729,triangle,0000-0156,noise_sampled_s_1_m_08000_a_02000_d_03000_l_01000_p_00600,40.0,40.0,4.0,6.0,156,57.29577951308232,triangle-1-0,155,0.6
2730,square,0000-0004,noise_sampled_s_1_m_08000_a_02000_d_03000_l_01000_p_00600,40.0,40.0,8.0,1.0,4,80.21409131831524,square-1-4,117,0.6
2731,square,0000-0008,noise_sampled_s_1_m_08000_a_02000_d_03000_l_01000_p_00600,40.0,40.0,3.0,9.0,8,80.21409131831524,square-1-4,118,0.6
2732,square,0000-0012,noise_sampled_s_1_m_08000_a_02000_d_03000_l_01000_p_00600,40.0,40.0,9.0,5.0,12,80.21409131831524,square-1-4,119,0.6
2733,square,0000-0016,noise_sampled_s_1_m_08000_a_02000_d_03000_l_01000_p_00600,40.0,40.0,3.0,1.0,16,80.21409131831524,square-1-4,120,0.6
2734,square,0000-0020,noise_sampled_s_1_m_08000_a_02000_d_03000_l_01000_p_00600,40.0,40.0,6.0,9.0,20,80.21409131831524,square-1-4,121,0.6
2735,square,0000-0024,noise_sampled_s_1_m_08000_a_02000_d_03000_l_01000_p_00600,40.0,40.0,7.0,3.0,24,80.21409131831524,square-1-4,122,0.6
2736,square,0000-0028,noise_sampled_s_1_m_08000_a_02000_d_03000_l_01000_p_00600,40.0,40.0,3.0,9.0,28,80.21409131831524,square-1-4,123,0.6
2737,square,0000-0032,noise_sampled_s_1_m_08000_a_02000_d_03000_l_01000_p_00600,40.0,40.0,7.0,3.0,32,80.21409131831524,square-1-4,124,0.6
2738,square,0000-0036,noise_sampled_s_1_m_08000_a_02000_d_03000_l_01000_p_00600,40.0,40.0,3.0,8.0,36,80.21409131831524,square-1-4,125,0.6
2739,square,0000-0040,noise_sampled_s_1_m_08000_a_02000_d_03000_l_01000_p_00600,40.0,40.0,7.0,3.0,40,80.21409131831524,square-1-4,126,0.6
2740,square,0000-0044,noise_sampled_s_1_m_08000_a_02000_d_03000_l_01000_p_00600,40.0,40.0,3.0,8.0,44,80.21409131831524,square-1-4,127,0.6
2741,square,0000-0048,noise_sampled_s_1_m_08000_a_02000_d_03000_l_01000_p_00600,40.0,40.0,7.0,2.0,48,80.21409131831524,square-1-4,128,0.6
2742,square,0000-0052,noise_sampled_s_1_m_08000_a_02000_d_03000_l_01000_p_00600,40.0,40.0,3.0,8.0,52,80.21409131831524,square-1-4,129,0.6
2743,square,0000-0056,noise_sampled_s_1_m_08000_a_02000_d_03000_l_01000_p_00600,40.0,40.0,3.0,0.0,56,80.21409131831524,square-1-4,130,0.6
2744,square,0000-0060,noise_sampled_s_1_m_08000_a_02000_d_03000_l_01000_p_00600,40.0,40.0,5.0,8.0,60,80.21409131831524,square-1-4,131,0.6
2745,square,0000-0064,noise_sampled_s_1_m_08000_a_02000_d_03000_l_01000_p_00600,40.0,40.0,7.0,2.0,64,80.21409131831524,square-1-4,132,0.6
2746,square,0000-0068,noise_sampled_s_1_m_08000_a_02000_d_03000_l_01000_p_00600,40.0,40.0,3.0,8.0,68,80.21409131831524,square-1-4,133,0.6
2747,square,0000-0072,noise_sampled_s_1_m_08000_a_02000_d_03000_l_01000_p_00600,40.0,40.0,3.0,1.0,72,80.21409131831524,square-1-4,134,0.6
2748,square,0000-0076,noise_sampled_s_1_m_08000_a_02000_d_03000_l_01000_p_00600,40.0,40.0,6.0,9.0,76,80.21409131831524,square-1-4,135,0.6
2749,square,0000-0080,noise_sampled_s_1_m_08000_a_02000_d_03000_l_01000_p_00600,40.0,40.0,7.0,2.0,80,80.21409131831524,square-1-4,136,0.6
2750,square,0000-0084,noise_sampled_s_1_m_08000_a_02000_d_03000_l_01000_p_00600,40.0,40.0,7.0,0.0,84,80.21409131831524,square-1-4,137,0.6
2751,square,0000-0088,noise_sampled_s_1_m_08000_a_02000_d_03000_l_01000_p_00600,40.0,40.0,3.0,8.0,88,80.21409131831524,square-1-4,138,0.6
2752,square,0000-0092,noise_sampled_s_1_m_08000_a_02000_d_03000_l_01000_p_00600,40.0,40.0,3.0,0.0,92,80.21409131831524,square-1-4,139,0.6
2753,square,0000-0096,noise_sampled_s_1_m_08000_a_02000_d_03000_l_01000_p_00600,40.0,40.0,7.0,0.0,96,80.21409131831524,square-1-4,140,0.6
2754,square,0000-0100,noise_sampled_s_1_m_08000_a_02000_d_03000_l_01000_p_00600,40.0,40.0,3.0,8.0,100,80.21409131831524,square-1-4,141,0.6
2755,square,0000-0104,noise_sampled_s_1_m_08000_a_02000_d_03000_l_01000_p_00600,40.0,40.0,9.0,5.0,104,80.21409131831524,square-1-4,142,0.6
2756,square,0000-0108,noise_sampled_s_1_m_08000_a_02000_d_03000_l_01000_p_00600,40.0,40.0,9.0,1.0,108,80.21409131831524,square-1-4,143,0.6
2757,square,0000-0112,noise_sampled_s_1_m_08000_a_02000_d_03000_l_01000_p_00600,40.0,40.0,3.0,9.0,112,80.21409131831524,square-1-4,144,0.6
2758,square,0000-0116,noise_sampled_s_1_m_08000_a_02000_d_03000_l_01000_p_00600,40.0,40.0,7.0,2.0,116,80.21409131831524,square-1-4,145,0.6
2759,square,0000-0120,noise_sampled_s_1_m_08000_a_02000_d_03000_l_01000_p_00600,40.0,40.0,2.0,9.0,120,80.21409131831524,square-1-4,146,0.6
2760,square,0000-0124,noise_sampled_s_1_m_08000_a_02000_d_03000_l_01000_p_00600,40.0,40.0,9.0,5.0,124,80.21409131831524,square-1-4,147,0.6
2761,square,0000-0128,noise_sampled_s_1_m_08000_a_02000_d_03000_l_01000_p_00600,40.0,40.0,3.0,8.0,128,80.21409131831524,square-1-4,148,0.6
2762,square,0000-0132,noise_sampled_s_1_m_08000_a_02000_d_03000_l_01000_p_00600,40.0,40.0,7.0,2.0,132,80.21409131831524,square-1-4,149,0.6
2763,square,0000-0136,noise_sampled_s_1_m_08000_a_02000_d_03000_l_01000_p_00600,40.0,40.0,7.0,0.0,136,80.21409131831524,square-1-4,150,0.6
2764,square,0000-0140,noise_sampled_s_1_m_08000_a_02000_d_03000_l_01000_p_00600,40.0,40.0,9.0,1.0,140,80.21409131831524,square-1-4,151,0.6
2765,square,0000-0144,noise_sampled_s_1_m_08000_a_02000_d_03000_l_01000_p_00600,40.0,40.0,3.0,9.0,144,80.21409131831524,square-1-4,152,0.6
2766,square,0000-0148,noise_sampled_s_1_m_08000_a_02000_d_03000_l_01000_p_00600,40.0,40.0,7.0,3.0,148,80.21409131831524,square-1-4,153,0.6
2767,square,0000-0152,noise_sampled_s_1_m_08000_a_02000_d_03000_l_01000_p_00600,40.0,40.0,3.0,9.0,152,80.21409131831524,square-1-4,154,0.6
2768,square,0000-0156,noise_sampled_s_1_m_08000_a_02000_d_03000_l_01000_p_00600,40.0,40.0,7.0,3.0,156,80.21409131831524,square-1-4,155,0.6
2769,triangle,0000-0004,noise_sampled_s_1_m_08000_a_02000_d_03000_l_01000_p_00600,40.0,40.0,4.0,6.0,4,91.67324722093171,triangle-1-6,117,0.6
2770,triangle,0000-0008,noise_sampled_s_1_m_08000_a_02000_d_03000_l_01000_p_00600,40.0,40.0,4.0,6.0,8,91.67324722093171,triangle-1-6,118,0.6
2771,triangle,0000-0012,noise_sampled_s_1_m_08000_a_02000_d_03000_l_01000_p_00600,40.0,40.0,4.0,6.0,12,91.67324722093171,triangle-1-6,119,0.6
2772,triangle,0000-0016,noise_sampled_s_1_m_08000_a_02000_d_03000_l_01000_p_00600,40.0,40.0,0.0,0.0,16,91.67324722093171,triangle-1-6,120,0.6
2773,triangle,0000-0020,noise_sampled_s_1_m_08000_a_02000_d_03000_l_01000_p_00600,40.0,40.0,4.0,6.0,20,91.67324722093171,triangle-1-6,121,0.6
2774,triangle,0000-0024,noise_sampled_s_1_m_08000_a_02000_d_03000_l_01000_p_00600,40.0,40.0,4.0,6.0,24,91.67324722093171,triangle-1-6,122,0.6
2775,triangle,0000-0028,noise_sampled_s_1_m_08000_a_02000_d_03000_l_01000_p_00600,40.0,40.0,3.0,4.0,28,91.67324722093171,triangle-1-6,123,0.6
2776,triangle,0000-0032,noise_sampled_s_1_m_08000_a_02000_d_03000_l_01000_p_00600,40.0,40.0,4.0,6.0,32,91.67324722093171,triangle-1-6,124,0.6
2777,triangle,0000-0036,noise_sampled_s_1_m_08000_a_02000_d_03000_l_01000_p_00600,40.0,40.0,4.0,5.0,36,91.67324722093171,triangle-1-6,125,0.6
2778,triangle,0000-0040,noise_sampled_s_1_m_08000_a_02000_d_03000_l_01000_p_00600,40.0,40.0,4.0,5.0,40,91.67324722093171,triangle-1-6,126,0.6
2779,triangle,0000-0044,noise_sampled_s_1_m_08000_a_02000_d_03000_l_01000_p_00600,40.0,40.0,0.0,0.0,44,91.67324722093171,triangle-1-6,127,0.6
2780,triangle,0000-0048,noise_sampled_s_1_m_08000_a_02000_d_03000_l_01000_p_00600,40.0,40.0,0.0,0.0,48,91.67324722093171,triangle-1-6,128,0.6
2781,triangle,0000-0052,noise_sampled_s_1_m_08000_a_02000_d_03000_l_01000_p_00600,40.0,40.0,4.0,6.0,52,91.67324722093171,triangle-1-6,129,0.6
2782,triangle,0000-0056,noise_sampled_s_1_m_08000_a_02000_d_03000_l_01000_p_00600,40.0,40.0,0.0,0.0,56,91.67324722093171,triangle-1-6,130,0.6
2783,triangle,0000-0060,noise_sampled_s_1_m_08000_a_02000_d_03000_l_01000_p_00600,40.0,40.0,4.0,6.0,60,91.67324722093171,triangle-1-6,131,0.6
2784,triangle,0000-0064,noise_sampled_s_1_m_08000_a_02000_d_03000_l_01000_p_00600,40.0,40.0,0.0,0.0,64,91.67324722093171,triangle-1-6,132,0.6
2785,triangle,0000-0068,noise_sampled_s_1_m_08000_a_02000_d_03000_l_01000_p_00600,40.0,40.0,4.0,6.0,68,91.67324722093171,triangle-1-6,133,0.6
2786,triangle,0000-0072,noise_sampled_s_1_m_08000_a_02000_d_03000_l_01000_p_00600,40.0,40.0,4.0,6.0,72,91.67324722093171,triangle-1-6,134,0.6
2787,triangle,0000-0076,noise_sampled_s_1_m_08000_a_02000_d_03000_l_01000_p_00600,40.0,40.0,0.0,0.0,76,91.67324722093171,triangle-1-6,135,0.6
2788,triangle,0000-0080,noise_sampled_s_1_m_08000_a_02000_d_03000_l_01000_p_00600,40.0,40.0,0.0,0.0,80,91.67324722093171,triangle-1-6,136,0.6
2789,triangle,0000-0084,noise_sampled_s_1_m_08000_a_02000_d_03000_l_01000_p_00600,40.0,40.0,4.0,6.0,84,91.67324722093171,triangle-1-6,137,0.6
2790,triangle,0000-0088,noise_sampled_s_1_m_08000_a_02000_d_03000_l_01000_p_00600,40.0,40.0,0.0,0.0,88,91.67324722093171,triangle-1-6,138,0.6
2791,triangle,0000-0092,noise_sampled_s_1_m_08000_a_02000_d_03000_l_01000_p_00600,40.0,40.0,4.0,6.0,92,91.67324722093171,triangle-1-6,139,0.6
2792,triangle,0000-0096,noise_sampled_s_1_m_08000_a_02000_d_03000_l_01000_p_00600,40.0,40.0,0.0,0.0,96,91.67324722093171,triangle-1-6,140,0.6
2793,triangle,0000-0100,noise_sampled_s_1_m_08000_a_02000_d_03000_l_01000_p_00600,40.0,40.0,0.0,0.0,100,91.67324722093171,triangle-1-6,141,0.6
2794,triangle,0000-0104,noise_sampled_s_1_m_08000_a_02000_d_03000_l_01000_p_00600,40.0,40.0,4.0,6.0,104,91.67324722093171,triangle-1-6,142,0.6
2795,triangle,0000-0108,noise_sampled_s_1_m_08000_a_02000_d_03000_l_01000_p_00600,40.0,40.0,4.0,6.0,108,91.67324722093171,triangle-1-6,143,0.6
2796,triangle,0000-0112,noise_sampled_s_1_m_08000_a_02000_d_03000_l_01000_p_00600,40.0,40.0,4.0,6.0,112,91.67324722093171,triangle-1-6,144,0.6
2797,triangle,0000-0116,noise_sampled_s_1_m_08000_a_02000_d_03000_l_01000_p_00600,40.0,40.0,4.0,6.0,116,91.67324722093171,triangle-1-6,145,0.6
2798,triangle,0000-0120,noise_sampled_s_1_m_08000_a_02000_d_03000_l_01000_p_00600,40.0,40.0,4.0,5.0,120,91.67324722093171,triangle-1-6,146,0.6
2799,triangle,0000-0124,noise_sampled_s_1_m_08000_a_02000_d_03000_l_01000_p_00600,40.0,40.0,4.0,5.0,124,91.67324722093171,triangle-1-6,147,0.6
2800,triangle,0000-0128,noise_sampled_s_1_m_08000_a_02000_d_03000_l_01000_p_00600,40.0,40.0,0.0,0.0,128,91.67324722093171,triangle-1-6,148,0.6
2801,triangle,0000-0132,noise_sampled_s_1_m_08000_a_02000_d_03000_l_01000_p_00600,40.0,40.0,4.0,6.0,132,91.67324722093171,triangle-1-6,149,0.6
2802,triangle,0000-0136,noise_sampled_s_1_m_08000_a_02000_d_03000_l_01000_p_00600,40.0,40.0,3.0,3.0,136,91.67324722093171,triangle-1-6,150,0.6
2803,triangle,0000-0140,noise_sampled_s_1_m_08000_a_02000_d_03000_l_01000_p_00600,40.0,40.0,4.0,6.0,140,91.67324722093171,triangle-1-6,151,0.6
2804,triangle,0000-0144,noise_sampled_s_1_m_08000_a_02000_d_03000_l_01000_p_00600,40.0,40.0,4.0,6.0,144,91.67324722093171,triangle-1-6,152,0.6
2805,triangle,0000-0148,noise_sampled_s_1_m_08000_a_02000_d_03000_l_01000_p_00600,40.0,40.0,4.0,6.0,148,91.67324722093171,triangle-1-6,153,0.6
2806,triangle,0000-0152,noise_sampled_s_1_m_08000_a_02000_d_03000_l_01000_p_00600,40.0,40.0,4.0,6.0,152,91.67324722093171,triangle-1-6,154,0.6
2807,triangle,0000-0156,noise_sampled_s_1_m_08000_a_02000_d_03000_l_01000_p_00600,40.0,40.0,4.0,6.0,156,91.67324722093171,triangle-1-6,155,0.6
3510,square,0000-0004,noise_sampled_s_1_m_08000_a_02000_d_03000_l_01000_p_00900,40.0,40.0,6.0,1.0,4,11.459155902616464,square-0-2,195,0.9
3511,square,0000-0008,noise_sampled_s_1_m_08000_a_02000_d_03000_l_01000_p_00900,40.0,40.0,2.0,8.0,8,11.459155902616464,square-0-2,196,0.9
3512,square,0000-0012,noise_sampled_s_1_m_08000_a_02000_d_03000_l_01000_p_00900,40.0,40.0,6.0,1.0,12,11.459155902616464,square-0-2,197,0.9
3513,square,0000-0016,noise_sampled_s_1_m_08000_a_02000_d_03000_l_01000_p_00900,40.0,40.0,2.0,8.0,16,11.459155902616464,square-0-2,198,0.9
3514,square,0000-0020,noise_sampled_s_1_m_08000_a_02000_d_03000_l_01000_p_00900,40.0,40.0,7.0,2.0,20,11.459155902616464,square-0-2,199,0.9
3515,square,0000-0024,noise_sampled_s_1_m_08000_a_02000_d_03000_l_01000_p_00900,40.0,40.0,2.0,8.0,24,11.459155902616464,square-0-2,200,0.9
3516,square,0000-0028,noise_sampled_s_1_m_08000_a_02000_d_03000_l_01000_p_00900,40.0,40.0,7.0,2.0,28,11.459155902616464,square-0-2,201,0.9
3517,square,0000-0032,noise_sampled_s_1_m_08000_a_02000_d_03000_l_01000_p_00900,40.0,40.0,2.0,8.0,32,11.459155902616464,square-0-2,202,0.9
3518,square,0000-0036,noise_sampled_s_1_m_08000_a_02000_d_03000_l_01000_p_00900,40.0,40.0,6.0,1.0,36,11.459155902616464,square-0-2,203,0.9
3519,square,0000-0040,noise_sampled_s_1_m_08000_a_02000_d_03000_l_01000_p_00900,40.0,40.0,2.0,8.0,40,11.459155902616464,square-0-2,204,0.9
3520,square,0000-0044,noise_sampled_s_1_m_08000_a_02000_d_03000_l_01000_p_00900,40.0,40.0,6.0,1.0,44,11.459155902616464,square-0-2,205,0.9
3521,square,0000-0048,noise_sampled_s_1_m_08000_a_02000_d_03000_l_01000_p_00900,40.0,40.0,2.0,8.0,48,11.459155902616464,square-0-2,206,0.9
3522,square,0000-0052,noise_sampled_s_1_m_08000_a_02000_d_03000_l_01000_p_00900,40.0,40.0,6.0,1.0,52,11.459155902616464,square-0-2,207,0.9
3523,square,0000-0056,noise_sampled_s_1_m_08000_a_02000_d_03000_l_01000_p_00900,40.0,40.0,2.0,8.0,56,11.459155902616464,square-0-2,208,0.9
3524,square,0000-0060,noise_sampled_s_1_m_08000_a_02000_d_03000_l_01000_p_00900,40.0,40.0,6.0,1.0,60,11.459155902616464,square-0-2,209,0.9
3525,square,0000-0064,noise_sampled_s_1_m_08000_a_02000_d_03000_l_01000_p_00900,40.0,40.0,8.0,9.0,64,11.459155902616464,square-0-2,210,0.9
3526,square,0000-0068,noise_sampled_s_1_m_08000_a_02000_d_03000_l_01000_p_00900,40.0,40.0,6.0,1.0,68,11.459155902616464,square-0-2,211,0.9
3527,square,0000-0072,noise_sampled_s_1_m_08000_a_02000_d_03000_l_01000_p_00900,40.0,40.0,3.0,9.0,72,11.459155902616464,square-0-2,212,0.9
3528,square,0000-0076,noise_sampled_s_1_m_08000_a_02000_d_03000_l_01000_p_00900,40.0,40.0,6.0,1.0,76,11.459155902616464,square-0-2,213,0.9
3529,square,0000-0080,noise_sampled_s_1_m_08000_a_02000_d_03000_l_01000_p_00900,40.0,40.0,8.0,9.0,80,11.459155902616464,square-0-2,214,0.9
3530,square,0000-0084,noise_sampled_s_1_m_08000_a_02000_d_03000_l_01000_p_00900,40.0,40.0,6.0,1.0,84,11.459155902616464,square-0-2,215,0.9
3531,square,0000-0088,noise_sampled_s_1_m_08000_a_02000_d_03000_l_01000_p_00900,40.0,40.0,2.0,8.0,88,11.459155902616464,square-0-2,216,0.9
3532,square,0000-0092,noise_sampled_s_1_m_08000_a_02000_d_03000_l_01000_p_00900,40.0,40.0,6.0,1.0,92,11.459155902616464,square-0-2,217,0.9
3533,square,0000-0096,noise_sampled_s_1_m_08000_a_02000_d_03000_l_01000_p_00900,40.0,40.0,8.0,9.0,96,11.459155902616464,square-0-2,218,0.9
3534,square,0000-0100,noise_sampled_s_1_m_08000_a_02000_d_03000_l_01000_p_00900,40.0,40.0,6.0,1.0,100,11.459155902616464,square-0-2,219,0.9
3535,square,0000-0104,noise_sampled_s_1_m_08000_a_02000_d_03000_l_01000_p_00900,40.0,40.0,2.0,9.0,104,11.459155902616464,square-0-2,220,0.9
3536,square,0000-0108,noise_sampled_s_1_m_08000_a_02000_d_03000_l_01000_p_00900,40.0,40.0,6.0,1.0,108,11.459155902616464,square-0-2,221,0.9
3537,square,0000-0112,noise_sampled_s_1_m_08000_a_02000_d_03000_l_01000_p_00900,40.0,40.0,8.0,9.0,112,11.459155902616464,square-0-2,222,0.9
3538,square,0000-0116,noise_sampled_s_1_m_08000_a_02000_d_03000_l_01000_p_00900,40.0,40.0,6.0,1.0,116,11.459155902616464,square-0-2,223,0.9
3539,square,0000-0120,noise_sampled_s_1_m_08000_a_02000_d_03000_l_01000_p_00900,40.0,40.0,2.0,8.0,120,11.459155902616464,square-0-2,224,0.9
3540,square,0000-0124,noise_sampled_s_1_m_08000_a_02000_d_03000_l_01000_p_00900,40.0,40.0,6.0,1.0,124,11.459155902616464,square-0-2,225,0.9
3541,square,0000-0128,noise_sampled_s_1_m_08000_a_02000_d_03000_l_01000_p_00900,40.0,40.0,2.0,8.0,128,11.459155902616464,square-0-2,226,0.9
3542,square,0000-0132,noise_sampled_s_1_m_08000_a_02000_d_03000_l_01000_p_00900,40.0,40.0,6.0,1.0,132,11.459155902616464,square-0-2,227,0.9
3543,square,0000-0136,noise_sampled_s_1_m_08000_a_02000_d_03000_l_01000_p_00900,40.0,40.0,8.0,9.0,136,11.459155902616464,square-0-2,228,0.9
3544,square,0000-0140,noise_sampled_s_1_m_08000_a_02000_d_03000_l_01000_p_00900,40.0,40.0,6.0,1.0,140,11.459155902616464,square-0-2,229,0.9
3545,square,0000-0144,noise_sampled_s_1_m_08000_a_02000_d_03000_l_01000_p_00900,40.0,40.0,2.0,8.0,144,11.459155902616464,square-0-2,230,0.9
3546,square,0000-0148,noise_sampled_s_1_m_08000_a_02000_d_03000_l_01000_p_00900,40.0,40.0,7.0,2.0,148,11.459155902616464,square-0-2,231,0.9
3547,square,0000-0152,noise_sampled_s_1_m_08000_a_02000_d_03000_l_01000_p_00900,40.0,40.0,2.0,8.0,152,11.459155902616464,square-0-2,232,0.9
3548,square,0000-0156,noise_sampled_s_1_m_08000_a_02000_d_03000_l_01000_p_00900,40.0,40.0,6.0,1.0,156,11.459155902616464,square-0-2,233,0.9
3549,triangle,0000-0004,noise_sampled_s_1_m_08000_a_02000_d_03000_l_01000_p_00900,40.0,40.0,3.0,6.0,4,11.459155902616464,triangle-0-2,195,0.9
3550,triangle,0000-0008,noise_sampled_s_1_m_08000_a_02000_d_03000_l_01000_p_00900,40.0,40.0,4.0,5.0,8,11.459155902616464,triangle-0-2,196,0.9
3551,triangle,0000-0012,noise_sampled_s_1_m_08000_a_02000_d_03000_l_01000_p_00900,40.0,40.0,3.0,3.0,12,11.459155902616464,triangle-0-2,197,0.9
3552,triangle,0000-0016,noise_sampled_s_1_m_08000_a_02000_d_03000_l_01000_p_00900,40.0,40.0,3.0,6.0,16,11.459155902616464,triangle-0-2,198,0.9
3553,triangle,0000-0020,noise_sampled_s_1_m_08000_a_02000_d_03000_l_01000_p_00900,40.0,40.0,4.0,5.0,20,11.459155902616464,triangle-0-2,199,0.9
3554,triangle,0000-0024,noise_sampled_s_1_m_08000_a_02000_d_03000_l_01000_p_00900,40.0,40.0,6.0,3.0,24,11.459155902616464,triangle-0-2,200,0.9
3555,triangle,0000-0028,noise_sampled_s_1_m_08000_a_02000_d_03000_l_01000_p_00900,40.0,40.0,4.0,3.0,28,11.459155902616464,triangle-0-2,201,0.9
3556,triangle,0000-0032,noise_sampled_s_1_m_08000_a_02000_d_03000_l_01000_p_00900,40.0,40.0,3.0,6.0,32,11.459155902616464,triangle-0-2,202,0.9
3557,triangle,0000-0036,noise_sampled_s_1_m_08000_a_02000_d_03000_l_01000_p_00900,40.0,40.0,4.0,5.0,36,11.459155902616464,triangle-0-2,203,0.9
3558,triangle,0000-0040,noise_sampled_s_1_m_08000_a_02000_d_03000_l_01000_p_00900,40.0,40.0,6.0,3.0,40,11.459155902616464,triangle-0-2,204,0.9
3559,triangle,0000-0044,noise_sampled_s_1_m_08000_a_02000_d_03000_l_01000_p_00900,40.0,40.0,4.0,3.0,44,11.459155902616464,triangle-0-2,205,0.9
3560,triangle,0000-0048,noise_sampled_s_1_m_08000_a_02000_d_03000_l_01000_p_00900,40.0,40.0,3.0,6.0,48,11.459155902616464,triangle-0-2,206,0.9
3561,triangle,0000-0052,noise_sampled_s_1_m_08000_a_02000_d_03000_l_01000_p_00900,40.0,40.0,4.0,5.0,52,11.459155902616464,triangle-0-2,207,0.9
3562,triangle,0000-0056,noise_sampled_s_1_m_08000_a_02000_d_03000_l_01000_p_00900,40.0,40.0,5.0,3.0,56,11.459155902616464,triangle-0-2,208,0.9
3563,triangle,0000-0060,noise_sampled_s_1_m_08000_a_02000_d_03000_l_01000_p_00900,40.0,40.0,4.0,5.0,60,11.459155902616464,triangle-0-2,209,0.9
3564,triangle,0000-0064,noise_sampled_s_1_m_08000_a_02000_d_03000_l_01000_p_00900,40.0,40.0,5.0,3.0,64,11.459155902616464,triangle-0-2,210,0.9
3565,triangle,0000-0068,noise_sampled_s_1_m_08000_a_02000_d_03000_l_01000_p_00900,40.0,40.0,4.0,5.0,68,11.459155902616464,triangle-0-2,211,0.9
3566,triangle,0000-0072,noise_sampled_s_1_m_08000_a_02000_d_03000_l_01000_p_00900,40.0,40.0,6.0,3.0,72,11.459155902616464,triangle-0-2,212,0.9
3567,triangle,0000-0076,noise_sampled_s_1_m_08000_a_02000_d_03000_l_01000_p_00900,40.0,40.0,5.0,3.0,76,11.459155902616464,triangle-0-2,213,0.9
3568,triangle,0000-0080,noise_sampled_s_1_m_08000_a_02000_d_03000_l_01000_p_00900,40.0,40.0,3.0,6.0,80,11.459155902616464,triangle-0-2,214,0.9
3569,triangle,0000-0084,noise_sampled_s_1_m_08000_a_02000_d_03000_l_01000_p_00900,40.0,40.0,3.0,6.0,84,11.459155902616464,triangle-0-2,215,0.9
3570,triangle,0000-0088,noise_sampled_s_1_m_08000_a_02000_d_03000_l_01000_p_00900,40.0,40.0,4.0,5.0,88,11.459155902616464,triangle-0-2,216,0.9
3571,triangle,0000-0092,noise_sampled_s_1_m_08000_a_02000_d_03000_l_01000_p_00900,40.0,40.0,3.0,3.0,92,11.459155902616464,triangle-0-2,217,0.9
3572,triangle,0000-0096,noise_sampled_s_1_m_08000_a_02000_d_03000_l_01000_p_00900,40.0,40.0,3.0,6.0,96,11.459155902616464,triangle-0-2,218,0.9
3573,triangle,0000-0100,noise_sampled_s_1_m_08000_a_02000_d_03000_l_01000_p_00900,40.0,40.0,4.0,5.0,100,11.459155902616464,triangle-0-2,219,0.9
3574,triangle,0000-0104,noise_sampled_s_1_m_08000_a_02000_d_03000_l_01000_p_00900,40.0,40.0,6.0,3.0,104,11.459155902616464,triangle-0-2,220,0.9
3575,triangle,0000-0108,noise_sampled_s_1_m_08000_a_02000_d_03000_l_01000_p_00900,40.0,40.0,4.0,3.0,108,11.459155902616464,triangle-0-2,221,0.9
3576,triangle,0000-0112,noise_sampled_s_1_m_08000_a_02000_d_03000_l_01000_p_00900,40.0,40.0,3.0,6.0,112,11.459155902616464,triangle-0-2,222,0.9
3577,triangle,0000-0116,noise_sampled_s_1_m_08000_a_02000_d_03000_l_01000_p_00900,40.0,40.0,4.0,5.0,116,11.459155902616464,triangle-0-2,223,0.9
3578,triangle,0000-0120,noise_sampled_s_1_m_08000_a_02000_d_03000_l_01000_p_00900,40.0,40.0,6.0,3.0,120,11.459155902616464,triangle-0-2,224,0.9
3579,triangle,0000-0124,noise_sampled_s_1_m_08000_a_02000_d_03000_l_01000_p_00900,40.0,40.0,3.0,3.0,124,11.459155902616464,triangle-0-2,225,0.9
3580,triangle,0000-0128,noise_sampled_s_1_m_08000_a_02000_d_03000_l_01000_p_00900,40.0,40.0,3.0,6.0,128,11.459155902616464,triangle-0-2,226,0.9
3581,triangle,0000-0132,noise_sampled_s_1_m_08000_a_02000_d_03000_l_01000_p_00900,40.0,40.0,4.0,5.0,132,11.459155902616464,triangle-0-2,227,0.9
3582,triangle,0000-0136,noise_sampled_s_1_m_08000_a_02000_d_03000_l_01000_p_00900,40.0,40.0,3.0,3.0,136,11.459155902616464,triangle-0-2,228,0.9
3583,triangle,0000-0140,noise_sampled_s_1_m_08000_a_02000_d_03000_l_01000_p_00900,40.0,40.0,4.0,5.0,140,11.459155902616464,triangle-0-2,229,0.9
3584,triangle,0000-0144,noise_sampled_s_1_m_08000_a_02000_d_03000_l_01000_p_00900,40.0,40.0,6.0,3.0,144,11.459155902616464,triangle-0-2,230,0.9
3585,triangle,0000-0148,noise_sampled_s_1_m_08000_a_02000_d_03000_l_01000_p_00900,40.0,40.0,6.0,3.0,148,11.459155902616464,triangle-0-2,231,0.9
3586,triangle,0000-0152,noise_sampled_s_1_m_08000_a_02000_d_03000_l_01000_p_00900,40.0,40.0,6.0,3.0,152,11.459155902616464,triangle-0-2,232,0.9
3587,triangle,0000-0156,noise_sampled_s_1_m_08000_a_02000_d_03000_l_01000_p_00900,40.0,40.0,4.0,3.0,156,11.459155902616464,triangle-0-2,233,0.9
3588,square,0000-0004,noise_sampled_s_1_m_08000_a_02000_d_03000_l_01000_p_00900,40.0,40.0,8.0,1.0,4,22.91831180523293,square-0-4,195,0.9
3589,square,0000-0008,noise_sampled_s_1_m_08000_a_02000_d_03000_l_01000_p_00900,40.0,40.0,1.0,9.0,8,22.91831180523293,square-0-4,196,0.9
3590,square,0000-0012,noise_sampled_s_1_m_08000_a_02000_d_03000_l_01000_p_00900,40.0,40.0,8.0,1.0,12,22.91831180523293,square-0-4,197,0.9
3591,square,0000-0016,noise_sampled_s_1_m_08000_a_02000_d_03000_l_01000_p_00900,40.0,40.0,2.0,8.0,16,22.91831180523293,square-0-4,198,0.9
3592,square,0000-0020,noise_sampled_s_1_m_08000_a_02000_d_03000_l_01000_p_00900,40.0,40.0,7.0,1.0,20,22.91831180523293,square-0-4,199,0.9
3593,square,0000-0024,noise_sampled_s_1_m_08000_a_02000_d_03000_l_01000_p_00900,40.0,40.0,1.0,9.0,24,22.91831180523293,square-0-4,200,0.9
3594,square,0000-0028,noise_sampled_s_1_m_08000_a_02000_d_03000_l_01000_p_00900,40.0,40.0,8.0,1.0,28,22.91831180523293,square-0-4,201,0.9
3595,square,0000-0032,noise_sampled_s_1_m_08000_a_02000_d_03000_l_01000_p_00900,40.0,40.0,1.0,9.0,32,22.91831180523293,square-0-4,202,0.9
3596,square,0000-0036,noise_sampled_s_1_m_08000_a_02000_d_03000_l_01000_p_00900,40.0,40.0,8.0,1.0,36,22.91831180523293,square-0-4,203,0.9
3597,square,0000-0040,noise_sampled_s_1_m_08000_a_02000_d_03000_l_01000_p_00900,40.0,40.0,1.0,9.0,40,22.91831180523293,square-0-4,204,0.9
3598,square,0000-0044,noise_sampled_s_1_m_08000_a_02000_d_03000_l_01000_p_00900,40.0,40.0,7.0,2.0,44,22.91831180523293,square-0-4,205,0.9
3599,square,0000-0048,noise_sampled_s_1_m_08000_a_02000_d_03000_l_01000_p_00900,40.0,40.0,7.0,9.0,48,22.91831180523293,square-0-4,206,0.9
3600,square,0000-0052,noise_sampled_s_1_m_08000_a_02000_d_03000_l_01000_p_00900,40.0,40.0,8.0,1.0,52,22.91831180523293,square-0-4,207,0.9
3601,square,0000-0056,noise_sampled_s_1_m_08000_a_02000_d_03000_l_01000_p_00900,40.0,40.0,2.0,8.0,56,22.91831180523293,square-0-4,208,0.9
3602,square,0000-0060,noise_sampled_s_1_m_08000_a_02000_d_03000_l_01000_p_00900,40.0,40.0,7.0,2.0,60,22.91831180523293,square-0-4,209,0.9
3603,square,0000-0064,noise_sampled_s_1_m_08000_a_02000_d_03000_l_01000_p_00900,40.0,40.0,8.0,9.0,64,22.91831180523293,square-0-4,210,0.9
3604,square,0000-0068,noise_sampled_s_1_m_08000_a_02000_d_03000_l_01000_p_00900,40.0,40.0,9.0,2.0,68,22.91831180523293,square-0-4,211,0.9
3605,square,0000-0072,noise_sampled_s_1_m_08000_a_02000_d_03000_l_01000_p_00900,40.0,40.0,1.0,9.0,72,22.91831180523293,square-0-4,212,0.9
3606,square,0000-0076,noise_sampled_s_1_m_08000_a_02000_d_03000_l_01000_p_00900,40.0,40.0,7.0,2.0,76,22.91831180523293,square-0-4,213,0.9
3607,square,0000-0080,noise_sampled_s_1_m_08000_a_02000_d_03000_l_01000_p_00900,40.0,40.0,8.0,9.0,80,22.91831180523293,square-0-4,214,0.9
3608,square,0000-0084,noise_sampled_s_1_m_08000_a_02000_d_03000_l_01000_p_00900,40.0,40.0,9.0,2.0,84,22.91831180523293,square-0-4,215,0.9
3609,square,0000-0088,noise_sampled_s_1_m_08000_a_02000_d_03000_l_01000_p_00900,40.0,40.0,2.0,8.0,88,22.91831180523293,square-0-4,216,0.9
3610,square,0000-0092,noise_sampled_s_1_m_08000_a_02000_d_03000_l_01000_p_00900,40.0,40.0,8.0,1.0,92,22.91831180523293,square-0-4,217,0.9
3611,square,0000-0096,noise_sampled_s_1_m_08000_a_02000_d_03000_l_01000_p_00900,40.0,40.0,2.0,8.0,96,22.91831180523293,square-0-4,218,0.9
3612,square,0000-0100,noise_sampled_s_1_m_08000_a_02000_d_03000_l_01000_p_00900,40.0,40.0,7.0,2.0,100,22.91831180523293,square-0-4,219,0.9
3613,square,0000-0104,noise_sampled_s_1_m_08000_a_02000_d_03000_l_01000_p_00900,40.0,40.0,1.0,9.0,104,22.91831180523293,square-0-4,220,0.9
3614,square,0000-0108,noise_sampled_s_1_m_08000_a_02000_d_03000_l_01000_p_00900,40.0,40.0,8.0,1.0,108,22.91831180523293,square-0-4,221,0.9
3615,square,0000-0112,noise_sampled_s_1_m_08000_a_02000_d_03000_l_01000_p_00900,40.0,40.0,1.0,9.0,112,22.91831180523293,square-0-4,222,0.9
3616,square,0000-0116,noise_sampled_s_1_m_08000_a_02000_d_03000_l_01000_p_00900,40.0,40.0,8.0,1.0,116,22.91831180523293,square-0-4,223,0.9
3617,square,0000-0120,noise_sampled_s_1_m_08000_a_02000_d_03000_l_01000_p_00900,40.0,40.0,1.0,9.0,120,22.91831180523293,square-0-4,224,0.9
3618,square,0000-0124,noise_sampled_s_1_m_08000_a_02000_d_03000_l_01000_p_00900,40.0,40.0,7.0,1.0,124,22.91831180523293,square-0-4,225,0.9
3619,square,0000-0128,noise_sampled_s_1_m_08000_a_02000_d_03000_l_01000_p_00900,40.0,40.0,8.0,9.0,128,22.91831180523293,square-0-4,226,0.9
3620,square,0000-0132,noise_sampled_s_1_m_08000_a_02000_d_03000_l_01000_p_00900,40.0,40.0,8.0,1.0,132,22.91831180523293,square-0-4,227,0.9
3621,square,0000-0136,noise_sampled_s_1_m_08000_a_02000_d_03000_l_01000_p_00900,40.0,40.0,1.0,9.0,136,22.91831180523293,square-0-4,228,0.9
3622,square,0000-0140,noise_sampled_s_1_m_08000_a_02000_d_03000_l_01000_p_00900,40.0,40.0,8.0,1.0,140,22.91831180523293,square-0-4,229,0.9
3623,square,0000-0144,noise_sampled_s_1_m_08000_a_02000_d_03000_l_01000_p_00900,40.0,40.0,1.0,9.0,144,22.91831180523293,square-0-4,230,0.9
3624,square,0000-0148,noise_sampled_s_1_m_08000_a_02000_d_03000_l_01000_p_00900,40.0,40.0,7.0,1.0,148,22.91831180523293,square-0-4,231,0.9
3625,square,0000-0152,noise_sampled_s_1_m_08000_a_02000_d_03000_l_01000_p_00900,40.0,40.0,1.0,9.0,152,22.91831180523293,square-0-4,232,0.9
3626,square,0000-0156,noise_sampled_s_1_m_08000_a_02000_d_03000_l_01000_p_00900,40.0,40.0,7.0,1.0,156,22.91831180523293,square-0-4,233,0.9
3627,square,0000-0004,noise_sampled_s_1_m_08000_a_02000_d_03000_l_01000_p_00900,40.0,40.0,6.0,0.0,4,0.0,square-0-0,195,0.9
3628,square,0000-0008,noise_sampled_s_1_m_08000_a_02000_d_03000_l_01000_p_00900,40.0,40.0,3.0,9.0,8,0.0,square-0-0,196,0.9
3629,square,0000-0012,noise_sampled_s_1_m_08000_a_02000_d_03000_l_01000_p_00900,40.0,40.0,6.0,0.0,12,0.0,square-0-0,197,0.9
3630,square,0000-0016,noise_sampled_s_1_m_08000_a_02000_d_03000_l_01000_p_00900,40.0,40.0,3.0,8.0,16,0.0,square-0-0,198,0.9
3631,square,0000-0020,noise_sampled_s_1_m_08000_a_02000_d_03000_l_01000_p_00900,40.0,40.0,6.0,0.0,20,0.0,square-0-0,199,0.9
3632,square,0000-0024,noise_sampled_s_1_m_08000_a_02000_d_03000_l_01000_p_00900,40.0,40.0,3.0,9.0,24,0.0,square-0-0,200,0.9
3633,square,0000-0028,noise_sampled_s_1_m_08000_a_02000_d_03000_l_01000_p_00900,40.0,40.0,6.0,0.0,28,0.0,square-0-0,201,0.9
3634,square,0000-0032,noise_sampled_s_1_m_08000_a_02000_d_03000_l_01000_p_00900,40.0,40.0,3.0,9.0,32,0.0,square-0-0,202,0.9
3635,square,0000-0036,noise_sampled_s_1_m_08000_a_02000_d_03000_l_01000_p_00900,40.0,40.0,6.0,0.0,36,0.0,square-0-0,203,0.9
3636,square,0000-0040,noise_sampled_s_1_m_08000_a_02000_d_03000_l_01000_p_00900,40.0,40.0,3.0,9.0,40,0.0,square-0-0,204,0.9
3637,square,0000-0044,noise_sampled_s_1_m_08000_a_02000_d_03000_l_01000_p_00900,40.0,40.0,5.0,0.0,44,0.0,square-0-0,205,0.9
3638,square,0000-0048,noise_sampled_s_1_m_08000_a_02000_d_03000_l_01000_p_00900,40.0,40.0,4.0,9.0,48,0.0,square-0-0,206,0.9
3639,square,0000-0052,noise_sampled_s_1_m_08000_a_02000_d_03000_l_01000_p_00900,40.0,40.0,6.0,0.0,52,0.0,square-0-0,207,0.9
3640,square,0000-0056,noise_sampled_s_1_m_08000_a_02000_d_03000_l_01000_p_00900,40.0,40.0,4.0,9.0,56,0.0,square-0-0,208,0.9
3641,square,0000-0060,noise_sampled_s_1_m_08000_a_02000_d_03000_l_01000_p_00900,40.0,40.0,5.0,0.0,60,0.0,square-0-0,209,0.9
3642,square,0000-0064,noise_sampled_s_1_m_08000_a_02000_d_03000_l_01000_p_00900,40.0,40.0,4.0,9.0,64,0.0,square-0-0,210,0.9
3643,square,0000-0068,noise_sampled_s_1_m_08000_a_02000_d_03000_l_01000_p_00900,40.0,40.0,5.0,0.0,68,0.0,square-0-0,211,0.9
3644,square,0000-0072,noise_sampled_s_1_m_08000_a_02000_d_03000_l_01000_p_00900,40.0,40.0,3.0,8.0,72,0.0,square-0-0,212,0.9
3645,square,0000-0076,noise_sampled_s_1_m_08000_a_02000_d_03000_l_01000_p_00900,40.0,40.0,5.0,0.0,76,0.0,square-0-0,213,0.9
3646,square,0000-0080,noise_sampled_s_1_m_08000_a_02000_d_03000_l_01000_p_00900,40.0,40.0,3.0,8.0,80,0.0,square-0-0,214,0.9
3647,square,0000-0084,noise_sampled_s_1_m_08000_a_02000_d_03000_l_01000_p_00900,40.0,40.0,5.0,1.0,84,0.0,square-0-0,215,0.9
3648,square,0000-0088,noise_sampled_s_1_m_08000_a_02000_d_03000_l_01000_p_00900,40.0,40.0,3.0,8.0,88,0.0,square-0-0,216,0.9
3649,square,0000-0092,noise_sampled_s_1_m_08000_a_02000_d_03000_l_01000_p_00900,40.0,40.0,5.0,1.0,92,0.0,square-0-0,217,0.9
3650,square,0000-0096,noise_sampled_s_1_m_08000_a_02000_d_03000_l_01000_p_00900,40.0,40.0,4.0,9.0,96,0.0,square-0-0,218,0.9
3651,square,0000-0100,noise_sampled_s_1_m_08000_a_02000_d_03000_l_01000_p_00900,40.0,40.0,5.0,0.0,100,0.0,square-0-0,219,0.9
3652,square,0000-0104,noise_sampled_s_1_m_08000_a_02000_d_03000_l_01000_p_00900,40.0,40.0,3.0,9.0,104,0.0,square-0-0,220,0.9
3653,square,0000-0108,noise_sampled_s_1_m_08000_a_02000_d_03000_l_01000_p_00900,40.0,40.0,6.0,0.0,108,0.0,square-0-0,221,0.9
3654,square,0000-0112,noise_sampled_s_1_m_08000_a_02000_d_03000_l_01000_p_00900,40.0,40.0,3.0,9.0,112,0.0,square-0-0,222,0.9
3655,square,0000-0116,noise_sampled_s_1_m_08000_a_02000_d_03000_l_01000_p_00900,40.0,40.0,6.0,0.0,116,0.0,square-0-0,223,0.9
3656,square,0000-0120,noise_sampled_s_1_m_08000_a_02000_d_03000_l_01000_p_00900,40.0,40.0,3.0,9.0,120,0.0,square-0-0,224,0.9
3657,square,0000-0124,noise_sampled_s_1_m_08000_a_02000_d_03000_l_01000_p_00900,40.0,40.0,5.0,1.0,124,0.0,square-0-0,225,0.9
3658,square,0000-0128,noise_sampled_s_1_m_08000_a_02000_d_03000_l_01000_p_00900,40.0,40.0,4.0,9.0,128,0.0,square-0-0,226,0.9
3659,square,0000-0132,noise_sampled_s_1_m_08000_a_02000_d_03000_l_01000_p_00900,40.0,40.0,6.0,0.0,132,0.0,square-0-0,227,0.9
3660,square,0000-0136,noise_sampled_s_1_m_08000_a_02000_d_03000_l_01000_p_00900,40.0,40.0,3.0,8.0,136,0.0,square-0-0,228,0.9
3661,square,0000-0140,noise_sampled_s_1_m_08000_a_02000_d_03000_l_01000_p_00900,40.0,40.0,6.0,0.0,140,0.0,square-0-0,229,0.9
3662,square,0000-0144,noise_sampled_s_1_m_08000_a_02000_d_03000_l_01000_p_00900,40.0,40.0,3.0,9.0,144,0.0,square-0-0,230,0.9
3663,square,0000-0148,noise_sampled_s_1_m_08000_a_02000_d_03000_l_01000_p_00900,40.0,40.0,6.0,0.0,148,0.0,square-0-0,231,0.9
3664,square,0000-0152,noise_sampled_s_1_m_08000_a_02000_d_03000_l_01000_p_00900,40.0,40.0,3.0,9.0,152,0.0,square-0-0,232,0.9
3665,square,0000-0156,noise_sampled_s_1_m_08000_a_02000_d_03000_l_01000_p_00900,40.0,40.0,6.0,0.0,156,0.0,square-0-0,233,0.9
3666,square,0000-0004,noise_sampled_s_1_m_08000_a_02000_d_03000_l_01000_p_00900,40.0,40.0,9.0,2.0,4,34.37746770784939,square-0-6,195,0.9
3667,square,0000-0008,noise_sampled_s_1_m_08000_a_02000_d_03000_l_01000_p_00900,40.0,40.0,0.0,8.0,8,34.37746770784939,square-0-6,196,0.9
3668,square,0000-0012,noise_sampled_s_1_m_08000_a_02000_d_03000_l_01000_p_00900,40.0,40.0,8.0,1.0,12,34.37746770784939,square-0-6,197,0.9
3669,square,0000-0016,noise_sampled_s_1_m_08000_a_02000_d_03000_l_01000_p_00900,40.0,40.0,7.0,9.0,16,34.37746770784939,square-0-6,198,0.9
3670,square,0000-0020,noise_sampled_s_1_m_08000_a_02000_d_03000_l_01000_p_00900,40.0,40.0,9.0,2.0,20,34.37746770784939,square-0-6,199,0.9
3671,square,0000-0024,noise_sampled_s_1_m_08000_a_02000_d_03000_l_01000_p_00900,40.0,40.0,0.0,9.0,24,34.37746770784939,square-0-6,200,0.9
3672,square,0000-0028,noise_sampled_s_1_m_08000_a_02000_d_03000_l_01000_p_00900,40.0,40.0,8.0,0.0,28,34.37746770784939,square-0-6,201,0.9
3673,square,0000-0032,noise_sampled_s_1_m_08000_a_02000_d_03000_l_01000_p_00900,40.0,40.0,7.0,9.0,32,34.37746770784939,square-0-6,202,0.9
3674,square,0000-0036,noise_sampled_s_1_m_08000_a_02000_d_03000_l_01000_p_00900,40.0,40.0,9.0,2.0,36,34.37746770784939,square-0-6,203,0.9
3675,square,0000-0040,noise_sampled_s_1_m_08000_a_02000_d_03000_l_01000_p_00900,40.0,40.0,0.0,9.0,40,34.37746770784939,square-0-6,204,0.9
3676,square,0000-0044,noise_sampled_s_1_m_08000_a_02000_d_03000_l_01000_p_00900,40.0,40.0,8.0,1.0,44,34.37746770784939,square-0-6,205,0.9
3677,square,0000-0048,noise_sampled_s_1_m_08000_a_02000_d_03000_l_01000_p_00900,40.0,40.0,7.0,9.0,48,34.37746770784939,square-0-6,206,0.9
3678,square,0000-0052,noise_sampled_s_1_m_08000_a_02000_d_03000_l_01000_p_00900,40.0,40.0,9.0,2.0,52,34.37746770784939,square-0-6,207,0.9
3679,square,0000-0056,noise_sampled_s_1_m_08000_a_02000_d_03000_l_01000_p_00900,40.0,40.0,1.0,9.0,56,34.37746770784939,square-0-6,208,0.9
3680,square,0000-0060,noise_sampled_s_1_m_08000_a_02000_d_03000_l_01000_p_00900,40.0,40.0,8.0,0.0,60,34.37746770784939,square-0-6,209,0.9
3681,square,0000-0064,noise_sampled_s_1_m_08000_a_02000_d_03000_l_01000_p_00900,40.0,40.0,6.0,7.0,64,34.37746770784939,square-0-6,210,0.9
3682,square,0000-0068,noise_sampled_s_1_m_08000_a_02000_d_03000_l_01000_p_00900,40.0,40.0,9.0,2.0,68,34.37746770784939,square-0-6,211,0.9
3683,square,0000-0072,noise_sampled_s_1_m_08000_a_02000_d_03000_l_01000_p_00900,40.0,40.0,0.0,9.0,72,34.37746770784939,square-0-6,212,0.9
3684,square,0000-0076,noise_sampled_s_1_m_08000_a_02000_d_03000_l_01000_p_00900,40.0,40.0,8.0,1.0,76,34.37746770784939,square-0-6,213,0.9
3685,square,0000-0080,noise_sampled_s_1_m_08000_a_02000_d_03000_l_01000_p_00900,40.0,40.0,7.0,9.0,80,34.37746770784939,square-0-6,214,0.9
3686,square,0000-0084,noise_sampled_s_1_m_08000_a_02000_d_03000_l_01000_p_00900,40.0,40.0,9.0,2.0,84,34.37746770784939,square-0-6,215,0.9
3687,square,0000-0088,noise_sampled_s_1_m_08000_a_02000_d_03000_l_01000_p_00900,40.0,40.0,1.0,9.0,88,34.37746770784939,square-0-6,216,0.9
3688,square,0000-0092,noise_sampled_s_1_m_08000_a_02000_d_03000_l_01000_p_00900,40.0,40.0,8.0,1.0,92,34.37746770784939,square-0-6,217,0.9
3689,square,0000-0096,noise_sampled_s_1_m_08000_a_02000_d_03000_l_01000_p_00900,40.0,40.0,7.0,9.0,96,34.37746770784939,square-0-6,218,0.9
3690,square,0000-0100,noise_sampled_s_1_m_08000_a_02000_d_03000_l_01000_p_00900,40.0,40.0,9.0,2.0,100,34.37746770784939,square-0-6,219,0.9
3691,square,0000-0104,noise_sampled_s_1_m_08000_a_02000_d_03000_l_01000_p_00900,40.0,40.0,0.0,8.0,104,34.37746770784939,square-0-6,220,0.9
3692,square,0000-0108,noise_sampled_s_1_m_08000_a_02000_d_03000_l_01000_p_00900,40.0,40.0,8.0,1.0,108,34.37746770784939,square-0-6,221,0.9
3693,square,0000-0112,noise_sampled_s_1_m_08000_a_02000_d_03000_l_01000_p_00900,40.0,40.0,7.0,9.0,112,34.37746770784939,square-0-6,222,0.9
3694,square,0000-0116,noise_sampled_s_1_m_08000_a_02000_d_03000_l_01000_p_00900,40.0,40.0,9.0,2.0,116,34.37746770784939,square-0-6,223,0.9
3695,square,0000-0120,noise_sampled_s_1_m_08000_a_02000_d_03000_l_01000_p_00900,40.0,40.0,0.0,9.0,120,34.37746770784939,square-0-6,224,0.9
3696,square,0000-0124,noise_sampled_s_1_m_08000_a_02000_d_03000_l_01000_p_00900,40.0,40.0,8.0,1.0,124,34.37746770784939,square-0-6,225,0.9
3697,square,0000-0128,noise_sampled_s_1_m_08000_a_02000_d_03000_l_01000_p_00900,40.0,40.0,7.0,9.0,128,34.37746770784939,square-0-6,226,0.9
3698,square,0000-0132,noise_sampled_s_1_m_08000_a_02000_d_03000_l_01000_p_00900,40.0,40.0,9.0,2.0,132,34.37746770784939,square-0-6,227,0.9
3699,square,0000-0136,noise_sampled_s_1_m_08000_a_02000_d_03000_l_01000_p_00900,40.0,40.0,0.0,9.0,136,34.37746770784939,square-0-6,228,0.9
3700,square,0000-0140,noise_sampled_s_1_m_08000_a_02000_d_03000_l_01000_p_00900,40.0,40.0,8.0,0.0,140,34.37746770784939,square-0-6,229,0.9
3701,square,0000-0144,noise_sampled_s_1_m_08000_a_02000_d_03000_l_01000_p_00900,40.0,40.0,7.0,9.0,144,34.37746770784939,square-0-6,230,0.9
3702,square,0000-0148,noise_sampled_s_1_m_08000_a_02000_d_03000_l_01000_p_00900,40.0,40.0,8.0,0.0,148,34.37746770784939,square-0-6,231,0.9
3703,square,0000-0152,noise_sampled_s_1_m_08000_a_02000_d_03000_l_01000_p_00900,40.0,40.0,7.0,9.0,152,34.37746770784939,square-0-6,232,0.9
3704,square,0000-0156,noise_sampled_s_1_m_08000_a_02000_d_03000_l_01000_p_00900,40.0,40.0,9.0,2.0,156,34.37746770784939,square-0-6,233,0.9
3705,triangle,0000-0004,noise_sampled_s_1_m_08000_a_02000_d_03000_l_01000_p_00900,40.0,40.0,1.0,1.0,4,68.75493541569878,triangle-1-2,195,0.9
3706,triangle,0000-0008,noise_sampled_s_1_m_08000_a_02000_d_03000_l_01000_p_00900,40.0,40.0,6.0,5.0,8,68.75493541569878,triangle-1-2,196,0.9
3707,triangle,0000-0012,noise_sampled_s_1_m_08000_a_02000_d_03000_l_01000_p_00900,40.0,40.0,4.0,3.0,12,68.75493541569878,triangle-1-2,197,0.9
3708,triangle,0000-0016,noise_sampled_s_1_m_08000_a_02000_d_03000_l_01000_p_00900,40.0,40.0,6.0,5.0,16,68.75493541569878,triangle-1-2,198,0.9
3709,triangle,0000-0020,noise_sampled_s_1_m_08000_a_02000_d_03000_l_01000_p_00900,40.0,40.0,4.0,3.0,20,68.75493541569878,triangle-1-2,199,0.9
3710,triangle,0000-0024,noise_sampled_s_1_m_08000_a_02000_d_03000_l_01000_p_00900,40.0,40.0,6.0,5.0,24,68.75493541569878,triangle-1-2,200,0.9
3711,triangle,0000-0028,noise_sampled_s_1_m_08000_a_02000_d_03000_l_01000_p_00900,40.0,40.0,6.0,5.0,28,68.75493541569878,triangle-1-2,201,0.9
3712,triangle,0000-0032,noise_sampled_s_1_m_08000_a_02000_d_03000_l_01000_p_00900,40.0,40.0,0.0,1.0,32,68.75493541569878,triangle-1-2,202,0.9
3713,triangle,0000-0036,noise_sampled_s_1_m_08000_a_02000_d_03000_l_01000_p_00900,40.0,40.0,6.0,4.0,36,68.75493541569878,triangle-1-2,203,0.9
3714,triangle,0000-0040,noise_sampled_s_1_m_08000_a_02000_d_03000_l_01000_p_00900,40.0,40.0,0.0,1.0,40,68.75493541569878,triangle-1-2,204,0.9
3715,triangle,0000-0044,noise_sampled_s_1_m_08000_a_02000_d_03000_l_01000_p_00900,40.0,40.0,6.0,5.0,44,68.75493541569878,triangle-1-2,205,0.9
3716,triangle,0000-0048,noise_sampled_s_1_m_08000_a_02000_d_03000_l_01000_p_00900,40.0,40.0,4.0,3.0,48,68.75493541569878,triangle-1-2,206,0.9
3717,triangle,0000-0052,noise_sampled_s_1_m_08000_a_02000_d_03000_l_01000_p_00900,40.0,40.0,6.0,4.0,52,68.75493541569878,triangle-1-2,207,0.9
3718,triangle,0000-0056,noise_sampled_s_1_m_08000_a_02000_d_03000_l_01000_p_00900,40.0,40.0,6.0,4.0,56,68.75493541569878,triangle-1-2,208,0.9
3719,triangle,0000-0060,noise_sampled_s_1_m_08000_a_02000_d_03000_l_01000_p_00900,40.0,40.0,4.0,3.0,60,68.75493541569878,triangle-1-2,209,0.9
3720,triangle,0000-0064,noise_sampled_s_1_m_08000_a_02000_d_03000_l_01000_p_00900,40.0,40.0,4.0,5.0,64,68.75493541569878,triangle-1-2,210,0.9
3721,triangle,0000-0068,noise_sampled_s_1_m_08000_a_02000_d_03000_l_01000_p_00900,40.0,40.0,4.0,3.0,68,68.75493541569878,triangle-1-2,211,0.9
3722,triangle,0000-0072,noise_sampled_s_1_m_08000_a_02000_d_03000_l_01000_p_00900,40.0,40.0,6.0,4.0,72,68.75493541569878,triangle-1-2,212,0.9
3723,triangle,0000-0076,noise_sampled_s_1_m_08000_a_02000_d_03000_l_01000_p_00900,40.0,40.0,4.0,3.0,76,68.75493541569878,triangle-1-2,213,0.9
3724,triangle,0000-0080,noise_sampled_s_1_m_08000_a_02000_d_03000_l_01000_p_00900,40.0,40.0,6.0,4.0,80,68.75493541569878,triangle-1-2,214,0.9
3725,triangle,0000-0084,noise_sampled_s_1_m_08000_a_02000_d_03000_l_01000_p_00900,40.0,40.0,6.0,4.0,84,68.75493541569878,triangle-1-2,215,0.9
3726,triangle,0000-0088,noise_sampled_s_1_m_08000_a_02000_d_03000_l_01000_p_00900,40.0,40.0,6.0,5.0,88,68.75493541569878,triangle-1-2,216,0.9
3727,triangle,0000-0092,noise_sampled_s_1_m_08000_a_02000_d_03000_l_01000_p_00900,40.0,40.0,4.0,3.0,92,68.75493541569878,triangle-1-2,217,0.9
3728,triangle,0000-0096,noise_sampled_s_1_m_08000_a_02000_d_03000_l_01000_p_00900,40.0,40.0,6.0,4.0,96,68.75493541569878,triangle-1-2,218,0.9
3729,triangle,0000-0100,noise_sampled_s_1_m_08000_a_02000_d_03000_l_01000_p_00900,40.0,40.0,4.0,3.0,100,68.75493541569878,triangle-1-2,219,0.9
3730,triangle,0000-0104,noise_sampled_s_1_m_08000_a_02000_d_03000_l_01000_p_00900,40.0,40.0,6.0,5.0,104,68.75493541569878,triangle-1-2,220,0.9
3731,triangle,0000-0108,noise_sampled_s_1_m_08000_a_02000_d_03000_l_01000_p_00900,40.0,40.0,4.0,3.0,108,68.75493541569878,triangle-1-2,221,0.9
3732,triangle,0000-0112,noise_sampled_s_1_m_08000_a_02000_d_03000_l_01000_p_00900,40.0,40.0,6.0,5.0,112,68.75493541569878,triangle-1-2,222,0.9
3733,triangle,0000-0116,noise_sampled_s_1_m_08000_a_02000_d_03000_l_01000_p_00900,40.0,40.0,4.0,3.0,116,68.75493541569878,triangle-1-2,223,0.9
3734,triangle,0000-0120,noise_sampled_s_1_m_08000_a_02000_d_03000_l_01000_p_00900,40.0,40.0,6.0,4.0,120,68.75493541569878,triangle-1-2,224,0.9
3735,triangle,0000-0124,noise_sampled_s_1_m_08000_a_02000_d_03000_l_01000_p_00900,40.0,40.0,0.0,1.0,124,68.75493541569878,triangle-1-2,225,0.9
3736,triangle,0000-0128,noise_sampled_s_1_m_08000_a_02000_d_03000_l_01000_p_00900,40.0,40.0,6.0,4.0,128,68.75493541569878,triangle-1-2,226,0.9
3737,triangle,0000-0132,noise_sampled_s_1_m_08000_a_02000_d_03000_l_01000_p_00900,40.0,40.0,1.0,1.0,132,68.75493541569878,triangle-1-2,227,0.9
3738,triangle,0000-0136,noise_sampled_s_1_m_08000_a_02000_d_03000_l_01000_p_00900,40.0,40.0,6.0,4.0,136,68.75493541569878,triangle-1-2,228,0.9
3739,triangle,0000-0140,noise_sampled_s_1_m_08000_a_02000_d_03000_l_01000_p_00900,40.0,40.0,6.0,4.0,140,68.75493541569878,triangle-1-2,229,0.9
3740,triangle,0000-0144,noise_sampled_s_1_m_08000_a_02000_d_03000_l_01000_p_00900,40.0,40.0,4.0,3.0,144,68.75493541569878,triangle-1-2,230,0.9
3741,triangle,0000-0148,noise_sampled_s_1_m_08000_a_02000_d_03000_l_01000_p_00900,40.0,40.0,6.0,5.0,148,68.75493541569878,triangle-1-2,231,0.9
3742,triangle,0000-0152,noise_sampled_s_1_m_08000_a_02000_d_03000_l_01000_p_00900,40.0,40.0,6.0,5.0,152,68.75493541569878,triangle-1-2,232,0.9
3743,triangle,0000-0156,noise_sampled_s_1_m_08000_a_02000_d_03000_l_01000_p_00900,40.0,40.0,6.0,4.0,156,68.75493541569878,triangle-1-2,233,0.9
3744,triangle,0000-0004,noise_sampled_s_1_m_08000_a_02000_d_03000_l_01000_p_00900,40.0,40.0,4.0,4.0,4,80.21409131831524,triangle-1-4,195,0.9
3745,triangle,0000-0008,noise_sampled_s_1_m_08000_a_02000_d_03000_l_01000_p_00900,40.0,40.0,6.0,5.0,8,80.21409131831524,triangle-1-4,196,0.9
3746,triangle,0000-0012,noise_sampled_s_1_m_08000_a_02000_d_03000_l_01000_p_00900,40.0,40.0,4.0,4.0,12,80.21409131831524,triangle-1-4,197,0.9
3747,triangle,0000-0016,noise_sampled_s_1_m_08000_a_02000_d_03000_l_01000_p_00900,40.0,40.0,6.0,5.0,16,80.21409131831524,triangle-1-4,198,0.9
3748,triangle,0000-0020,noise_sampled_s_1_m_08000_a_02000_d_03000_l_01000_p_00900,40.0,40.0,4.0,4.0,20,80.21409131831524,triangle-1-4,199,0.9
3749,triangle,0000-0024,noise_sampled_s_1_m_08000_a_02000_d_03000_l_01000_p_00900,40.0,40.0,4.0,4.0,24,80.21409131831524,triangle-1-4,200,0.9
3750,triangle,0000-0028,noise_sampled_s_1_m_08000_a_02000_d_03000_l_01000_p_00900,40.0,40.0,6.0,5.0,28,80.21409131831524,triangle-1-4,201,0.9
3751,triangle,0000-0032,noise_sampled_s_1_m_08000_a_02000_d_03000_l_01000_p_00900,40.0,40.0,6.0,5.0,32,80.21409131831524,triangle-1-4,202,0.9
3752,triangle,0000-0036,noise_sampled_s_1_m_08000_a_02000_d_03000_l_01000_p_00900,40.0,40.0,6.0,5.0,36,80.21409131831524,triangle-1-4,203,0.9
3753,triangle,0000-0040,noise_sampled_s_1_m_08000_a_02000_d_03000_l_01000_p_00900,40.0,40.0,4.0,4.0,40,80.21409131831524,triangle-1-4,204,0.9
3754,triangle,0000-0044,noise_sampled_s_1_m_08000_a_02000_d_03000_l_01000_p_00900,40.0,40.0,6.0,5.0,44,80.21409131831524,triangle-1-4,205,0.9
3755,triangle,0000-0048,noise_sampled_s_1_m_08000_a_02000_d_03000_l_01000_p_00900,40.0,40.0,4.0,4.0,48,80.21409131831524,triangle-1-4,206,0.9
3756,triangle,0000-0052,noise_sampled_s_1_m_08000_a_02000_d_03000_l_01000_p_00900,40.0,40.0,6.0,5.0,52,80.21409131831524,triangle-1-4,207,0.9
3757,triangle,0000-0056,noise_sampled_s_1_m_08000_a_02000_d_03000_l_01000_p_00900,40.0,40.0,4.0,4.0,56,80.21409131831524,triangle-1-4,208,0.9
3758,triangle,0000-0060,noise_sampled_s_1_m_08000_a_02000_d_03000_l_01000_p_00900,40.0,40.0,6.0,5.0,60,80.21409131831524,triangle-1-4,209,0.9
3759,triangle,0000-0064,noise_sampled_s_1_m_08000_a_02000_d_03000_l_01000_p_00900,40.0,40.0,4.0,4.0,64,80.21409131831524,triangle-1-4,210,0.9
3760,triangle,0000-0068,noise_sampled_s_1_m_08000_a_02000_d_03000_l_01000_p_00900,40.0,40.0,6.0,5.0,68,80.21409131831524,triangle-1-4,211,0.9
3761,triangle,0000-0072,noise_sampled_s_1_m_08000_a_02000_d_03000_l_01000_p_00900,40.0,40.0,4.0,4.0,72,80.21409131831524,triangle-1-4,212,0.9
3762,triangle,0000-0076,noise_sampled_s_1_m_08000_a_02000_d_03000_l_01000_p_00900,40.0,40.0,0.0,1.0,76,80.21409131831524,triangle-1-4,213,0.9
3763,triangle,0000-0080,noise_sampled_s_1_m_08000_a_02000_d_03000_l_01000_p_00900,40.0,40.0,6.0,5.0,80,80.21409131831524,triangle-1-4,214,0.9
3764,triangle,0000-0084,noise_sampled_s_1_m_08000_a_02000_d_03000_l_01000_p_00900,40.0,40.0,4.0,4.0,84,80.21409131831524,triangle-1-4,215,0.9
3765,triangle,0000-0088,noise_sampled_s_1_m_08000_a_02000_d_03000_l_01000_p_00900,40.0,40.0,6.0,5.0,88,80.21409131831524,triangle-1-4,216,0.9
3766,triangle,0000-0092,noise_sampled_s_1_m_08000_a_02000_d_03000_l_01000_p_00900,40.0,40.0,4.0,4.0,92,80.21409131831524,triangle-1-4,217,0.9
3767,triangle,0000-0096,noise_sampled_s_1_m_08000_a_02000_d_03000_l_01000_p_00900,40.0,40.0,6.0,5.0,96,80.21409131831524,triangle-1-4,218,0.9
3768,triangle,0000-0100,noise_sampled_s_1_m_08000_a_02000_d_03000_l_01000_p_00900,40.0,40.0,4.0,4.0,100,80.21409131831524,triangle-1-4,219,0.9
3769,triangle,0000-0104,noise_sampled_s_1_m_08000_a_02000_d_03000_l_01000_p_00900,40.0,40.0,6.0,5.0,104,80.21409131831524,triangle-1-4,220,0.9
3770,triangle,0000-0108,noise_sampled_s_1_m_08000_a_02000_d_03000_l_01000_p_00900,40.0,40.0,0.0,0.0,108,80.21409131831524,triangle-1-4,221,0.9
3771,triangle,0000-0112,noise_sampled_s_1_m_08000_a_02000_d_03000_l_01000_p_00900,40.0,40.0,6.0,5.0,112,80.21409131831524,triangle-1-4,222,0.9
3772,triangle,0000-0116,noise_sampled_s_1_m_08000_a_02000_d_03000_l_01000_p_00900,40.0,40.0,4.0,4.0,116,80.21409131831524,triangle-1-4,223,0.9
3773,triangle,0000-0120,noise_sampled_s_1_m_08000_a_02000_d_03000_l_01000_p_00900,40.0,40.0,6.0,5.0,120,80.21409131831524,triangle-1-4,224,0.9
3774,triangle,0000-0124,noise_sampled_s_1_m_08000_a_02000_d_03000_l_01000_p_00900,40.0,40.0,4.0,4.0,124,80.21409131831524,triangle-1-4,225,0.9
3775,triangle,0000-0128,noise_sampled_s_1_m_08000_a_02000_d_03000_l_01000_p_00900,40.0,40.0,6.0,5.0,128,80.21409131831524,triangle-1-4,226,0.9
3776,triangle,0000-0132,noise_sampled_s_1_m_08000_a_02000_d_03000_l_01000_p_00900,40.0,40.0,0.0,0.0,132,80.21409131831524,triangle-1-4,227,0.9
3777,triangle,0000-0136,noise_sampled_s_1_m_08000_a_02000_d_03000_l_01000_p_00900,40.0,40.0,6.0,5.0,136,80.21409131831524,triangle-1-4,228,0.9
3778,triangle,0000-0140,noise_sampled_s_1_m_08000_a_02000_d_03000_l_01000_p_00900,40.0,40.0,4.0,4.0,140,80.21409131831524,triangle-1-4,229,0.9
3779,triangle,0000-0144,noise_sampled_s_1_m_08000_a_02000_d_03000_l_01000_p_00900,40.0,40.0,6.0,5.0,144,80.21409131831524,triangle-1-4,230,0.9
3780,triangle,0000-0148,noise_sampled_s_1_m_08000_a_02000_d_03000_l_01000_p_00900,40.0,40.0,1.0,0.0,148,80.21409131831524,triangle-1-4,231,0.9
3781,triangle,0000-0152,noise_sampled_s_1_m_08000_a_02000_d_03000_l_01000_p_00900,40.0,40.0,6.0,5.0,152,80.21409131831524,triangle-1-4,232,0.9
3782,triangle,0000-0156,noise_sampled_s_1_m_08000_a_02000_d_03000_l_01000_p_00900,40.0,40.0,6.0,5.0,156,80.21409131831524,triangle-1-4,233,0.9
3783,triangle,0000-0004,noise_sampled_s_1_m_08000_a_02000_d_03000_l_01000_p_00900,40.0,40.0,3.0,6.0,4,0.0,triangle-0-0,195,0.9
3784,triangle,0000-0008,noise_sampled_s_1_m_08000_a_02000_d_03000_l_01000_p_00900,40.0,40.0,4.0,4.0,8,0.0,triangle-0-0,196,0.9
3785,triangle,0000-0012,noise_sampled_s_1_m_08000_a_02000_d_03000_l_01000_p_00900,40.0,40.0,4.0,4.0,12,0.0,triangle-0-0,197,0.9
3786,triangle,0000-0016,noise_sampled_s_1_m_08000_a_02000_d_03000_l_01000_p_00900,40.0,40.0,3.0,6.0,16,0.0,triangle-0-0,198,0.9
3787,triangle,0000-0020,noise_sampled_s_1_m_08000_a_02000_d_03000_l_01000_p_00900,40.0,40.0,4.0,5.0,20,0.0,triangle-0-0,199,0.9
3788,triangle,0000-0024,noise_sampled_s_1_m_08000_a_02000_d_03000_l_01000_p_00900,40.0,40.0,3.0,2.0,24,0.0,triangle-0-0,200,0.9
3789,triangle,0000-0028,noise_sampled_s_1_m_08000_a_02000_d_03000_l_01000_p_00900,40.0,40.0,4.0,6.0,28,0.0,triangle-0-0,201,0.9
3790,triangle,0000-0032,noise_sampled_s_1_m_08000_a_02000_d_03000_l_01000_p_00900,40.0,40.0,4.0,4.0,32,0.0,triangle-0-0,202,0.9
3791,triangle,0000-0036,noise_sampled_s_1_m_08000_a_02000_d_03000_l_01000_p_00900,40.0,40.0,3.0,6.0,36,0.0,triangle-0-0,203,0.9
3792,triangle,0000-0040,noise_sampled_s_1_m_08000_a_02000_d_03000_l_01000_p_00900,40.0,40.0,4.0,4.0,40,0.0,triangle-0-0,204,0.9
3793,triangle,0000-0044,noise_sampled_s_1_m_08000_a_02000_d_03000_l_01000_p_00900,40.0,40.0,3.0,6.0,44,0.0,triangle-0-0,205,0.9
3794,triangle,0000-0048,noise_sampled_s_1_m_08000_a_02000_d_03000_l_01000_p_00900,40.0,40.0,4.0,4.0,48,0.0,triangle-0-0,206,0.9
3795,triangle,0000-0052,noise_sampled_s_1_m_08000_a_02000_d_03000_l_01000_p_00900,40.0,40.0,3.0,6.0,52,0.0,triangle-0-0,207,0.9
3796,triangle,0000-0056,noise_sampled_s_1_m_08000_a_02000_d_03000_l_01000_p_00900,40.0,40.0,4.0,4.0,56,0.0,triangle-0-0,208,0.9
3797,triangle,0000-0060,noise_sampled_s_1_m_08000_a_02000_d_03000_l_01000_p_00900,40.0,40.0,3.0,6.0,60,0.0,triangle-0-0,209,0.9
3798,triangle,0000-0064,noise_sampled_s_1_m_08000_a_02000_d_03000_l_01000_p_00900,40.0,40.0,4.0,4.0,64,0.0,triangle-0-0,210,0.9
3799,triangle,0000-0068,noise_sampled_s_1_m_08000_a_02000_d_03000_l_01000_p_00900,40.0,40.0,3.0,6.0,68,0.0,triangle-0-0,211,0.9
3800,triangle,0000-0072,noise_sampled_s_1_m_08000_a_02000_d_03000_l_01000_p_00900,40.0,40.0,4.0,4.0,72,0.0,triangle-0-0,212,0.9
3801,triangle,0000-0076,noise_sampled_s_1_m_08000_a_02000_d_03000_l_01000_p_00900,40.0,40.0,3.0,6.0,76,0.0,triangle-0-0,213,0.9
3802,triangle,0000-0080,noise_sampled_s_1_m_08000_a_02000_d_03000_l_01000_p_00900,40.0,40.0,4.0,4.0,80,0.0,triangle-0-0,214,0.9
3803,triangle,0000-0084,noise_sampled_s_1_m_08000_a_02000_d_03000_l_01000_p_00900,40.0,40.0,3.0,6.0,84,0.0,triangle-0-0,215,0.9
3804,triangle,0000-0088,noise_sampled_s_1_m_08000_a_02000_d_03000_l_01000_p_00900,40.0,40.0,4.0,4.0,88,0.0,triangle-0-0,216,0.9
3805,triangle,0000-0092,noise_sampled_s_1_m_08000_a_02000_d_03000_l_01000_p_00900,40.0,40.0,3.0,6.0,92,0.0,triangle-0-0,217,0.9
3806,triangle,0000-0096,noise_sampled_s_1_m_08000_a_02000_d_03000_l_01000_p_00900,40.0,40.0,4.0,4.0,96,0.0,triangle-0-0,218,0.9
3807,triangle,0000-0100,noise_sampled_s_1_m_08000_a_02000_d_03000_l_01000_p_00900,40.0,40.0,3.0,6.0,100,0.0,triangle-0-0,219,0.9
3808,triangle,0000-0104,noise_sampled_s_1_m_08000_a_02000_d_03000_l_01000_p_00900,40.0,40.0,4.0,4.0,104,0.0,triangle-0-0,220,0.9
3809,triangle,0000-0108,noise_sampled_s_1_m_08000_a_02000_d_03000_l_01000_p_00900,40.0,40.0,3.0,6.0,108,0.0,triangle-0-0,221,0.9
3810,triangle,0000-0112,noise_sampled_s_1_m_08000_a_02000_d_03000_l_01000_p_00900,40.0,40.0,4.0,4.0,112,0.0,triangle-0-0,222,0.9
3811,triangle,0000-0116,noise_sampled_s_1_m_08000_a_02000_d_03000_l_01000_p_00900,40.0,40.0,3.0,6.0,116,0.0,triangle-0-0,223,0.9
3812,triangle,0000-0120,noise_sampled_s_1_m_08000_a_02000_d_03000_l_01000_p_00900,40.0,40.0,4.0,4.0,120,0.0,triangle-0-0,224,0.9
3813,triangle,0000-0124,noise_sampled_s_1_m_08000_a_02000_d_03000_l_01000_p_00900,40.0,40.0,3.0,6.0,124,0.0,triangle-0-0,225,0.9
3814,triangle,0000-0128,noise_sampled_s_1_m_08000_a_02000_d_03000_l_01000_p_00900,40.0,40.0,4.0,4.0,128,0.0,triangle-0-0,226,0.9
3815,triangle,0000-0132,noise_sampled_s_1_m_08000_a_02000_d_03000_l_01000_p_00900,40.0,40.0,3.0,6.0,132,0.0,triangle-0-0,227,0.9
3816,triangle,0000-0136,noise_sampled_s_1_m_08000_a_02000_d_03000_l_01000_p_00900,40.0,40.0,4.0,4.0,136,0.0,triangle-0-0,228,0.9
3817,triangle,0000-0140,noise_sampled_s_1_m_08000_a_02000_d_03000_l_01000_p_00900,40.0,40.0,3.0,6.0,140,0.0,triangle-0-0,229,0.9
3818,triangle,0000-0144,noise_sampled_s_1_m_08000_a_02000_d_03000_l_01000_p_00900,40.0,40.0,4.0,4.0,144,0.0,triangle-0-0,230,0.9
3819,triangle,0000-0148,noise_sampled_s_1_m_08000_a_02000_d_03000_l_01000_p_00900,40.0,40.0,4.0,4.0,148,0.0,triangle-0-0,231,0.9
3820,triangle,0000-0152,noise_sampled_s_1_m_08000_a_02000_d_03000_l_01000_p_00900,40.0,40.0,4.0,6.0,152,0.0,triangle-0-0,232,0.9
3821,triangle,0000-0156,noise_sampled_s_1_m_08000_a_02000_d_03000_l_01000_p_00900,40.0,40.0,4.0,4.0,156,0.0,triangle-0-0,233,0.9
3822,square,0000-0004,noise_sampled_s_1_m_08000_a_02000_d_03000_l_01000_p_00900,40.0,40.0,3.0,0.0,4,68.75493541569878,square-1-2,195,0.9
3823,square,0000-0008,noise_sampled_s_1_m_08000_a_02000_d_03000_l_01000_p_00900,40.0,40.0,5.0,8.0,8,68.75493541569878,square-1-2,196,0.9
3824,square,0000-0012,noise_sampled_s_1_m_08000_a_02000_d_03000_l_01000_p_00900,40.0,40.0,3.0,0.0,12,68.75493541569878,square-1-2,197,0.9
3825,square,0000-0016,noise_sampled_s_1_m_08000_a_02000_d_03000_l_01000_p_00900,40.0,40.0,5.0,9.0,16,68.75493541569878,square-1-2,198,0.9
3826,square,0000-0020,noise_sampled_s_1_m_08000_a_02000_d_03000_l_01000_p_00900,40.0,40.0,3.0,0.0,20,68.75493541569878,square-1-2,199,0.9
3827,square,0000-0024,noise_sampled_s_1_m_08000_a_02000_d_03000_l_01000_p_00900,40.0,40.0,5.0,9.0,24,68.75493541569878,square-1-2,200,0.9
3828,square,0000-0028,noise_sampled_s_1_m_08000_a_02000_d_03000_l_01000_p_00900,40.0,40.0,4.0,0.0,28,68.75493541569878,square-1-2,201,0.9
3829,square,0000-0032,noise_sampled_s_1_m_08000_a_02000_d_03000_l_01000_p_00900,40.0,40.0,5.0,9.0,32,68.75493541569878,square-1-2,202,0.9
3830,square,0000-0036,noise_sampled_s_1_m_08000_a_02000_d_03000_l_01000_p_00900,40.0,40.0,3.0,0.0,36,68.75493541569878,square-1-2,203,0.9
3831,square,0000-0040,noise_sampled_s_1_m_08000_a_02000_d_03000_l_01000_p_00900,40.0,40.0,5.0,9.0,40,68.75493541569878,square-1-2,204,0.9
3832,square,0000-0044,noise_sampled_s_1_m_08000_a_02000_d_03000_l_01000_p_00900,40.0,40.0,3.0,0.0,44,68.75493541569878,square-1-2,205,0.9
3833,square,0000-0048,noise_sampled_s_1_m_08000_a_02000_d_03000_l_01000_p_00900,40.0,40.0,5.0,9.0,48,68.75493541569878,square-1-2,206,0.9
3834,square,0000-0052,noise_sampled_s_1_m_08000_a_02000_d_03000_l_01000_p_00900,40.0,40.0,3.0,0.0,52,68.75493541569878,square-1-2,207,0.9
3835,square,0000-0056,noise_sampled_s_1_m_08000_a_02000_d_03000_l_01000_p_00900,40.0,40.0,5.0,9.0,56,68.75493541569878,square-1-2,208,0.9
3836,square,0000-0060,noise_sampled_s_1_m_08000_a_02000_d_03000_l_01000_p_00900,40.0,40.0,3.0,0.0,60,68.75493541569878,square-1-2,209,0.9
3837,square,0000-0064,noise_sampled_s_1_m_08000_a_02000_d_03000_l_01000_p_00900,40.0,40.0,5.0,9.0,64,68.75493541569878,square-1-2,210,0.9
3838,square,0000-0068,noise_sampled_s_1_m_08000_a_02000_d_03000_l_01000_p_00900,40.0,40.0,3.0,0.0,68,68.75493541569878,square-1-2,211,0.9
3839,square,0000-0072,noise_sampled_s_1_m_08000_a_02000_d_03000_l_01000_p_00900,40.0,40.0,5.0,9.0,72,68.75493541569878,square-1-2,212,0.9
3840,square,0000-0076,noise_sampled_s_1_m_08000_a_02000_d_03000_l_01000_p_00900,40.0,40.0,3.0,0.0,76,68.75493541569878,square-1-2,213,0.9
3841,square,0000-0080,noise_sampled_s_1_m_08000_a_02000_d_03000_l_01000_p_00900,40.0,40.0,5.0,9.0,80,68.75493541569878,square-1-2,214,0.9
3842,square,0000-0084,noise_sampled_s_1_m_08000_a_02000_d_03000_l_01000_p_00900,40.0,40.0,3.0,0.0,84,68.75493541569878,square-1-2,215,0.9
3843,square,0000-0088,noise_sampled_s_1_m_08000_a_02000_d_03000_l_01000_p_00900,40.0,40.0,5.0,9.0,88,68.75493541569878,square-1-2,216,0.9
3844,square,0000-0092,noise_sampled_s_1_m_08000_a_02000_d_03000_l_01000_p_00900,40.0,40.0,3.0,0.0,92,68.75493541569878,square-1-2,217,0.9
3845,square,0000-0096,noise_sampled_s_1_m_08000_a_02000_d_03000_l_01000_p_00900,40.0,40.0,5.0,9.0,96,68.75493541569878,square-1-2,218,0.9
3846,square,0000-0100,noise_sampled_s_1_m_08000_a_02000_d_03000_l_01000_p_00900,40.0,40.0,3.0,0.0,100,68.75493541569878,square-1-2,219,0.9
3847,square,0000-0104,noise_sampled_s_1_m_08000_a_02000_d_03000_l_01000_p_00900,40.0,40.0,5.0,9.0,104,68.75493541569878,square-1-2,220,0.9
3848,square,0000-0108,noise_sampled_s_1_m_08000_a_02000_d_03000_l_01000_p_00900,40.0,40.0,3.0,0.0,108,68.75493541569878,square-1-2,221,0.9
3849,square,0000-0112,noise_sampled_s_1_m_08000_a_02000_d_03000_l_01000_p_00900,40.0,40.0,5.0,9.0,112,68.75493541569878,square-1-2,222,0.9
3850,square,0000-0116,noise_sampled_s_1_m_08000_a_02000_d_03000_l_01000_p_00900,40.0,40.0,3.0,0.0,116,68.75493541569878,square-1-2,223,0.9
3851,square,0000-0120,noise_sampled_s_1_m_08000_a_02000_d_03000_l_01000_p_00900,40.0,40.0,5.0,9.0,120,68.75493541569878,square-1-2,224,0.9
3852,square,0000-0124,noise_sampled_s_1_m_08000_a_02000_d_03000_l_01000_p_00900,40.0,40.0,3.0,0.0,124,68.75493541569878,square-1-2,225,0.9
3853,square,0000-0128,noise_sampled_s_1_m_08000_a_02000_d_03000_l_01000_p_00900,40.0,40.0,5.0,9.0,128,68.75493541569878,square-1-2,226,0.9
3854,square,0000-0132,noise_sampled_s_1_m_08000_a_02000_d_03000_l_01000_p_00900,40.0,40.0,3.0,0.0,132,68.75493541569878,square-1-2,227,0.9
3855,square,0000-0136,noise_sampled_s_1_m_08000_a_02000_d_03000_l_01000_p_00900,40.0,40.0,5.0,9.0,136,68.75493541569878,square-1-2,228,0.9
3856,square,0000-0140,noise_sampled_s_1_m_08000_a_02000_d_03000_l_01000_p_00900,40.0,40.0,3.0,0.0,140,68.75493541569878,square-1-2,229,0.9
3857,square,0000-0144,noise_sampled_s_1_m_08000_a_02000_d_03000_l_01000_p_00900,40.0,40.0,5.0,8.0,144,68.75493541569878,square-1-2,230,0.9
3858,square,0000-0148,noise_sampled_s_1_m_08000_a_02000_d_03000_l_01000_p_00900,40.0,40.0,3.0,0.0,148,68.75493541569878,square-1-2,231,0.9
3859,square,0000-0152,noise_sampled_s_1_m_08000_a_02000_d_03000_l_01000_p_00900,40.0,40.0,5.0,9.0,152,68.75493541569878,square-1-2,232,0.9
3860,square,0000-0156,noise_sampled_s_1_m_08000_a_02000_d_03000_l_01000_p_00900,40.0,40.0,3.0,0.0,156,68.75493541569878,square-1-2,233,0.9
3861,square,0000-0004,noise_sampled_s_1_m_08000_a_02000_d_03000_l_01000_p_00900,40.0,40.0,6.0,1.0,4,91.67324722093171,square-1-6,195,0.9
3862,square,0000-0008,noise_sampled_s_1_m_08000_a_02000_d_03000_l_01000_p_00900,40.0,40.0,3.0,9.0,8,91.67324722093171,square-1-6,196,0.9
3863,square,0000-0012,noise_sampled_s_1_m_08000_a_02000_d_03000_l_01000_p_00900,40.0,40.0,6.0,1.0,12,91.67324722093171,square-1-6,197,0.9
3864,square,0000-0016,noise_sampled_s_1_m_08000_a_02000_d_03000_l_01000_p_00900,40.0,40.0,3.0,8.0,16,91.67324722093171,square-1-6,198,0.9
3865,square,0000-0020,noise_sampled_s_1_m_08000_a_02000_d_03000_l_01000_p_00900,40.0,40.0,6.0,1.0,20,91.67324722093171,square-1-6,199,0.9
3866,square,0000-0024,noise_sampled_s_1_m_08000_a_02000_d_03000_l_01000_p_00900,40.0,40.0,3.0,9.0,24,91.67324722093171,square-1-6,200,0.9
3867,square,0000-0028,noise_sampled_s_1_m_08000_a_02000_d_03000_l_01000_p_00900,40.0,40.0,6.0,1.0,28,91.67324722093171,square-1-6,201,0.9
3868,square,0000-0032,noise_sampled_s_1_m_08000_a_02000_d_03000_l_01000_p_00900,40.0,40.0,3.0,9.0,32,91.67324722093171,square-1-6,202,0.9
3869,square,0000-0036,noise_sampled_s_1_m_08000_a_02000_d_03000_l_01000_p_00900,40.0,40.0,6.0,1.0,36,91.67324722093171,square-1-6,203,0.9
3870,square,0000-0040,noise_sampled_s_1_m_08000_a_02000_d_03000_l_01000_p_00900,40.0,40.0,3.0,9.0,40,91.67324722093171,square-1-6,204,0.9
3871,square,0000-0044,noise_sampled_s_1_m_08000_a_02000_d_03000_l_01000_p_00900,40.0,40.0,6.0,0.0,44,91.67324722093171,square-1-6,205,0.9
3872,square,0000-0048,noise_sampled_s_1_m_08000_a_02000_d_03000_l_01000_p_00900,40.0,40.0,4.0,9.0,48,91.67324722093171,square-1-6,206,0.9
3873,square,0000-0052,noise_sampled_s_1_m_08000_a_02000_d_03000_l_01000_p_00900,40.0,40.0,6.0,1.0,52,91.67324722093171,square-1-6,207,0.9
3874,square,0000-0056,noise_sampled_s_1_m_08000_a_02000_d_03000_l_01000_p_00900,40.0,40.0,4.0,9.0,56,91.67324722093171,square-1-6,208,0.9
3875,square,0000-0060,noise_sampled_s_1_m_08000_a_02000_d_03000_l_01000_p_00900,40.0,40.0,6.0,0.0,60,91.67324722093171,square-1-6,209,0.9
3876,square,0000-0064,noise_sampled_s_1_m_08000_a_02000_d_03000_l_01000_p_00900,40.0,40.0,4.0,9.0,64,91.67324722093171,square-1-6,210,0.9
3877,square,0000-0068,noise_sampled_s_1_m_08000_a_02000_d_03000_l_01000_p_00900,40.0,40.0,6.0,0.0,68,91.67324722093171,square-1-6,211,0.9
3878,square,0000-0072,noise_sampled_s_1_m_08000_a_02000_d_03000_l_01000_p_00900,40.0,40.0,3.0,8.0,72,91.67324722093171,square-1-6,212,0.9
3879,square,0000-0076,noise_sampled_s_1_m_08000_a_02000_d_03000_l_01000_p_00900,40.0,40.0,6.0,0.0,76,91.67324722093171,square-1-6,213,0.9
3880,square,0000-0080,noise_sampled_s_1_m_08000_a_02000_d_03000_l_01000_p_00900,40.0,40.0,3.0,8.0,80,91.67324722093171,square-1-6,214,0.9
3881,square,0000-0084,noise_sampled_s_1_m_08000_a_02000_d_03000_l_01000_p_00900,40.0,40.0,6.0,0.0,84,91.67324722093171,square-1-6,215,0.9
3882,square,0000-0088,noise_sampled_s_1_m_08000_a_02000_d_03000_l_01000_p_00900,40.0,40.0,3.0,8.0,88,91.67324722093171,square-1-6,216,0.9
3883,square,0000-0092,noise_sampled_s_1_m_08000_a_02000_d_03000_l_01000_p_00900,40.0,40.0,6.0,0.0,92,91.67324722093171,square-1-6,217,0.9
3884,square,0000-0096,noise_sampled_s_1_m_08000_a_02000_d_03000_l_01000_p_00900,40.0,40.0,4.0,9.0,96,91.67324722093171,square-1-6,218,0.9
3885,square,0000-0100,noise_sampled_s_1_m_08000_a_02000_d_03000_l_01000_p_00900,40.0,40.0,6.0,0.0,100,91.67324722093171,square-1-6,219,0.9
3886,square,0000-0104,noise_sampled_s_1_m_08000_a_02000_d_03000_l_01000_p_00900,40.0,40.0,3.0,9.0,104,91.67324722093171,square-1-6,220,0.9
3887,square,0000-0108,noise_sampled_s_1_m_08000_a_02000_d_03000_l_01000_p_00900,40.0,40.0,6.0,1.0,108,91.67324722093171,square-1-6,221,0.9
3888,square,0000-0112,noise_sampled_s_1_m_08000_a_02000_d_03000_l_01000_p_00900,40.0,40.0,3.0,9.0,112,91.67324722093171,square-1-6,222,0.9
3889,square,0000-0116,noise_sampled_s_1_m_08000_a_02000_d_03000_l_01000_p_00900,40.0,40.0,6.0,1.0,116,91.67324722093171,square-1-6,223,0.9
3890,square,0000-0120,noise_sampled_s_1_m_08000_a_02000_d_03000_l_01000_p_00900,40.0,40.0,3.0,9.0,120,91.67324722093171,square-1-6,224,0.9
3891,square,0000-0124,noise_sampled_s_1_m_08000_a_02000_d_03000_l_01000_p_00900,40.0,40.0,6.0,0.0,124,91.67324722093171,square-1-6,225,0.9
3892,square,0000-0128,noise_sampled_s_1_m_08000_a_02000_d_03000_l_01000_p_00900,40.0,40.0,4.0,9.0,128,91.67324722093171,square-1-6,226,0.9
3893,square,0000-0132,noise_sampled_s_1_m_08000_a_02000_d_03000_l_01000_p_00900,40.0,40.0,6.0,1.0,132,91.67324722093171,square-1-6,227,0.9
3894,square,0000-0136,noise_sampled_s_1_m_08000_a_02000_d_03000_l_01000_p_00900,40.0,40.0,3.0,8.0,136,91.67324722093171,square-1-6,228,0.9
3895,square,0000-0140,noise_sampled_s_1_m_08000_a_02000_d_03000_l_01000_p_00900,40.0,40.0,6.0,1.0,140,91.67324722093171,square-1-6,229,0.9
3896,square,0000-0144,noise_sampled_s_1_m_08000_a_02000_d_03000_l_01000_p_00900,40.0,40.0,3.0,9.0,144,91.67324722093171,square-1-6,230,0.9
3897,square,0000-0148,noise_sampled_s_1_m_08000_a_02000_d_03000_l_01000_p_00900,40.0,40.0,6.0,1.0,148,91.67324722093171,square-1-6,231,0.9
3898,square,0000-0152,noise_sampled_s_1_m_08000_a_02000_d_03000_l_01000_p_00900,40.0,40.0,3.0,9.0,152,91.67324722093171,square-1-6,232,0.9
3899,square,0000-0156,noise_sampled_s_1_m_08000_a_02000_d_03000_l_01000_p_00900,40.0,40.0,6.0,1.0,156,91.67324722093171,square-1-6,233,0.9
3900,triangle,0000-0004,noise_sampled_s_1_m_08000_a_02000_d_03000_l_01000_p_00900,40.0,40.0,6.0,3.0,4,45.83662361046586,triangle-0-8,195,0.9
3901,triangle,0000-0008,noise_sampled_s_1_m_08000_a_02000_d_03000_l_01000_p_00900,40.0,40.0,4.0,5.0,8,45.83662361046586,triangle-0-8,196,0.9
3902,triangle,0000-0012,noise_sampled_s_1_m_08000_a_02000_d_03000_l_01000_p_00900,40.0,40.0,6.0,4.0,12,45.83662361046586,triangle-0-8,197,0.9
3903,triangle,0000-0016,noise_sampled_s_1_m_08000_a_02000_d_03000_l_01000_p_00900,40.0,40.0,6.0,4.0,16,45.83662361046586,triangle-0-8,198,0.9
3904,triangle,0000-0020,noise_sampled_s_1_m_08000_a_02000_d_03000_l_01000_p_00900,40.0,40.0,4.0,3.0,20,45.83662361046586,triangle-0-8,199,0.9
3905,triangle,0000-0024,noise_sampled_s_1_m_08000_a_02000_d_03000_l_01000_p_00900,40.0,40.0,6.0,3.0,24,45.83662361046586,triangle-0-8,200,0.9
3906,triangle,0000-0028,noise_sampled_s_1_m_08000_a_02000_d_03000_l_01000_p_00900,40.0,40.0,4.0,5.0,28,45.83662361046586,triangle-0-8,201,0.9
3907,triangle,0000-0032,noise_sampled_s_1_m_08000_a_02000_d_03000_l_01000_p_00900,40.0,40.0,6.0,4.0,32,45.83662361046586,triangle-0-8,202,0.9
3908,triangle,0000-0036,noise_sampled_s_1_m_08000_a_02000_d_03000_l_01000_p_00900,40.0,40.0,4.0,3.0,36,45.83662361046586,triangle-0-8,203,0.9
3909,triangle,0000-0040,noise_sampled_s_1_m_08000_a_02000_d_03000_l_01000_p_00900,40.0,40.0,6.0,4.0,40,45.83662361046586,triangle-0-8,204,0.9
3910,triangle,0000-0044,noise_sampled_s_1_m_08000_a_02000_d_03000_l_01000_p_00900,40.0,40.0,4.0,3.0,44,45.83662361046586,triangle-0-8,205,0.9
3911,triangle,0000-0048,noise_sampled_s_1_m_08000_a_02000_d_03000_l_01000_p_00900,40.0,40.0,4.0,5.0,48,45.83662361046586,triangle-0-8,206,0.9
3912,triangle,0000-0052,noise_sampled_s_1_m_08000_a_02000_d_03000_l_01000_p_00900,40.0,40.0,6.0,4.0,52,45.83662361046586,triangle-0-8,207,0.9
3913,triangle,0000-0056,noise_sampled_s_1_m_08000_a_02000_d_03000_l_01000_p_00900,40.0,40.0,6.0,3.0,56,45.83662361046586,triangle-0-8,208,0.9
3914,triangle,0000-0060,noise_sampled_s_1_m_08000_a_02000_d_03000_l_01000_p_00900,40.0,40.0,4.0,5.0,60,45.83662361046586,triangle-0-8,209,0.9
3915,triangle,0000-0064,noise_sampled_s_1_m_08000_a_02000_d_03000_l_01000_p_00900,40.0,40.0,6.0,3.0,64,45.83662361046586,triangle-0-8,210,0.9
3916,triangle,0000-0068,noise_sampled_s_1_m_08000_a_02000_d_03000_l_01000_p_00900,40.0,40.0,4.0,5.0,68,45.83662361046586,triangle-0-8,211,0.9
3917,triangle,0000-0072,noise_sampled_s_1_m_08000_a_02000_d_03000_l_01000_p_00900,40.0,40.0,6.0,4.0,72,45.83662361046586,triangle-0-8,212,0.9
3918,triangle,0000-0076,noise_sampled_s_1_m_08000_a_02000_d_03000_l_01000_p_00900,40.0,40.0,6.0,3.0,76,45.83662361046586,triangle-0-8,213,0.9
3919,triangle,0000-0080,noise_sampled_s_1_m_08000_a_02000_d_03000_l_01000_p_00900,40.0,40.0,4.0,5.0,80,45.83662361046586,triangle-0-8,214,0.9
3920,triangle,0000-0084,noise_sampled_s_1_m_08000_a_02000_d_03000_l_01000_p_00900,40.0,40.0,4.0,5.0,84,45.83662361046586,triangle-0-8,215,0.9
3921,triangle,0000-0088,noise_sampled_s_1_m_08000_a_02000_d_03000_l_01000_p_00900,40.0,40.0,6.0,3.0,88,45.83662361046586,triangle-0-8,216,0.9
3922,triangle,0000-0092,noise_sampled_s_1_m_08000_a_02000_d_03000_l_01000_p_00900,40.0,40.0,6.0,4.0,92,45.83662361046586,triangle-0-8,217,0.9
3923,triangle,0000-0096,noise_sampled_s_1_m_08000_a_02000_d_03000_l_01000_p_00900,40.0,40.0,4.0,3.0,96,45.83662361046586,triangle-0-8,218,0.9
3924,triangle,0000-0100,noise_sampled_s_1_m_08000_a_02000_d_03000_l_01000_p_00900,40.0,40.0,2.0,5.0,100,45.83662361046586,triangle-0-8,219,0.9
3925,triangle,0000-0104,noise_sampled_s_1_m_08000_a_02000_d_03000_l_01000_p_00900,40.0,40.0,6.0,3.0,104,45.83662361046586,triangle-0-8,220,0.9
3926,triangle,0000-0108,noise_sampled_s_1_m_08000_a_02000_d_03000_l_01000_p_00900,40.0,40.0,4.0,5.0,108,45.83662361046586,triangle-0-8,221,0.9
3927,triangle,0000-0112,noise_sampled_s_1_m_08000_a_02000_d_03000_l_01000_p_00900,40.0,40.0,6.0,3.0,112,45.83662361046586,triangle-0-8,222,0.9
3928,triangle,0000-0116,noise_sampled_s_1_m_08000_a_02000_d_03000_l_01000_p_00900,40.0,40.0,6.0,3.0,116,45.83662361046586,triangle-0-8,223,0.9
3929,triangle,0000-0120,noise_sampled_s_1_m_08000_a_02000_d_03000_l_01000_p_00900,40.0,40.0,4.0,3.0,120,45.83662361046586,triangle-0-8,224,0.9
3930,triangle,0000-0124,noise_sampled_s_1_m_08000_a_02000_d_03000_l_01000_p_00900,40.0,40.0,6.0,3.0,124,45.83662361046586,triangle-0-8,225,0.9
3931,triangle,0000-0128,noise_sampled_s_1_m_08000_a_02000_d_03000_l_01000_p_00900,40.0,40.0,4.0,5.0,128,45.83662361046586,triangle-0-8,226,0.9
3932,triangle,0000-0132,noise_sampled_s_1_m_08000_a_02000_d_03000_l_01000_p_00900,40.0,40.0,6.0,4.0,132,45.83662361046586,triangle-0-8,227,0.9
3933,triangle,0000-0136,noise_sampled_s_1_m_08000_a_02000_d_03000_l_01000_p_00900,40.0,40.0,4.0,3.0,136,45.83662361046586,triangle-0-8,228,0.9
3934,triangle,0000-0140,noise_sampled_s_1_m_08000_a_02000_d_03000_l_01000_p_00900,40.0,40.0,4.0,5.0,140,45.83662361046586,triangle-0-8,229,0.9
3935,triangle,0000-0144,noise_sampled_s_1_m_08000_a_02000_d_03000_l_01000_p_00900,40.0,40.0,6.0,3.0,144,45.83662361046586,triangle-0-8,230,0.9
3936,triangle,0000-0148,noise_sampled_s_1_m_08000_a_02000_d_03000_l_01000_p_00900,40.0,40.0,4.0,3.0,148,45.83662361046586,triangle-0-8,231,0.9
3937,triangle,0000-0152,noise_sampled_s_1_m_08000_a_02000_d_03000_l_01000_p_00900,40.0,40.0,4.0,5.0,152,45.83662361046586,triangle-0-8,232,0.9
3938,triangle,0000-0156,noise_sampled_s_1_m_08000_a_02000_d_03000_l_01000_p_00900,40.0,40.0,6.0,3.0,156,45.83662361046586,triangle-0-8,233,0.9
3939,square,0000-0004,noise_sampled_s_1_m_08000_a_02000_d_03000_l_01000_p_00900,40.0,40.0,3.0,0.0,4,57.29577951308232,square-1-0,195,0.9
3940,square,0000-0008,noise_sampled_s_1_m_08000_a_02000_d_03000_l_01000_p_00900,40.0,40.0,6.0,8.0,8,57.29577951308232,square-1-0,196,0.9
3941,square,0000-0012,noise_sampled_s_1_m_08000_a_02000_d_03000_l_01000_p_00900,40.0,40.0,0.0,7.0,12,57.29577951308232,square-1-0,197,0.9
3942,square,0000-0016,noise_sampled_s_1_m_08000_a_02000_d_03000_l_01000_p_00900,40.0,40.0,8.0,4.0,16,57.29577951308232,square-1-0,198,0.9
3943,square,0000-0020,noise_sampled_s_1_m_08000_a_02000_d_03000_l_01000_p_00900,40.0,40.0,3.0,0.0,20,57.29577951308232,square-1-0,199,0.9
3944,square,0000-0024,noise_sampled_s_1_m_08000_a_02000_d_03000_l_01000_p_00900,40.0,40.0,6.0,8.0,24,57.29577951308232,square-1-0,200,0.9
3945,square,0000-0028,noise_sampled_s_1_m_08000_a_02000_d_03000_l_01000_p_00900,40.0,40.0,3.0,0.0,28,57.29577951308232,square-1-0,201,0.9
3946,square,0000-0032,noise_sampled_s_1_m_08000_a_02000_d_03000_l_01000_p_00900,40.0,40.0,6.0,8.0,32,57.29577951308232,square-1-0,202,0.9
3947,square,0000-0036,noise_sampled_s_1_m_08000_a_02000_d_03000_l_01000_p_00900,40.0,40.0,3.0,0.0,36,57.29577951308232,square-1-0,203,0.9
3948,square,0000-0040,noise_sampled_s_1_m_08000_a_02000_d_03000_l_01000_p_00900,40.0,40.0,6.0,8.0,40,57.29577951308232,square-1-0,204,0.9
3949,square,0000-0044,noise_sampled_s_1_m_08000_a_02000_d_03000_l_01000_p_00900,40.0,40.0,0.0,7.0,44,57.29577951308232,square-1-0,205,0.9
3950,square,0000-0048,noise_sampled_s_1_m_08000_a_02000_d_03000_l_01000_p_00900,40.0,40.0,8.0,4.0,48,57.29577951308232,square-1-0,206,0.9
3951,square,0000-0052,noise_sampled_s_1_m_08000_a_02000_d_03000_l_01000_p_00900,40.0,40.0,0.0,7.0,52,57.29577951308232,square-1-0,207,0.9
3952,square,0000-0056,noise_sampled_s_1_m_08000_a_02000_d_03000_l_01000_p_00900,40.0,40.0,8.0,4.0,56,57.29577951308232,square-1-0,208,0.9
3953,square,0000-0060,noise_sampled_s_1_m_08000_a_02000_d_03000_l_01000_p_00900,40.0,40.0,0.0,7.0,60,57.29577951308232,square-1-0,209,0.9
3954,square,0000-0064,noise_sampled_s_1_m_08000_a_02000_d_03000_l_01000_p_00900,40.0,40.0,8.0,4.0,64,57.29577951308232,square-1-0,210,0.9
3955,square,0000-0068,noise_sampled_s_1_m_08000_a_02000_d_03000_l_01000_p_00900,40.0,40.0,0.0,7.0,68,57.29577951308232,square-1-0,211,0.9
3956,square,0000-0072,noise_sampled_s_1_m_08000_a_02000_d_03000_l_01000_p_00900,40.0,40.0,9.0,4.0,72,57.29577951308232,square-1-0,212,0.9
3957,square,0000-0076,noise_sampled_s_1_m_08000_a_02000_d_03000_l_01000_p_00900,40.0,40.0,0.0,7.0,76,57.29577951308232,square-1-0,213,0.9
3958,square,0000-0080,noise_sampled_s_1_m_08000_a_02000_d_03000_l_01000_p_00900,40.0,40.0,8.0,4.0,80,57.29577951308232,square-1-0,214,0.9
3959,square,0000-0084,noise_sampled_s_1_m_08000_a_02000_d_03000_l_01000_p_00900,40.0,40.0,3.0,0.0,84,57.29577951308232,square-1-0,215,0.9
3960,square,0000-0088,noise_sampled_s_1_m_08000_a_02000_d_03000_l_01000_p_00900,40.0,40.0,5.0,8.0,88,57.29577951308232,square-1-0,216,0.9
3961,square,0000-0092,noise_sampled_s_1_m_08000_a_02000_d_03000_l_01000_p_00900,40.0,40.0,3.0,0.0,92,57.29577951308232,square-1-0,217,0.9
3962,square,0000-0096,noise_sampled_s_1_m_08000_a_02000_d_03000_l_01000_p_00900,40.0,40.0,5.0,8.0,96,57.29577951308232,square-1-0,218,0.9
3963,square,0000-0100,noise_sampled_s_1_m_08000_a_02000_d_03000_l_01000_p_00900,40.0,40.0,0.0,7.0,100,57.29577951308232,square-1-0,219,0.9
3964,square,0000-0104,noise_sampled_s_1_m_08000_a_02000_d_03000_l_01000_p_00900,40.0,40.0,9.0,4.0,104,57.29577951308232,square-1-0,220,0.9
3965,square,0000-0108,noise_sampled_s_1_m_08000_a_02000_d_03000_l_01000_p_00900,40.0,40.0,3.0,0.0,108,57.29577951308232,square-1-0,221,0.9
3966,square,0000-0112,noise_sampled_s_1_m_08000_a_02000_d_03000_l_01000_p_00900,40.0,40.0,6.0,8.0,112,57.29577951308232,square-1-0,222,0.9
3967,square,0000-0116,noise_sampled_s_1_m_08000_a_02000_d_03000_l_01000_p_00900,40.0,40.0,0.0,7.0,116,57.29577951308232,square-1-0,223,0.9
3968,square,0000-0120,noise_sampled_s_1_m_08000_a_02000_d_03000_l_01000_p_00900,40.0,40.0,9.0,4.0,120,57.29577951308232,square-1-0,224,0.9
3969,square,0000-0124,noise_sampled_s_1_m_08000_a_02000_d_03000_l_01000_p_00900,40.0,40.0,3.0,0.0,124,57.29577951308232,square-1-0,225,0.9
3970,square,0000-0128,noise_sampled_s_1_m_08000_a_02000_d_03000_l_01000_p_00900,40.0,40.0,5.0,8.0,128,57.29577951308232,square-1-0,226,0.9
3971,square,0000-0132,noise_sampled_s_1_m_08000_a_02000_d_03000_l_01000_p_00900,40.0,40.0,0.0,7.0,132,57.29577951308232,square-1-0,227,0.9
3972,square,0000-0136,noise_sampled_s_1_m_08000_a_02000_d_03000_l_01000_p_00900,40.0,40.0,9.0,4.0,136,57.29577951308232,square-1-0,228,0.9
3973,square,0000-0140,noise_sampled_s_1_m_08000_a_02000_d_03000_l_01000_p_00900,40.0,40.0,0.0,7.0,140,57.29577951308232,square-1-0,229,0.9
3974,square,0000-0144,noise_sampled_s_1_m_08000_a_02000_d_03000_l_01000_p_00900,40.0,40.0,9.0,4.0,144,57.29577951308232,square-1-0,230,0.9
3975,square,0000-0148,noise_sampled_s_1_m_08000_a_02000_d_03000_l_01000_p_00900,40.0,40.0,3.0,0.0,148,57.29577951308232,square-1-0,231,0.9
3976,square,0000-0152,noise_sampled_s_1_m_08000_a_02000_d_03000_l_01000_p_00900,40.0,40.0,6.0,8.0,152,57.29577951308232,square-1-0,232,0.9
3977,square,0000-0156,noise_sampled_s_1_m_08000_a_02000_d_03000_l_01000_p_00900,40.0,40.0,3.0,0.0,156,57.29577951308232,square-1-0,233,0.9
3978,triangle,0000-0004,noise_sampled_s_1_m_08000_a_02000_d_03000_l_01000_p_00900,40.0,40.0,6.0,3.0,4,34.37746770784939,triangle-0-6,195,0.9
3979,triangle,0000-0008,noise_sampled_s_1_m_08000_a_02000_d_03000_l_01000_p_00900,40.0,40.0,4.0,3.0,8,34.37746770784939,triangle-0-6,196,0.9
3980,triangle,0000-0012,noise_sampled_s_1_m_08000_a_02000_d_03000_l_01000_p_00900,40.0,40.0,4.0,5.0,12,34.37746770784939,triangle-0-6,197,0.9
3981,triangle,0000-0016,noise_sampled_s_1_m_08000_a_02000_d_03000_l_01000_p_00900,40.0,40.0,6.0,3.0,16,34.37746770784939,triangle-0-6,198,0.9
3982,triangle,0000-0020,noise_sampled_s_1_m_08000_a_02000_d_03000_l_01000_p_00900,40.0,40.0,4.0,3.0,20,34.37746770784939,triangle-0-6,199,0.9
3983,triangle,0000-0024,noise_sampled_s_1_m_08000_a_02000_d_03000_l_01000_p_00900,40.0,40.0,6.0,3.0,24,34.37746770784939,triangle-0-6,200,0.9
3984,triangle,0000-0028,noise_sampled_s_1_m_08000_a_02000_d_03000_l_01000_p_00900,40.0,40.0,1.0,4.0,28,34.37746770784939,triangle-0-6,201,0.9
3985,triangle,0000-0032,noise_sampled_s_1_m_08000_a_02000_d_03000_l_01000_p_00900,40.0,40.0,6.0,3.0,32,34.37746770784939,triangle-0-6,202,0.9
3986,triangle,0000-0036,noise_sampled_s_1_m_08000_a_02000_d_03000_l_01000_p_00900,40.0,40.0,4.0,3.0,36,34.37746770784939,triangle-0-6,203,0.9
3987,triangle,0000-0040,noise_sampled_s_1_m_08000_a_02000_d_03000_l_01000_p_00900,40.0,40.0,2.0,5.0,40,34.37746770784939,triangle-0-6,204,0.9
3988,triangle,0000-0044,noise_sampled_s_1_m_08000_a_02000_d_03000_l_01000_p_00900,40.0,40.0,4.0,5.0,44,34.37746770784939,triangle-0-6,205,0.9
3989,triangle,0000-0048,noise_sampled_s_1_m_08000_a_02000_d_03000_l_01000_p_00900,40.0,40.0,6.0,3.0,48,34.37746770784939,triangle-0-6,206,0.9
3990,triangle,0000-0052,noise_sampled_s_1_m_08000_a_02000_d_03000_l_01000_p_00900,40.0,40.0,4.0,3.0,52,34.37746770784939,triangle-0-6,207,0.9
3991,triangle,0000-0056,noise_sampled_s_1_m_08000_a_02000_d_03000_l_01000_p_00900,40.0,40.0,2.0,5.0,56,34.37746770784939,triangle-0-6,208,0.9
3992,triangle,0000-0060,noise_sampled_s_1_m_08000_a_02000_d_03000_l_01000_p_00900,40.0,40.0,4.0,5.0,60,34.37746770784939,triangle-0-6,209,0.9
3993,triangle,0000-0064,noise_sampled_s_1_m_08000_a_02000_d_03000_l_01000_p_00900,40.0,40.0,6.0,3.0,64,34.37746770784939,triangle-0-6,210,0.9
3994,triangle,0000-0068,noise_sampled_s_1_m_08000_a_02000_d_03000_l_01000_p_00900,40.0,40.0,4.0,3.0,68,34.37746770784939,triangle-0-6,211,0.9
3995,triangle,0000-0072,noise_sampled_s_1_m_08000_a_02000_d_03000_l_01000_p_00900,40.0,40.0,2.0,5.0,72,34.37746770784939,triangle-0-6,212,0.9
3996,triangle,0000-0076,noise_sampled_s_1_m_08000_a_02000_d_03000_l_01000_p_00900,40.0,40.0,6.0,3.0,76,34.37746770784939,triangle-0-6,213,0.9
3997,triangle,0000-0080,noise_sampled_s_1_m_08000_a_02000_d_03000_l_01000_p_00900,40.0,40.0,1.0,3.0,80,34.37746770784939,triangle-0-6,214,0.9
3998,triangle,0000-0084,noise_sampled_s_1_m_08000_a_02000_d_03000_l_01000_p_00900,40.0,40.0,4.0,5.0,84,34.37746770784939,triangle-0-6,215,0.9
3999,triangle,0000-0088,noise_sampled_s_1_m_08000_a_02000_d_03000_l_01000_p_00900,40.0,40.0,6.0,3.0,88,34.37746770784939,triangle-0-6,216,0.9
4000,triangle,0000-0092,noise_sampled_s_1_m_08000_a_02000_d_03000_l_01000_p_00900,40.0,40.0,4.0,3.0,92,34.37746770784939,triangle-0-6,217,0.9
4001,triangle,0000-0096,noise_sampled_s_1_m_08000_a_02000_d_03000_l_01000_p_00900,40.0,40.0,2.0,5.0,96,34.37746770784939,triangle-0-6,218,0.9
4002,triangle,0000-0100,noise_sampled_s_1_m_08000_a_02000_d_03000_l_01000_p_00900,40.0,40.0,4.0,5.0,100,34.37746770784939,triangle-0-6,219,0.9
4003,triangle,0000-0104,noise_sampled_s_1_m_08000_a_02000_d_03000_l_01000_p_00900,40.0,40.0,6.0,3.0,104,34.37746770784939,triangle-0-6,220,0.9
4004,triangle,0000-0108,noise_sampled_s_1_m_08000_a_02000_d_03000_l_01000_p_00900,40.0,40.0,4.0,3.0,108,34.37746770784939,triangle-0-6,221,0.9
4005,triangle,0000-0112,noise_sampled_s_1_m_08000_a_02000_d_03000_l_01000_p_00900,40.0,40.0,3.0,6.0,112,34.37746770784939,triangle-0-6,222,0.9
4006,triangle,0000-0116,noise_sampled_s_1_m_08000_a_02000_d_03000_l_01000_p_00900,40.0,40.0,4.0,5.0,116,34.37746770784939,triangle-0-6,223,0.9
4007,triangle,0000-0120,noise_sampled_s_1_m_08000_a_02000_d_03000_l_01000_p_00900,40.0,40.0,6.0,3.0,120,34.37746770784939,triangle-0-6,224,0.9
4008,triangle,0000-0124,noise_sampled_s_1_m_08000_a_02000_d_03000_l_01000_p_00900,40.0,40.0,4.0,3.0,124,34.37746770784939,triangle-0-6,225,0.9
4009,triangle,0000-0128,noise_sampled_s_1_m_08000_a_02000_d_03000_l_01000_p_00900,40.0,40.0,2.0,5.0,128,34.37746770784939,triangle-0-6,226,0.9
4010,triangle,0000-0132,noise_sampled_s_1_m_08000_a_02000_d_03000_l_01000_p_00900,40.0,40.0,4.0,5.0,132,34.37746770784939,triangle-0-6,227,0.9
4011,triangle,0000-0136,noise_sampled_s_1_m_08000_a_02000_d_03000_l_01000_p_00900,40.0,40.0,6.0,3.0,136,34.37746770784939,triangle-0-6,228,0.9
4012,triangle,0000-0140,noise_sampled_s_1_m_08000_a_02000_d_03000_l_01000_p_00900,40.0,40.0,4.0,3.0,140,34.37746770784939,triangle-0-6,229,0.9
4013,triangle,0000-0144,noise_sampled_s_1_m_08000_a_02000_d_03000_l_01000_p_00900,40.0,40.0,2.0,5.0,144,34.37746770784939,triangle-0-6,230,0.9
4014,triangle,0000-0148,noise_sampled_s_1_m_08000_a_02000_d_03000_l_01000_p_00900,40.0,40.0,6.0,3.0,148,34.37746770784939,triangle-0-6,231,0.9
4015,triangle,0000-0152,noise_sampled_s_1_m_08000_a_02000_d_03000_l_01000_p_00900,40.0,40.0,6.0,3.0,152,34.37746770784939,triangle-0-6,232,0.9
4016,triangle,0000-0156,noise_sampled_s_1_m_08000_a_02000_d_03000_l_01000_p_00900,40.0,40.0,4.0,3.0,156,34.37746770784939,triangle-0-6,233,0.9
4017,square,0000-0004,noise_sampled_s_1_m_08000_a_02000_d_03000_l_01000_p_00900,40.0,40.0,0.0,8.0,4,45.83662361046586,square-0-8,195,0.9
4018,square,0000-0008,noise_sampled_s_1_m_08000_a_02000_d_03000_l_01000_p_00900,40.0,40.0,9.0,0.0,8,45.83662361046586,square-0-8,196,0.9
4019,square,0000-0012,noise_sampled_s_1_m_08000_a_02000_d_03000_l_01000_p_00900,40.0,40.0,6.0,8.0,12,45.83662361046586,square-0-8,197,0.9
4020,square,0000-0016,noise_sampled_s_1_m_08000_a_02000_d_03000_l_01000_p_00900,40.0,40.0,9.0,2.0,16,45.83662361046586,square-0-8,198,0.9
4021,square,0000-0020,noise_sampled_s_1_m_08000_a_02000_d_03000_l_01000_p_00900,40.0,40.0,7.0,9.0,20,45.83662361046586,square-0-8,199,0.9
4022,square,0000-0024,noise_sampled_s_1_m_08000_a_02000_d_03000_l_01000_p_00900,40.0,40.0,0.0,8.0,24,45.83662361046586,square-0-8,200,0.9
4023,square,0000-0028,noise_sampled_s_1_m_08000_a_02000_d_03000_l_01000_p_00900,40.0,40.0,9.0,0.0,28,45.83662361046586,square-0-8,201,0.9
4024,square,0000-0032,noise_sampled_s_1_m_08000_a_02000_d_03000_l_01000_p_00900,40.0,40.0,6.0,8.0,32,45.83662361046586,square-0-8,202,0.9
4025,square,0000-0036,noise_sampled_s_1_m_08000_a_02000_d_03000_l_01000_p_00900,40.0,40.0,9.0,2.0,36,45.83662361046586,square-0-8,203,0.9
4026,square,0000-0040,noise_sampled_s_1_m_08000_a_02000_d_03000_l_01000_p_00900,40.0,40.0,7.0,9.0,40,45.83662361046586,square-0-8,204,0.9
4027,square,0000-0044,noise_sampled_s_1_m_08000_a_02000_d_03000_l_01000_p_00900,40.0,40.0,0.0,8.0,44,45.83662361046586,square-0-8,205,0.9
4028,square,0000-0048,noise_sampled_s_1_m_08000_a_02000_d_03000_l_01000_p_00900,40.0,40.0,9.0,0.0,48,45.83662361046586,square-0-8,206,0.9
4029,square,0000-0052,noise_sampled_s_1_m_08000_a_02000_d_03000_l_01000_p_00900,40.0,40.0,6.0,8.0,52,45.83662361046586,square-0-8,207,0.9
4030,square,0000-0056,noise_sampled_s_1_m_08000_a_02000_d_03000_l_01000_p_00900,40.0,40.0,9.0,2.0,56,45.83662361046586,square-0-8,208,0.9
4031,square,0000-0060,noise_sampled_s_1_m_08000_a_02000_d_03000_l_01000_p_00900,40.0,40.0,7.0,9.0,60,45.83662361046586,square-0-8,209,0.9
4032,square,0000-0064,noise_sampled_s_1_m_08000_a_02000_d_03000_l_01000_p_00900,40.0,40.0,0.0,8.0,64,45.83662361046586,square-0-8,210,0.9
4033,square,0000-0068,noise_sampled_s_1_m_08000_a_02000_d_03000_l_01000_p_00900,40.0,40.0,9.0,0.0,68,45.83662361046586,square-0-8,211,0.9
4034,square,0000-0072,noise_sampled_s_1_m_08000_a_02000_d_03000_l_01000_p_00900,40.0,40.0,6.0,8.0,72,45.83662361046586,square-0-8,212,0.9
4035,square,0000-0076,noise_sampled_s_1_m_08000_a_02000_d_03000_l_01000_p_00900,40.0,40.0,9.0,0.0,76,45.83662361046586,square-0-8,213,0.9
4036,square,0000-0080,noise_sampled_s_1_m_08000_a_02000_d_03000_l_01000_p_00900,40.0,40.0,6.0,8.0,80,45.83662361046586,square-0-8,214,0.9
4037,square,0000-0084,noise_sampled_s_1_m_08000_a_02000_d_03000_l_01000_p_00900,40.0,40.0,0.0,8.0,84,45.83662361046586,square-0-8,215,0.9
4038,square,0000-0088,noise_sampled_s_1_m_08000_a_02000_d_03000_l_01000_p_00900,40.0,40.0,9.0,0.0,88,45.83662361046586,square-0-8,216,0.9
4039,square,0000-0092,noise_sampled_s_1_m_08000_a_02000_d_03000_l_01000_p_00900,40.0,40.0,6.0,8.0,92,45.83662361046586,square-0-8,217,0.9
4040,square,0000-0096,noise_sampled_s_1_m_08000_a_02000_d_03000_l_01000_p_00900,40.0,40.0,9.0,2.0,96,45.83662361046586,square-0-8,218,0.9
4041,square,0000-0100,noise_sampled_s_1_m_08000_a_02000_d_03000_l_01000_p_00900,40.0,40.0,7.0,9.0,100,45.83662361046586,square-0-8,219,0.9
4042,square,0000-0104,noise_sampled_s_1_m_08000_a_02000_d_03000_l_01000_p_00900,40.0,40.0,0.0,7.0,104,45.83662361046586,square-0-8,220,0.9
4043,square,0000-0108,noise_sampled_s_1_m_08000_a_02000_d_03000_l_01000_p_00900,40.0,40.0,9.0,0.0,108,45.83662361046586,square-0-8,221,0.9
4044,square,0000-0112,noise_sampled_s_1_m_08000_a_02000_d_03000_l_01000_p_00900,40.0,40.0,6.0,8.0,112,45.83662361046586,square-0-8,222,0.9
4045,square,0000-0116,noise_sampled_s_1_m_08000_a_02000_d_03000_l_01000_p_00900,40.0,40.0,9.0,2.0,116,45.83662361046586,square-0-8,223,0.9
4046,square,0000-0120,noise_sampled_s_1_m_08000_a_02000_d_03000_l_01000_p_00900,40.0,40.0,7.0,9.0,120,45.83662361046586,square-0-8,224,0.9
4047,square,0000-0124,noise_sampled_s_1_m_08000_a_02000_d_03000_l_01000_p_00900,40.0,40.0,0.0,8.0,124,45.83662361046586,square-0-8,225,0.9
4048,square,0000-0128,noise_sampled_s_1_m_08000_a_02000_d_03000_l_01000_p_00900,40.0,40.0,9.0,0.0,128,45.83662361046586,square-0-8,226,0.9
4049,square,0000-0132,noise_sampled_s_1_m_08000_a_02000_d_03000_l_01000_p_00900,40.0,40.0,6.0,8.0,132,45.83662361046586,square-0-8,227,0.9
4050,square,0000-0136,noise_sampled_s_1_m_08000_a_02000_d_03000_l_01000_p_00900,40.0,40.0,0.0,8.0,136,45.83662361046586,square-0-8,228,0.9
4051,square,0000-0140,noise_sampled_s_1_m_08000_a_02000_d_03000_l_01000_p_00900,40.0,40.0,9.0,0.0,140,45.83662361046586,square-0-8,229,0.9
4052,square,0000-0144,noise_sampled_s_1_m_08000_a_02000_d_03000_l_01000_p_00900,40.0,40.0,6.0,8.0,144,45.83662361046586,square-0-8,230,0.9
4053,square,0000-0148,noise_sampled_s_1_m_08000_a_02000_d_03000_l_01000_p_00900,40.0,40.0,9.0,2.0,148,45.83662361046586,square-0-8,231,0.9
4054,square,0000-0152,noise_sampled_s_1_m_08000_a_02000_d_03000_l_01000_p_00900,40.0,40.0,7.0,9.0,152,45.83662361046586,square-0-8,232,0.9
4055,square,0000-0156,noise_sampled_s_1_m_08000_a_02000_d_03000_l_01000_p_00900,40.0,40.0,0.0,7.0,156,45.83662361046586,square-0-8,233,0.9
4056,triangle,0000-0004,noise_sampled_s_1_m_08000_a_02000_d_03000_l_01000_p_00900,40.0,40.0,6.0,3.0,4,22.91831180523293,triangle-0-4,195,0.9
4057,triangle,0000-0008,noise_sampled_s_1_m_08000_a_02000_d_03000_l_01000_p_00900,40.0,40.0,4.0,3.0,8,22.91831180523293,triangle-0-4,196,0.9
4058,triangle,0000-0012,noise_sampled_s_1_m_08000_a_02000_d_03000_l_01000_p_00900,40.0,40.0,4.0,5.0,12,22.91831180523293,triangle-0-4,197,0.9
4059,triangle,0000-0016,noise_sampled_s_1_m_08000_a_02000_d_03000_l_01000_p_00900,40.0,40.0,6.0,3.0,16,22.91831180523293,triangle-0-4,198,0.9
4060,triangle,0000-0020,noise_sampled_s_1_m_08000_a_02000_d_03000_l_01000_p_00900,40.0,40.0,4.0,3.0,20,22.91831180523293,triangle-0-4,199,0.9
4061,triangle,0000-0024,noise_sampled_s_1_m_08000_a_02000_d_03000_l_01000_p_00900,40.0,40.0,3.0,6.0,24,22.91831180523293,triangle-0-4,200,0.9
4062,triangle,0000-0028,noise_sampled_s_1_m_08000_a_02000_d_03000_l_01000_p_00900,40.0,40.0,4.0,5.0,28,22.91831180523293,triangle-0-4,201,0.9
4063,triangle,0000-0032,noise_sampled_s_1_m_08000_a_02000_d_03000_l_01000_p_00900,40.0,40.0,6.0,3.0,32,22.91831180523293,triangle-0-4,202,0.9
4064,triangle,0000-0036,noise_sampled_s_1_m_08000_a_02000_d_03000_l_01000_p_00900,40.0,40.0,4.0,3.0,36,22.91831180523293,triangle-0-4,203,0.9
4065,triangle,0000-0040,noise_sampled_s_1_m_08000_a_02000_d_03000_l_01000_p_00900,40.0,40.0,3.0,6.0,40,22.91831180523293,triangle-0-4,204,0.9
4066,triangle,0000-0044,noise_sampled_s_1_m_08000_a_02000_d_03000_l_01000_p_00900,40.0,40.0,4.0,5.0,44,22.91831180523293,triangle-0-4,205,0.9
4067,triangle,0000-0048,noise_sampled_s_1_m_08000_a_02000_d_03000_l_01000_p_00900,40.0,40.0,6.0,3.0,48,22.91831180523293,triangle-0-4,206,0.9
4068,triangle,0000-0052,noise_sampled_s_1_m_08000_a_02000_d_03000_l_01000_p_00900,40.0,40.0,4.0,3.0,52,22.91831180523293,triangle-0-4,207,0.9
4069,triangle,0000-0056,noise_sampled_s_1_m_08000_a_02000_d_03000_l_01000_p_00900,40.0,40.0,2.0,5.0,56,22.91831180523293,triangle-0-4,208,0.9
4070,triangle,0000-0060,noise_sampled_s_1_m_08000_a_02000_d_03000_l_01000_p_00900,40.0,40.0,4.0,5.0,60,22.91831180523293,triangle-0-4,209,0.9
4071,triangle,0000-0064,noise_sampled_s_1_m_08000_a_02000_d_03000_l_01000_p_00900,40.0,40.0,6.0,3.0,64,22.91831180523293,triangle-0-4,210,0.9
4072,triangle,0000-0068,noise_sampled_s_1_m_08000_a_02000_d_03000_l_01000_p_00900,40.0,40.0,4.0,3.0,68,22.91831180523293,triangle-0-4,211,0.9
4073,triangle,0000-0072,noise_sampled_s_1_m_08000_a_02000_d_03000_l_01000_p_00900,40.0,40.0,3.0,6.0,72,22.91831180523293,triangle-0-4,212,0.9
4074,triangle,0000-0076,noise_sampled_s_1_m_08000_a_02000_d_03000_l_01000_p_00900,40.0,40.0,6.0,3.0,76,22.91831180523293,triangle-0-4,213,0.9
4075,triangle,0000-0080,noise_sampled_s_1_m_08000_a_02000_d_03000_l_01000_p_00900,40.0,40.0,0.0,3.0,80,22.91831180523293,triangle-0-4,214,0.9
4076,triangle,0000-0084,noise_sampled_s_1_m_08000_a_02000_d_03000_l_01000_p_00900,40.0,40.0,4.0,5.0,84,22.91831180523293,triangle-0-4,215,0.9
4077,triangle,0000-0088,noise_sampled_s_1_m_08000_a_02000_d_03000_l_01000_p_00900,40.0,40.0,6.0,3.0,88,22.91831180523293,triangle-0-4,216,0.9
4078,triangle,0000-0092,noise_sampled_s_1_m_08000_a_02000_d_03000_l_01000_p_00900,40.0,40.0,4.0,3.0,92,22.91831180523293,triangle-0-4,217,0.9
4079,triangle,0000-0096,noise_sampled_s_1_m_08000_a_02000_d_03000_l_01000_p_00900,40.0,40.0,3.0,6.0,96,22.91831180523293,triangle-0-4,218,0.9
4080,triangle,0000-0100,noise_sampled_s_1_m_08000_a_02000_d_03000_l_01000_p_00900,40.0,40.0,4.0,5.0,100,22.91831180523293,triangle-0-4,219,0.9
4081,triangle,0000-0104,noise_sampled_s_1_m_08000_a_02000_d_03000_l_01000_p_00900,40.0,40.0,6.0,3.0,104,22.91831180523293,triangle-0-4,220,0.9
4082,triangle,0000-0108,noise_sampled_s_1_m_08000_a_02000_d_03000_l_01000_p_00900,40.0,40.0,4.0,3.0,108,22.91831180523293,triangle-0-4,221,0.9
4083,triangle,0000-0112,noise_sampled_s_1_m_08000_a_02000_d_03000_l_01000_p_00900,40.0,40.0,3.0,6.0,112,22.91831180523293,triangle-0-4,222,0.9
4084,triangle,0000-0116,noise_sampled_s_1_m_08000_a_02000_d_03000_l_01000_p_00900,40.0,40.0,6.0,3.0,116,22.91831180523293,triangle-0-4,223,0.9
4085,triangle,0000-0120,noise_sampled_s_1_m_08000_a_02000_d_03000_l_01000_p_00900,40.0,40.0,6.0,3.0,120,22.91831180523293,triangle-0-4,224,0.9
4086,triangle,0000-0124,noise_sampled_s_1_m_08000_a_02000_d_03000_l_01000_p_00900,40.0,40.0,4.0,3.0,124,22.91831180523293,triangle-0-4,225,0.9
4087,triangle,0000-0128,noise_sampled_s_1_m_08000_a_02000_d_03000_l_01000_p_00900,40.0,40.0,3.0,5.0,128,22.91831180523293,triangle-0-4,226,0.9
4088,triangle,0000-0132,noise_sampled_s_1_m_08000_a_02000_d_03000_l_01000_p_00900,40.0,40.0,4.0,5.0,132,22.91831180523293,triangle-0-4,227,0.9
4089,triangle,0000-0136,noise_sampled_s_1_m_08000_a_02000_d_03000_l_01000_p_00900,40.0,40.0,6.0,3.0,136,22.91831180523293,triangle-0-4,228,0.9
4090,triangle,0000-0140,noise_sampled_s_1_m_08000_a_02000_d_03000_l_01000_p_00900,40.0,40.0,4.0,3.0,140,22.91831180523293,triangle-0-4,229,0.9
4091,triangle,0000-0144,noise_sampled_s_1_m_08000_a_02000_d_03000_l_01000_p_00900,40.0,40.0,4.0,5.0,144,22.91831180523293,triangle-0-4,230,0.9
4092,triangle,0000-0148,noise_sampled_s_1_m_08000_a_02000_d_03000_l_01000_p_00900,40.0,40.0,6.0,3.0,148,22.91831180523293,triangle-0-4,231,0.9
4093,triangle,0000-0152,noise_sampled_s_1_m_08000_a_02000_d_03000_l_01000_p_00900,40.0,40.0,6.0,3.0,152,22.91831180523293,triangle-0-4,232,0.9
4094,triangle,0000-0156,noise_sampled_s_1_m_08000_a_02000_d_03000_l_01000_p_00900,40.0,40.0,4.0,3.0,156,22.91831180523293,triangle-0-4,233,0.9
4095,triangle,0000-0004,noise_sampled_s_1_m_08000_a_02000_d_03000_l_01000_p_00900,40.0,40.0,4.0,3.0,4,57.29577951308232,triangle-1-0,195,0.9
4096,triangle,0000-0008,noise_sampled_s_1_m_08000_a_02000_d_03000_l_01000_p_00900,40.0,40.0,4.0,5.0,8,57.29577951308232,triangle-1-0,196,0.9
4097,triangle,0000-0012,noise_sampled_s_1_m_08000_a_02000_d_03000_l_01000_p_00900,40.0,40.0,6.0,4.0,12,57.29577951308232,triangle-1-0,197,0.9
4098,triangle,0000-0016,noise_sampled_s_1_m_08000_a_02000_d_03000_l_01000_p_00900,40.0,40.0,4.0,3.0,16,57.29577951308232,triangle-1-0,198,0.9
4099,triangle,0000-0020,noise_sampled_s_1_m_08000_a_02000_d_03000_l_01000_p_00900,40.0,40.0,4.0,5.0,20,57.29577951308232,triangle-1-0,199,0.9
4100,triangle,0000-0024,noise_sampled_s_1_m_08000_a_02000_d_03000_l_01000_p_00900,40.0,40.0,6.0,4.0,24,57.29577951308232,triangle-1-0,200,0.9
4101,triangle,0000-0028,noise_sampled_s_1_m_08000_a_02000_d_03000_l_01000_p_00900,40.0,40.0,4.0,3.0,28,57.29577951308232,triangle-1-0,201,0.9
4102,triangle,0000-0032,noise_sampled_s_1_m_08000_a_02000_d_03000_l_01000_p_00900,40.0,40.0,6.0,4.0,32,57.29577951308232,triangle-1-0,202,0.9
4103,triangle,0000-0036,noise_sampled_s_1_m_08000_a_02000_d_03000_l_01000_p_00900,40.0,40.0,1.0,1.0,36,57.29577951308232,triangle-1-0,203,0.9
4104,triangle,0000-0040,noise_sampled_s_1_m_08000_a_02000_d_03000_l_01000_p_00900,40.0,40.0,6.0,4.0,40,57.29577951308232,triangle-1-0,204,0.9
4105,triangle,0000-0044,noise_sampled_s_1_m_08000_a_02000_d_03000_l_01000_p_00900,40.0,40.0,4.0,3.0,44,57.29577951308232,triangle-1-0,205,0.9
4106,triangle,0000-0048,noise_sampled_s_1_m_08000_a_02000_d_03000_l_01000_p_00900,40.0,40.0,4.0,5.0,48,57.29577951308232,triangle-1-0,206,0.9
4107,triangle,0000-0052,noise_sampled_s_1_m_08000_a_02000_d_03000_l_01000_p_00900,40.0,40.0,4.0,3.0,52,57.29577951308232,triangle-1-0,207,0.9
4108,triangle,0000-0056,noise_sampled_s_1_m_08000_a_02000_d_03000_l_01000_p_00900,40.0,40.0,6.0,4.0,56,57.29577951308232,triangle-1-0,208,0.9
4109,triangle,0000-0060,noise_sampled_s_1_m_08000_a_02000_d_03000_l_01000_p_00900,40.0,40.0,4.0,3.0,60,57.29577951308232,triangle-1-0,209,0.9
4110,triangle,0000-0064,noise_sampled_s_1_m_08000_a_02000_d_03000_l_01000_p_00900,40.0,40.0,4.0,5.0,64,57.29577951308232,triangle-1-0,210,0.9
4111,triangle,0000-0068,noise_sampled_s_1_m_08000_a_02000_d_03000_l_01000_p_00900,40.0,40.0,4.0,3.0,68,57.29577951308232,triangle-1-0,211,0.9
4112,triangle,0000-0072,noise_sampled_s_1_m_08000_a_02000_d_03000_l_01000_p_00900,40.0,40.0,6.0,4.0,72,57.29577951308232,triangle-1-0,212,0.9
4113,triangle,0000-0076,noise_sampled_s_1_m_08000_a_02000_d_03000_l_01000_p_00900,40.0,40.0,6.0,4.0,76,57.29577951308232,triangle-1-0,213,0.9
4114,triangle,0000-0080,noise_sampled_s_1_m_08000_a_02000_d_03000_l_01000_p_00900,40.0,40.0,4.0,3.0,80,57.29577951308232,triangle-1-0,214,0.9
4115,triangle,0000-0084,noise_sampled_s_1_m_08000_a_02000_d_03000_l_01000_p_00900,40.0,40.0,2.0,5.0,84,57.29577951308232,triangle-1-0,215,0.9
4116,triangle,0000-0088,noise_sampled_s_1_m_08000_a_02000_d_03000_l_01000_p_00900,40.0,40.0,6.0,4.0,88,57.29577951308232,triangle-1-0,216,0.9
4117,triangle,0000-0092,noise_sampled_s_1_m_08000_a_02000_d_03000_l_01000_p_00900,40.0,40.0,4.0,3.0,92,57.29577951308232,triangle-1-0,217,0.9
4118,triangle,0000-0096,noise_sampled_s_1_m_08000_a_02000_d_03000_l_01000_p_00900,40.0,40.0,4.0,5.0,96,57.29577951308232,triangle-1-0,218,0.9
4119,triangle,0000-0100,noise_sampled_s_1_m_08000_a_02000_d_03000_l_01000_p_00900,40.0,40.0,6.0,4.0,100,57.29577951308232,triangle-1-0,219,0.9
4120,triangle,0000-0104,noise_sampled_s_1_m_08000_a_02000_d_03000_l_01000_p_00900,40.0,40.0,4.0,3.0,104,57.29577951308232,triangle-1-0,220,0.9
4121,triangle,0000-0108,noise_sampled_s_1_m_08000_a_02000_d_03000_l_01000_p_00900,40.0,40.0,6.0,4.0,108,57.29577951308232,triangle-1-0,221,0.9
4122,triangle,0000-0112,noise_sampled_s_1_m_08000_a_02000_d_03000_l_01000_p_00900,40.0,40.0,4.0,3.0,112,57.29577951308232,triangle-1-0,222,0.9
4123,triangle,0000-0116,noise_sampled_s_1_m_08000_a_02000_d_03000_l_01000_p_00900,40.0,40.0,6.0,4.0,116,57.29577951308232,triangle-1-0,223,0.9
4124,triangle,0000-0120,noise_sampled_s_1_m_08000_a_02000_d_03000_l_01000_p_00900,40.0,40.0,6.0,4.0,120,57.29577951308232,triangle-1-0,224,0.9
4125,triangle,0000-0124,noise_sampled_s_1_m_08000_a_02000_d_03000_l_01000_p_00900,40.0,40.0,6.0,4.0,124,57.29577951308232,triangle-1-0,225,0.9
4126,triangle,0000-0128,noise_sampled_s_1_m_08000_a_02000_d_03000_l_01000_p_00900,40.0,40.0,1.0,1.0,128,57.29577951308232,triangle-1-0,226,0.9
4127,triangle,0000-0132,noise_sampled_s_1_m_08000_a_02000_d_03000_l_01000_p_00900,40.0,40.0,6.0,4.0,132,57.29577951308232,triangle-1-0,227,0.9
4128,triangle,0000-0136,noise_sampled_s_1_m_08000_a_02000_d_03000_l_01000_p_00900,40.0,40.0,4.0,3.0,136,57.29577951308232,triangle-1-0,228,0.9
4129,triangle,0000-0140,noise_sampled_s_1_m_08000_a_02000_d_03000_l_01000_p_00900,40.0,40.0,6.0,4.0,140,57.29577951308232,triangle-1-0,229,0.9
4130,triangle,0000-0144,noise_sampled_s_1_m_08000_a_02000_d_03000_l_01000_p_00900,40.0,40.0,4.0,3.0,144,57.29577951308232,triangle-1-0,230,0.9
4131,triangle,0000-0148,noise_sampled_s_1_m_08000_a_02000_d_03000_l_01000_p_00900,40.0,40.0,6.0,4.0,148,57.29577951308232,triangle-1-0,231,0.9
4132,triangle,0000-0152,noise_sampled_s_1_m_08000_a_02000_d_03000_l_01000_p_00900,40.0,40.0,6.0,4.0,152,57.29577951308232,triangle-1-0,232,0.9
4133,triangle,0000-0156,noise_sampled_s_1_m_08000_a_02000_d_03000_l_01000_p_00900,40.0,40.0,4.0,3.0,156,57.29577951308232,triangle-1-0,233,0.9
4134,square,0000-0004,noise_sampled_s_1_m_08000_a_02000_d_03000_l_01000_p_00900,40.0,40.0,4.0,1.0,4,80.21409131831524,square-1-4,195,0.9
4135,square,0000-0008,noise_sampled_s_1_m_08000_a_02000_d_03000_l_01000_p_00900,40.0,40.0,4.0,9.0,8,80.21409131831524,square-1-4,196,0.9
4136,square,0000-0012,noise_sampled_s_1_m_08000_a_02000_d_03000_l_01000_p_00900,40.0,40.0,4.0,1.0,12,80.21409131831524,square-1-4,197,0.9
4137,square,0000-0016,noise_sampled_s_1_m_08000_a_02000_d_03000_l_01000_p_00900,40.0,40.0,4.0,9.0,16,80.21409131831524,square-1-4,198,0.9
4138,square,0000-0020,noise_sampled_s_1_m_08000_a_02000_d_03000_l_01000_p_00900,40.0,40.0,5.0,0.0,20,80.21409131831524,square-1-4,199,0.9
4139,square,0000-0024,noise_sampled_s_1_m_08000_a_02000_d_03000_l_01000_p_00900,40.0,40.0,4.0,9.0,24,80.21409131831524,square-1-4,200,0.9
4140,square,0000-0028,noise_sampled_s_1_m_08000_a_02000_d_03000_l_01000_p_00900,40.0,40.0,5.0,0.0,28,80.21409131831524,square-1-4,201,0.9
4141,square,0000-0032,noise_sampled_s_1_m_08000_a_02000_d_03000_l_01000_p_00900,40.0,40.0,4.0,9.0,32,80.21409131831524,square-1-4,202,0.9
4142,square,0000-0036,noise_sampled_s_1_m_08000_a_02000_d_03000_l_01000_p_00900,40.0,40.0,4.0,1.0,36,80.21409131831524,square-1-4,203,0.9
4143,square,0000-0040,noise_sampled_s_1_m_08000_a_02000_d_03000_l_01000_p_00900,40.0,40.0,4.0,9.0,40,80.21409131831524,square-1-4,204,0.9
4144,square,0000-0044,noise_sampled_s_1_m_08000_a_02000_d_03000_l_01000_p_00900,40.0,40.0,4.0,1.0,44,80.21409131831524,square-1-4,205,0.9
4145,square,0000-0048,noise_sampled_s_1_m_08000_a_02000_d_03000_l_01000_p_00900,40.0,40.0,4.0,9.0,48,80.21409131831524,square-1-4,206,0.9
4146,square,0000-0052,noise_sampled_s_1_m_08000_a_02000_d_03000_l_01000_p_00900,40.0,40.0,4.0,0.0,52,80.21409131831524,square-1-4,207,0.9
4147,square,0000-0056,noise_sampled_s_1_m_08000_a_02000_d_03000_l_01000_p_00900,40.0,40.0,4.0,9.0,56,80.21409131831524,square-1-4,208,0.9
4148,square,0000-0060,noise_sampled_s_1_m_08000_a_02000_d_03000_l_01000_p_00900,40.0,40.0,4.0,0.0,60,80.21409131831524,square-1-4,209,0.9
4149,square,0000-0064,noise_sampled_s_1_m_08000_a_02000_d_03000_l_01000_p_00900,40.0,40.0,4.0,9.0,64,80.21409131831524,square-1-4,210,0.9
4150,square,0000-0068,noise_sampled_s_1_m_08000_a_02000_d_03000_l_01000_p_00900,40.0,40.0,4.0,1.0,68,80.21409131831524,square-1-4,211,0.9
4151,square,0000-0072,noise_sampled_s_1_m_08000_a_02000_d_03000_l_01000_p_00900,40.0,40.0,5.0,9.0,72,80.21409131831524,square-1-4,212,0.9
4152,square,0000-0076,noise_sampled_s_1_m_08000_a_02000_d_03000_l_01000_p_00900,40.0,40.0,4.0,1.0,76,80.21409131831524,square-1-4,213,0.9
4153,square,0000-0080,noise_sampled_s_1_m_08000_a_02000_d_03000_l_01000_p_00900,40.0,40.0,4.0,9.0,80,80.21409131831524,square-1-4,214,0.9
4154,square,0000-0084,noise_sampled_s_1_m_08000_a_02000_d_03000_l_01000_p_00900,40.0,40.0,4.0,1.0,84,80.21409131831524,square-1-4,215,0.9
4155,square,0000-0088,noise_sampled_s_1_m_08000_a_02000_d_03000_l_01000_p_00900,40.0,40.0,4.0,9.0,88,80.21409131831524,square-1-4,216,0.9
4156,square,0000-0092,noise_sampled_s_1_m_08000_a_02000_d_03000_l_01000_p_00900,40.0,40.0,4.0,1.0,92,80.21409131831524,square-1-4,217,0.9
4157,square,0000-0096,noise_sampled_s_1_m_08000_a_02000_d_03000_l_01000_p_00900,40.0,40.0,4.0,9.0,96,80.21409131831524,square-1-4,218,0.9
4158,square,0000-0100,noise_sampled_s_1_m_08000_a_02000_d_03000_l_01000_p_00900,40.0,40.0,4.0,1.0,100,80.21409131831524,square-1-4,219,0.9
4159,square,0000-0104,noise_sampled_s_1_m_08000_a_02000_d_03000_l_01000_p_00900,40.0,40.0,5.0,9.0,104,80.21409131831524,square-1-4,220,0.9
4160,square,0000-0108,noise_sampled_s_1_m_08000_a_02000_d_03000_l_01000_p_00900,40.0,40.0,4.0,1.0,108,80.21409131831524,square-1-4,221,0.9
4161,square,0000-0112,noise_sampled_s_1_m_08000_a_02000_d_03000_l_01000_p_00900,40.0,40.0,4.0,9.0,112,80.21409131831524,square-1-4,222,0.9
4162,square,0000-0116,noise_sampled_s_1_m_08000_a_02000_d_03000_l_01000_p_00900,40.0,40.0,4.0,0.0,116,80.21409131831524,square-1-4,223,0.9
4163,square,0000-0120,noise_sampled_s_1_m_08000_a_02000_d_03000_l_01000_p_00900,40.0,40.0,4.0,9.0,120,80.21409131831524,square-1-4,224,0.9
4164,square,0000-0124,noise_sampled_s_1_m_08000_a_02000_d_03000_l_01000_p_00900,40.0,40.0,4.0,1.0,124,80.21409131831524,square-1-4,225,0.9
4165,square,0000-0128,noise_sampled_s_1_m_08000_a_02000_d_03000_l_01000_p_00900,40.0,40.0,4.0,9.0,128,80.21409131831524,square-1-4,226,0.9
4166,square,0000-0132,noise_sampled_s_1_m_08000_a_02000_d_03000_l_01000_p_00900,40.0,40.0,4.0,0.0,132,80.21409131831524,square-1-4,227,0.9
4167,square,0000-0136,noise_sampled_s_1_m_08000_a_02000_d_03000_l_01000_p_00900,40.0,40.0,3.0,8.0,136,80.21409131831524,square-1-4,228,0.9
4168,square,0000-0140,noise_sampled_s_1_m_08000_a_02000_d_03000_l_01000_p_00900,40.0,40.0,4.0,0.0,140,80.21409131831524,square-1-4,229,0.9
4169,square,0000-0144,noise_sampled_s_1_m_08000_a_02000_d_03000_l_01000_p_00900,40.0,40.0,4.0,9.0,144,80.21409131831524,square-1-4,230,0.9
4170,square,0000-0148,noise_sampled_s_1_m_08000_a_02000_d_03000_l_01000_p_00900,40.0,40.0,5.0,0.0,148,80.21409131831524,square-1-4,231,0.9
4171,square,0000-0152,noise_sampled_s_1_m_08000_a_02000_d_03000_l_01000_p_00900,40.0,40.0,4.0,9.0,152,80.21409131831524,square-1-4,232,0.9
4172,square,0000-0156,noise_sampled_s_1_m_08000_a_02000_d_03000_l_01000_p_00900,40.0,40.0,5.0,0.0,156,80.21409131831524,square-1-4,233,0.9
4173,triangle,0000-0004,noise_sampled_s_1_m_08000_a_02000_d_03000_l_01000_p_00900,40.0,40.0,2.0,2.0,4,91.67324722093171,triangle-1-6,195,0.9
4174,triangle,0000-0008,noise_sampled_s_1_m_08000_a_02000_d_03000_l_01000_p_00900,40.0,40.0,6.0,5.0,8,91.67324722093171,triangle-1-6,196,0.9
4175,triangle,0000-0012,noise_sampled_s_1_m_08000_a_02000_d_03000_l_01000_p_00900,40.0,40.0,2.0,2.0,12,91.67324722093171,triangle-1-6,197,0.9
4176,triangle,0000-0016,noise_sampled_s_1_m_08000_a_02000_d_03000_l_01000_p_00900,40.0,40.0,5.0,6.0,16,91.67324722093171,triangle-1-6,198,0.9
4177,triangle,0000-0020,noise_sampled_s_1_m_08000_a_02000_d_03000_l_01000_p_00900,40.0,40.0,4.0,4.0,20,91.67324722093171,triangle-1-6,199,0.9
4178,triangle,0000-0024,noise_sampled_s_1_m_08000_a_02000_d_03000_l_01000_p_00900,40.0,40.0,6.0,5.0,24,91.67324722093171,triangle-1-6,200,0.9
4179,triangle,0000-0028,noise_sampled_s_1_m_08000_a_02000_d_03000_l_01000_p_00900,40.0,40.0,4.0,4.0,28,91.67324722093171,triangle-1-6,201,0.9
4180,triangle,0000-0032,noise_sampled_s_1_m_08000_a_02000_d_03000_l_01000_p_00900,40.0,40.0,6.0,5.0,32,91.67324722093171,triangle-1-6,202,0.9
4181,triangle,0000-0036,noise_sampled_s_1_m_08000_a_02000_d_03000_l_01000_p_00900,40.0,40.0,4.0,4.0,36,91.67324722093171,triangle-1-6,203,0.9
4182,triangle,0000-0040,noise_sampled_s_1_m_08000_a_02000_d_03000_l_01000_p_00900,40.0,40.0,6.0,5.0,40,91.67324722093171,triangle-1-6,204,0.9
4183,triangle,0000-0044,noise_sampled_s_1_m_08000_a_02000_d_03000_l_01000_p_00900,40.0,40.0,4.0,4.0,44,91.67324722093171,triangle-1-6,205,0.9
4184,triangle,0000-0048,noise_sampled_s_1_m_08000_a_02000_d_03000_l_01000_p_00900,40.0,40.0,5.0,6.0,48,91.67324722093171,triangle-1-6,206,0.9
4185,triangle,0000-0052,noise_sampled_s_1_m_08000_a_02000_d_03000_l_01000_p_00900,40.0,40.0,4.0,4.0,52,91.67324722093171,triangle-1-6,207,0.9
4186,triangle,0000-0056,noise_sampled_s_1_m_08000_a_02000_d_03000_l_01000_p_00900,40.0,40.0,5.0,6.0,56,91.67324722093171,triangle-1-6,208,0.9
4187,triangle,0000-0060,noise_sampled_s_1_m_08000_a_02000_d_03000_l_01000_p_00900,40.0,40.0,4.0,4.0,60,91.67324722093171,triangle-1-6,209,0.9
4188,triangle,0000-0064,noise_sampled_s_1_m_08000_a_02000_d_03000_l_01000_p_00900,40.0,40.0,5.0,6.0,64,91.67324722093171,triangle-1-6,210,0.9
4189,triangle,0000-0068,noise_sampled_s_1_m_08000_a_02000_d_03000_l_01000_p_00900,40.0,40.0,4.0,4.0,68,91.67324722093171,triangle-1-6,211,0.9
4190,triangle,0000-0072,noise_sampled_s_1_m_08000_a_02000_d_03000_l_01000_p_00900,40.0,40.0,5.0,6.0,72,91.67324722093171,triangle-1-6,212,0.9
4191,triangle,0000-0076,noise_sampled_s_1_m_08000_a_02000_d_03000_l_01000_p_00900,40.0,40.0,2.0,2.0,76,91.67324722093171,triangle-1-6,213,0.9
4192,triangle,0000-0080,noise_sampled_s_1_m_08000_a_02000_d_03000_l_01000_p_00900,40.0,40.0,5.0,6.0,80,91.67324722093171,triangle-1-6,214,0.9
4193,triangle,0000-0084,noise_sampled_s_1_m_08000_a_02000_d_03000_l_01000_p_00900,40.0,40.0,4.0,4.0,84,91.67324722093171,triangle-1-6,215,0.9
4194,triangle,0000-0088,noise_sampled_s_1_m_08000_a_02000_d_03000_l_01000_p_00900,40.0,40.0,5.0,6.0,88,91.67324722093171,triangle-1-6,216,0.9
4195,triangle,0000-0092,noise_sampled_s_1_m_08000_a_02000_d_03000_l_01000_p_00900,40.0,40.0,4.0,4.0,92,91.67324722093171,triangle-1-6,217,0.9
4196,triangle,0000-0096,noise_sampled_s_1_m_08000_a_02000_d_03000_l_01000_p_00900,40.0,40.0,5.0,6.0,96,91.67324722093171,triangle-1-6,218,0.9
4197,triangle,0000-0100,noise_sampled_s_1_m_08000_a_02000_d_03000_l_01000_p_00900,40.0,40.0,4.0,4.0,100,91.67324722093171,triangle-1-6,219,0.9
4198,triangle,0000-0104,noise_sampled_s_1_m_08000_a_02000_d_03000_l_01000_p_00900,40.0,40.0,6.0,5.0,104,91.67324722093171,triangle-1-6,220,0.9
4199,triangle,0000-0108,noise_sampled_s_1_m_08000_a_02000_d_03000_l_01000_p_00900,40.0,40.0,4.0,4.0,108,91.67324722093171,triangle-1-6,221,0.9
4200,triangle,0000-0112,noise_sampled_s_1_m_08000_a_02000_d_03000_l_01000_p_00900,40.0,40.0,6.0,5.0,112,91.67324722093171,triangle-1-6,222,0.9
4201,triangle,0000-0116,noise_sampled_s_1_m_08000_a_02000_d_03000_l_01000_p_00900,40.0,40.0,4.0,4.0,116,91.67324722093171,triangle-1-6,223,0.9
4202,triangle,0000-0120,noise_sampled_s_1_m_08000_a_02000_d_03000_l_01000_p_00900,40.0,40.0,6.0,5.0,120,91.67324722093171,triangle-1-6,224,0.9
4203,triangle,0000-0124,noise_sampled_s_1_m_08000_a_02000_d_03000_l_01000_p_00900,40.0,40.0,2.0,2.0,124,91.67324722093171,triangle-1-6,225,0.9
4204,triangle,0000-0128,noise_sampled_s_1_m_08000_a_02000_d_03000_l_01000_p_00900,40.0,40.0,5.0,6.0,128,91.67324722093171,triangle-1-6,226,0.9
4205,triangle,0000-0132,noise_sampled_s_1_m_08000_a_02000_d_03000_l_01000_p_00900,40.0,40.0,4.0,4.0,132,91.67324722093171,triangle-1-6,227,0.9
4206,triangle,0000-0136,noise_sampled_s_1_m_08000_a_02000_d_03000_l_01000_p_00900,40.0,40.0,5.0,6.0,136,91.67324722093171,triangle-1-6,228,0.9
4207,triangle,0000-0140,noise_sampled_s_1_m_08000_a_02000_d_03000_l_01000_p_00900,40.0,40.0,4.0,4.0,140,91.67324722093171,triangle-1-6,229,0.9
4208,triangle,0000-0144,noise_sampled_s_1_m_08000_a_02000_d_03000_l_01000_p_00900,40.0,40.0,6.0,5.0,144,91.67324722093171,triangle-1-6,230,0.9
4209,triangle,0000-0148,noise_sampled_s_1_m_08000_a_02000_d_03000_l_01000_p_00900,40.0,40.0,4.0,4.0,148,91.67324722093171,triangle-1-6,231,0.9
4210,triangle,0000-0152,noise_sampled_s_1_m_08000_a_02000_d_03000_l_01000_p_00900,40.0,40.0,6.0,5.0,152,91.67324722093171,triangle-1-6,232,0.9
4211,triangle,0000-0156,noise_sampled_s_1_m_08000_a_02000_d_03000_l_01000_p_00900,40.0,40.0,4.0,4.0,156,91.67324722093171,triangle-1-6,233,0.9
4212,square,0000-0004,noise_sampled_s_1_m_08000_a_02000_d_03000_l_01000_p_00990,40.0,40.0,9.0,2.0,4,11.459155902616464,square-0-2,234,0.99
4213,square,0000-0008,noise_sampled_s_1_m_08000_a_02000_d_03000_l_01000_p_00990,40.0,40.0,0.0,8.0,8,11.459155902616464,square-0-2,235,0.99
4214,square,0000-0012,noise_sampled_s_1_m_08000_a_02000_d_03000_l_01000_p_00990,40.0,40.0,7.0,4.0,12,11.459155902616464,square-0-2,236,0.99
4215,square,0000-0016,noise_sampled_s_1_m_08000_a_02000_d_03000_l_01000_p_00990,40.0,40.0,0.0,8.0,16,11.459155902616464,square-0-2,237,0.99
4216,square,0000-0020,noise_sampled_s_1_m_08000_a_02000_d_03000_l_01000_p_00990,40.0,40.0,7.0,4.0,20,11.459155902616464,square-0-2,238,0.99
4217,square,0000-0024,noise_sampled_s_1_m_08000_a_02000_d_03000_l_01000_p_00990,40.0,40.0,0.0,8.0,24,11.459155902616464,square-0-2,239,0.99
4218,square,0000-0028,noise_sampled_s_1_m_08000_a_02000_d_03000_l_01000_p_00990,40.0,40.0,7.0,4.0,28,11.459155902616464,square-0-2,240,0.99
4219,square,0000-0032,noise_sampled_s_1_m_08000_a_02000_d_03000_l_01000_p_00990,40.0,40.0,0.0,8.0,32,11.459155902616464,square-0-2,241,0.99
4220,square,0000-0036,noise_sampled_s_1_m_08000_a_02000_d_03000_l_01000_p_00990,40.0,40.0,7.0,4.0,36,11.459155902616464,square-0-2,242,0.99
4221,square,0000-0040,noise_sampled_s_1_m_08000_a_02000_d_03000_l_01000_p_00990,40.0,40.0,0.0,8.0,40,11.459155902616464,square-0-2,243,0.99
4222,square,0000-0044,noise_sampled_s_1_m_08000_a_02000_d_03000_l_01000_p_00990,40.0,40.0,7.0,4.0,44,11.459155902616464,square-0-2,244,0.99
4223,square,0000-0048,noise_sampled_s_1_m_08000_a_02000_d_03000_l_01000_p_00990,40.0,40.0,0.0,8.0,48,11.459155902616464,square-0-2,245,0.99
4224,square,0000-0052,noise_sampled_s_1_m_08000_a_02000_d_03000_l_01000_p_00990,40.0,40.0,7.0,4.0,52,11.459155902616464,square-0-2,246,0.99
4225,square,0000-0056,noise_sampled_s_1_m_08000_a_02000_d_03000_l_01000_p_00990,40.0,40.0,0.0,8.0,56,11.459155902616464,square-0-2,247,0.99
4226,square,0000-0060,noise_sampled_s_1_m_08000_a_02000_d_03000_l_01000_p_00990,40.0,40.0,7.0,4.0,60,11.459155902616464,square-0-2,248,0.99
4227,square,0000-0064,noise_sampled_s_1_m_08000_a_02000_d_03000_l_01000_p_00990,40.0,40.0,0.0,8.0,64,11.459155902616464,square-0-2,249,0.99
4228,square,0000-0068,noise_sampled_s_1_m_08000_a_02000_d_03000_l_01000_p_00990,40.0,40.0,7.0,4.0,68,11.459155902616464,square-0-2,250,0.99
4229,square,0000-0072,noise_sampled_s_1_m_08000_a_02000_d_03000_l_01000_p_00990,40.0,40.0,0.0,8.0,72,11.459155902616464,square-0-2,251,0.99
4230,square,0000-0076,noise_sampled_s_1_m_08000_a_02000_d_03000_l_01000_p_00990,40.0,40.0,7.0,4.0,76,11.459155902616464,square-0-2,252,0.99
4231,square,0000-0080,noise_sampled_s_1_m_08000_a_02000_d_03000_l_01000_p_00990,40.0,40.0,0.0,8.0,80,11.459155902616464,square-0-2,253,0.99
4232,square,0000-0084,noise_sampled_s_1_m_08000_a_02000_d_03000_l_01000_p_00990,40.0,40.0,7.0,4.0,84,11.459155902616464,square-0-2,254,0.99
4233,square,0000-0088,noise_sampled_s_1_m_08000_a_02000_d_03000_l_01000_p_00990,40.0,40.0,0.0,8.0,88,11.459155902616464,square-0-2,255,0.99
4234,square,0000-0092,noise_sampled_s_1_m_08000_a_02000_d_03000_l_01000_p_00990,40.0,40.0,7.0,4.0,92,11.459155902616464,square-0-2,256,0.99
4235,square,0000-0096,noise_sampled_s_1_m_08000_a_02000_d_03000_l_01000_p_00990,40.0,40.0,0.0,8.0,96,11.459155902616464,square-0-2,257,0.99
4236,square,0000-0100,noise_sampled_s_1_m_08000_a_02000_d_03000_l_01000_p_00990,40.0,40.0,7.0,4.0,100,11.459155902616464,square-0-2,258,0.99
4237,square,0000-0104,noise_sampled_s_1_m_08000_a_02000_d_03000_l_01000_p_00990,40.0,40.0,0.0,8.0,104,11.459155902616464,square-0-2,259,0.99
4238,square,0000-0108,noise_sampled_s_1_m_08000_a_02000_d_03000_l_01000_p_00990,40.0,40.0,7.0,4.0,108,11.459155902616464,square-0-2,260,0.99
4239,square,0000-0112,noise_sampled_s_1_m_08000_a_02000_d_03000_l_01000_p_00990,40.0,40.0,0.0,8.0,112,11.459155902616464,square-0-2,261,0.99
4240,square,0000-0116,noise_sampled_s_1_m_08000_a_02000_d_03000_l_01000_p_00990,40.0,40.0,7.0,4.0,116,11.459155902616464,square-0-2,262,0.99
4241,square,0000-0120,noise_sampled_s_1_m_08000_a_02000_d_03000_l_01000_p_00990,40.0,40.0,0.0,8.0,120,11.459155902616464,square-0-2,263,0.99
4242,square,0000-0124,noise_sampled_s_1_m_08000_a_02000_d_03000_l_01000_p_00990,40.0,40.0,7.0,4.0,124,11.459155902616464,square-0-2,264,0.99
4243,square,0000-0128,noise_sampled_s_1_m_08000_a_02000_d_03000_l_01000_p_00990,40.0,40.0,0.0,8.0,128,11.459155902616464,square-0-2,265,0.99
4244,square,0000-0132,noise_sampled_s_1_m_08000_a_02000_d_03000_l_01000_p_00990,40.0,40.0,7.0,4.0,132,11.459155902616464,square-0-2,266,0.99
4245,square,0000-0136,noise_sampled_s_1_m_08000_a_02000_d_03000_l_01000_p_00990,40.0,40.0,0.0,8.0,136,11.459155902616464,square-0-2,267,0.99
4246,square,0000-0140,noise_sampled_s_1_m_08000_a_02000_d_03000_l_01000_p_00990,40.0,40.0,7.0,4.0,140,11.459155902616464,square-0-2,268,0.99
4247,square,0000-0144,noise_sampled_s_1_m_08000_a_02000_d_03000_l_01000_p_00990,40.0,40.0,0.0,8.0,144,11.459155902616464,square-0-2,269,0.99
4248,square,0000-0148,noise_sampled_s_1_m_08000_a_02000_d_03000_l_01000_p_00990,40.0,40.0,7.0,4.0,148,11.459155902616464,square-0-2,270,0.99
4249,square,0000-0152,noise_sampled_s_1_m_08000_a_02000_d_03000_l_01000_p_00990,40.0,40.0,0.0,8.0,152,11.459155902616464,square-0-2,271,0.99
4250,square,0000-0156,noise_sampled_s_1_m_08000_a_02000_d_03000_l_01000_p_00990,40.0,40.0,7.0,4.0,156,11.459155902616464,square-0-2,272,0.99
4251,triangle,0000-0004,noise_sampled_s_1_m_08000_a_02000_d_03000_l_01000_p_00990,40.0,40.0,4.0,4.0,4,11.459155902616464,triangle-0-2,234,0.99
4252,triangle,0000-0008,noise_sampled_s_1_m_08000_a_02000_d_03000_l_01000_p_00990,40.0,40.0,5.0,6.0,8,11.459155902616464,triangle-0-2,235,0.99
4253,triangle,0000-0012,noise_sampled_s_1_m_08000_a_02000_d_03000_l_01000_p_00990,40.0,40.0,4.0,4.0,12,11.459155902616464,triangle-0-2,236,0.99
4254,triangle,0000-0016,noise_sampled_s_1_m_08000_a_02000_d_03000_l_01000_p_00990,40.0,40.0,5.0,6.0,16,11.459155902616464,triangle-0-2,237,0.99
4255,triangle,0000-0020,noise_sampled_s_1_m_08000_a_02000_d_03000_l_01000_p_00990,40.0,40.0,0.0,2.0,20,11.459155902616464,triangle-0-2,238,0.99
4256,triangle,0000-0024,noise_sampled_s_1_m_08000_a_02000_d_03000_l_01000_p_00990,40.0,40.0,5.0,6.0,24,11.459155902616464,triangle-0-2,239,0.99
4257,triangle,0000-0028,noise_sampled_s_1_m_08000_a_02000_d_03000_l_01000_p_00990,40.0,40.0,0.0,2.0,28,11.459155902616464,triangle-0-2,240,0.99
4258,triangle,0000-0032,noise_sampled_s_1_m_08000_a_02000_d_03000_l_01000_p_00990,40.0,40.0,5.0,6.0,32,11.459155902616464,triangle-0-2,241,0.99
4259,triangle,0000-0036,noise_sampled_s_1_m_08000_a_02000_d_03000_l_01000_p_00990,40.0,40.0,0.0,2.0,36,11.459155902616464,triangle-0-2,242,0.99
4260,triangle,0000-0040,noise_sampled_s_1_m_08000_a_02000_d_03000_l_01000_p_00990,40.0,40.0,5.0,6.0,40,11.459155902616464,triangle-0-2,243,0.99
4261,triangle,0000-0044,noise_sampled_s_1_m_08000_a_02000_d_03000_l_01000_p_00990,40.0,40.0,0.0,2.0,44,11.459155902616464,triangle-0-2,244,0.99
4262,triangle,0000-0048,noise_sampled_s_1_m_08000_a_02000_d_03000_l_01000_p_00990,40.0,40.0,5.0,6.0,48,11.459155902616464,triangle-0-2,245,0.99
4263,triangle,0000-0052,noise_sampled_s_1_m_08000_a_02000_d_03000_l_01000_p_00990,40.0,40.0,1.0,2.0,52,11.459155902616464,triangle-0-2,246,0.99
4264,triangle,0000-0056,noise_sampled_s_1_m_08000_a_02000_d_03000_l_01000_p_00990,40.0,40.0,5.0,6.0,56,11.459155902616464,triangle-0-2,247,0.99
4265,triangle,0000-0060,noise_sampled_s_1_m_08000_a_02000_d_03000_l_01000_p_00990,40.0,40.0,4.0,4.0,60,11.459155902616464,triangle-0-2,248,0.99
4266,triangle,0000-0064,noise_sampled_s_1_m_08000_a_02000_d_03000_l_01000_p_00990,40.0,40.0,5.0,6.0,64,11.459155902616464,triangle-0-2,249,0.99
4267,triangle,0000-0068,noise_sampled_s_1_m_08000_a_02000_d_03000_l_01000_p_00990,40.0,40.0,0.0,2.0,68,11.459155902616464,triangle-0-2,250,0.99
4268,triangle,0000-0072,noise_sampled_s_1_m_08000_a_02000_d_03000_l_01000_p_00990,40.0,40.0,5.0,6.0,72,11.459155902616464,triangle-0-2,251,0.99
4269,triangle,0000-0076,noise_sampled_s_1_m_08000_a_02000_d_03000_l_01000_p_00990,40.0,40.0,4.0,4.0,76,11.459155902616464,triangle-0-2,252,0.99
4270,triangle,0000-0080,noise_sampled_s_1_m_08000_a_02000_d_03000_l_01000_p_00990,40.0,40.0,5.0,6.0,80,11.459155902616464,triangle-0-2,253,0.99
4271,triangle,0000-0084,noise_sampled_s_1_m_08000_a_02000_d_03000_l_01000_p_00990,40.0,40.0,0.0,2.0,84,11.459155902616464,triangle-0-2,254,0.99
4272,triangle,0000-0088,noise_sampled_s_1_m_08000_a_02000_d_03000_l_01000_p_00990,40.0,40.0,5.0,6.0,88,11.459155902616464,triangle-0-2,255,0.99
4273,triangle,0000-0092,noise_sampled_s_1_m_08000_a_02000_d_03000_l_01000_p_00990,40.0,40.0,0.0,2.0,92,11.459155902616464,triangle-0-2,256,0.99
4274,triangle,0000-0096,noise_sampled_s_1_m_08000_a_02000_d_03000_l_01000_p_00990,40.0,40.0,5.0,6.0,96,11.459155902616464,triangle-0-2,257,0.99
4275,triangle,0000-0100,noise_sampled_s_1_m_08000_a_02000_d_03000_l_01000_p_00990,40.0,40.0,4.0,4.0,100,11.459155902616464,triangle-0-2,258,0.99
4276,triangle,0000-0104,noise_sampled_s_1_m_08000_a_02000_d_03000_l_01000_p_00990,40.0,40.0,5.0,6.0,104,11.459155902616464,triangle-0-2,259,0.99
4277,triangle,0000-0108,noise_sampled_s_1_m_08000_a_02000_d_03000_l_01000_p_00990,40.0,40.0,1.0,2.0,108,11.459155902616464,triangle-0-2,260,0.99
4278,triangle,0000-0112,noise_sampled_s_1_m_08000_a_02000_d_03000_l_01000_p_00990,40.0,40.0,5.0,6.0,112,11.459155902616464,triangle-0-2,261,0.99
4279,triangle,0000-0116,noise_sampled_s_1_m_08000_a_02000_d_03000_l_01000_p_00990,40.0,40.0,4.0,4.0,116,11.459155902616464,triangle-0-2,262,0.99
4280,triangle,0000-0120,noise_sampled_s_1_m_08000_a_02000_d_03000_l_01000_p_00990,40.0,40.0,5.0,6.0,120,11.459155902616464,triangle-0-2,263,0.99
4281,triangle,0000-0124,noise_sampled_s_1_m_08000_a_02000_d_03000_l_01000_p_00990,40.0,40.0,4.0,4.0,124,11.459155902616464,triangle-0-2,264,0.99
4282,triangle,0000-0128,noise_sampled_s_1_m_08000_a_02000_d_03000_l_01000_p_00990,40.0,40.0,5.0,6.0,128,11.459155902616464,triangle-0-2,265,0.99
4283,triangle,0000-0132,noise_sampled_s_1_m_08000_a_02000_d_03000_l_01000_p_00990,40.0,40.0,1.0,2.0,132,11.459155902616464,triangle-0-2,266,0.99
4284,triangle,0000-0136,noise_sampled_s_1_m_08000_a_02000_d_03000_l_01000_p_00990,40.0,40.0,5.0,6.0,136,11.459155902616464,triangle-0-2,267,0.99
4285,triangle,0000-0140,noise_sampled_s_1_m_08000_a_02000_d_03000_l_01000_p_00990,40.0,40.0,1.0,2.0,140,11.459155902616464,triangle-0-2,268,0.99
4286,triangle,0000-0144,noise_sampled_s_1_m_08000_a_02000_d_03000_l_01000_p_00990,40.0,40.0,5.0,6.0,144,11.459155902616464,triangle-0-2,269,0.99
4287,triangle,0000-0148,noise_sampled_s_1_m_08000_a_02000_d_03000_l_01000_p_00990,40.0,40.0,4.0,4.0,148,11.459155902616464,triangle-0-2,270,0.99
4288,triangle,0000-0152,noise_sampled_s_1_m_08000_a_02000_d_03000_l_01000_p_00990,40.0,40.0,5.0,6.0,152,11.459155902616464,triangle-0-2,271,0.99
4289,triangle,0000-0156,noise_sampled_s_1_m_08000_a_02000_d_03000_l_01000_p_00990,40.0,40.0,0.0,2.0,156,11.459155902616464,triangle-0-2,272,0.99
4290,square,0000-0004,noise_sampled_s_1_m_08000_a_02000_d_03000_l_01000_p_00990,40.0,40.0,7.0,3.0,4,22.91831180523293,square-0-4,234,0.99
4291,square,0000-0008,noise_sampled_s_1_m_08000_a_02000_d_03000_l_01000_p_00990,40.0,40.0,1.0,9.0,8,22.91831180523293,square-0-4,235,0.99
4292,square,0000-0012,noise_sampled_s_1_m_08000_a_02000_d_03000_l_01000_p_00990,40.0,40.0,7.0,3.0,12,22.91831180523293,square-0-4,236,0.99
4293,square,0000-0016,noise_sampled_s_1_m_08000_a_02000_d_03000_l_01000_p_00990,40.0,40.0,1.0,9.0,16,22.91831180523293,square-0-4,237,0.99
4294,square,0000-0020,noise_sampled_s_1_m_08000_a_02000_d_03000_l_01000_p_00990,40.0,40.0,7.0,3.0,20,22.91831180523293,square-0-4,238,0.99
4295,square,0000-0024,noise_sampled_s_1_m_08000_a_02000_d_03000_l_01000_p_00990,40.0,40.0,1.0,9.0,24,22.91831180523293,square-0-4,239,0.99
4296,square,0000-0028,noise_sampled_s_1_m_08000_a_02000_d_03000_l_01000_p_00990,40.0,40.0,7.0,3.0,28,22.91831180523293,square-0-4,240,0.99
4297,square,0000-0032,noise_sampled_s_1_m_08000_a_02000_d_03000_l_01000_p_00990,40.0,40.0,1.0,9.0,32,22.91831180523293,square-0-4,241,0.99
4298,square,0000-0036,noise_sampled_s_1_m_08000_a_02000_d_03000_l_01000_p_00990,40.0,40.0,7.0,3.0,36,22.91831180523293,square-0-4,242,0.99
4299,square,0000-0040,noise_sampled_s_1_m_08000_a_02000_d_03000_l_01000_p_00990,40.0,40.0,1.0,9.0,40,22.91831180523293,square-0-4,243,0.99
4300,square,0000-0044,noise_sampled_s_1_m_08000_a_02000_d_03000_l_01000_p_00990,40.0,40.0,7.0,3.0,44,22.91831180523293,square-0-4,244,0.99
4301,square,0000-0048,noise_sampled_s_1_m_08000_a_02000_d_03000_l_01000_p_00990,40.0,40.0,1.0,9.0,48,22.91831180523293,square-0-4,245,0.99
4302,square,0000-0052,noise_sampled_s_1_m_08000_a_02000_d_03000_l_01000_p_00990,40.0,40.0,7.0,3.0,52,22.91831180523293,square-0-4,246,0.99
4303,square,0000-0056,noise_sampled_s_1_m_08000_a_02000_d_03000_l_01000_p_00990,40.0,40.0,1.0,9.0,56,22.91831180523293,square-0-4,247,0.99
4304,square,0000-0060,noise_sampled_s_1_m_08000_a_02000_d_03000_l_01000_p_00990,40.0,40.0,7.0,3.0,60,22.91831180523293,square-0-4,248,0.99
4305,square,0000-0064,noise_sampled_s_1_m_08000_a_02000_d_03000_l_01000_p_00990,40.0,40.0,1.0,9.0,64,22.91831180523293,square-0-4,249,0.99
4306,square,0000-0068,noise_sampled_s_1_m_08000_a_02000_d_03000_l_01000_p_00990,40.0,40.0,7.0,3.0,68,22.91831180523293,square-0-4,250,0.99
4307,square,0000-0072,noise_sampled_s_1_m_08000_a_02000_d_03000_l_01000_p_00990,40.0,40.0,1.0,9.0,72,22.91831180523293,square-0-4,251,0.99
4308,square,0000-0076,noise_sampled_s_1_m_08000_a_02000_d_03000_l_01000_p_00990,40.0,40.0,7.0,3.0,76,22.91831180523293,square-0-4,252,0.99
4309,square,0000-0080,noise_sampled_s_1_m_08000_a_02000_d_03000_l_01000_p_00990,40.0,40.0,1.0,9.0,80,22.91831180523293,square-0-4,253,0.99
4310,square,0000-0084,noise_sampled_s_1_m_08000_a_02000_d_03000_l_01000_p_00990,40.0,40.0,7.0,3.0,84,22.91831180523293,square-0-4,254,0.99
4311,square,0000-0088,noise_sampled_s_1_m_08000_a_02000_d_03000_l_01000_p_00990,40.0,40.0,1.0,9.0,88,22.91831180523293,square-0-4,255,0.99
4312,square,0000-0092,noise_sampled_s_1_m_08000_a_02000_d_03000_l_01000_p_00990,40.0,40.0,7.0,3.0,92,22.91831180523293,square-0-4,256,0.99
4313,square,0000-0096,noise_sampled_s_1_m_08000_a_02000_d_03000_l_01000_p_00990,40.0,40.0,1.0,9.0,96,22.91831180523293,square-0-4,257,0.99
4314,square,0000-0100,noise_sampled_s_1_m_08000_a_02000_d_03000_l_01000_p_00990,40.0,40.0,7.0,3.0,100,22.91831180523293,square-0-4,258,0.99
4315,square,0000-0104,noise_sampled_s_1_m_08000_a_02000_d_03000_l_01000_p_00990,40.0,40.0,1.0,9.0,104,22.91831180523293,square-0-4,259,0.99
4316,square,0000-0108,noise_sampled_s_1_m_08000_a_02000_d_03000_l_01000_p_00990,40.0,40.0,7.0,3.0,108,22.91831180523293,square-0-4,260,0.99
4317,square,0000-0112,noise_sampled_s_1_m_08000_a_02000_d_03000_l_01000_p_00990,40.0,40.0,1.0,9.0,112,22.91831180523293,square-0-4,261,0.99
4318,square,0000-0116,noise_sampled_s_1_m_08000_a_02000_d_03000_l_01000_p_00990,40.0,40.0,7.0,3.0,116,22.91831180523293,square-0-4,262,0.99
4319,square,0000-0120,noise_sampled_s_1_m_08000_a_02000_d_03000_l_01000_p_00990,40.0,40.0,1.0,9.0,120,22.91831180523293,square-0-4,263,0.99
4320,square,0000-0124,noise_sampled_s_1_m_08000_a_02000_d_03000_l_01000_p_00990,40.0,40.0,7.0,3.0,124,22.91831180523293,square-0-4,264,0.99
4321,square,0000-0128,noise_sampled_s_1_m_08000_a_02000_d_03000_l_01000_p_00990,40.0,40.0,1.0,9.0,128,22.91831180523293,square-0-4,265,0.99
4322,square,0000-0132,noise_sampled_s_1_m_08000_a_02000_d_03000_l_01000_p_00990,40.0,40.0,7.0,3.0,132,22.91831180523293,square-0-4,266,0.99
4323,square,0000-0136,noise_sampled_s_1_m_08000_a_02000_d_03000_l_01000_p_00990,40.0,40.0,1.0,9.0,136,22.91831180523293,square-0-4,267,0.99
4324,square,0000-0140,noise_sampled_s_1_m_08000_a_02000_d_03000_l_01000_p_00990,40.0,40.0,7.0,3.0,140,22.91831180523293,square-0-4,268,0.99
4325,square,0000-0144,noise_sampled_s_1_m_08000_a_02000_d_03000_l_01000_p_00990,40.0,40.0,1.0,9.0,144,22.91831180523293,square-0-4,269,0.99
4326,square,0000-0148,noise_sampled_s_1_m_08000_a_02000_d_03000_l_01000_p_00990,40.0,40.0,7.0,3.0,148,22.91831180523293,square-0-4,270,0.99
4327,square,0000-0152,noise_sampled_s_1_m_08000_a_02000_d_03000_l_01000_p_00990,40.0,40.0,1.0,9.0,152,22.91831180523293,square-0-4,271,0.99
4328,square,0000-0156,noise_sampled_s_1_m_08000_a_02000_d_03000_l_01000_p_00990,40.0,40.0,7.0,3.0,156,22.91831180523293,square-0-4,272,0.99
4329,square,0000-0004,noise_sampled_s_1_m_08000_a_02000_d_03000_l_01000_p_00990,40.0,40.0,5.0,9.0,4,0.0,square-0-0,234,0.99
4330,square,0000-0008,noise_sampled_s_1_m_08000_a_02000_d_03000_l_01000_p_00990,40.0,40.0,9.0,2.0,8,0.0,square-0-0,235,0.99
4331,square,0000-0012,noise_sampled_s_1_m_08000_a_02000_d_03000_l_01000_p_00990,40.0,40.0,0.0,7.0,12,0.0,square-0-0,236,0.99
4332,square,0000-0016,noise_sampled_s_1_m_08000_a_02000_d_03000_l_01000_p_00990,40.0,40.0,9.0,4.0,16,0.0,square-0-0,237,0.99
4333,square,0000-0020,noise_sampled_s_1_m_08000_a_02000_d_03000_l_01000_p_00990,40.0,40.0,0.0,7.0,20,0.0,square-0-0,238,0.99
4334,square,0000-0024,noise_sampled_s_1_m_08000_a_02000_d_03000_l_01000_p_00990,40.0,40.0,9.0,4.0,24,0.0,square-0-0,239,0.99
4335,square,0000-0028,noise_sampled_s_1_m_08000_a_02000_d_03000_l_01000_p_00990,40.0,40.0,0.0,7.0,28,0.0,square-0-0,240,0.99
4336,square,0000-0032,noise_sampled_s_1_m_08000_a_02000_d_03000_l_01000_p_00990,40.0,40.0,9.0,4.0,32,0.0,square-0-0,241,0.99
4337,square,0000-0036,noise_sampled_s_1_m_08000_a_02000_d_03000_l_01000_p_00990,40.0,40.0,0.0,7.0,36,0.0,square-0-0,242,0.99
4338,square,0000-0040,noise_sampled_s_1_m_08000_a_02000_d_03000_l_01000_p_00990,40.0,40.0,9.0,4.0,40,0.0,square-0-0,243,0.99
4339,square,0000-0044,noise_sampled_s_1_m_08000_a_02000_d_03000_l_01000_p_00990,40.0,40.0,0.0,7.0,44,0.0,square-0-0,244,0.99
4340,square,0000-0048,noise_sampled_s_1_m_08000_a_02000_d_03000_l_01000_p_00990,40.0,40.0,9.0,4.0,48,0.0,square-0-0,245,0.99
4341,square,0000-0052,noise_sampled_s_1_m_08000_a_02000_d_03000_l_01000_p_00990,40.0,40.0,0.0,7.0,52,0.0,square-0-0,246,0.99
4342,square,0000-0056,noise_sampled_s_1_m_08000_a_02000_d_03000_l_01000_p_00990,40.0,40.0,9.0,4.0,56,0.0,square-0-0,247,0.99
4343,square,0000-0060,noise_sampled_s_1_m_08000_a_02000_d_03000_l_01000_p_00990,40.0,40.0,0.0,7.0,60,0.0,square-0-0,248,0.99
4344,square,0000-0064,noise_sampled_s_1_m_08000_a_02000_d_03000_l_01000_p_00990,40.0,40.0,9.0,4.0,64,0.0,square-0-0,249,0.99
4345,square,0000-0068,noise_sampled_s_1_m_08000_a_02000_d_03000_l_01000_p_00990,40.0,40.0,0.0,7.0,68,0.0,square-0-0,250,0.99
4346,square,0000-0072,noise_sampled_s_1_m_08000_a_02000_d_03000_l_01000_p_00990,40.0,40.0,9.0,4.0,72,0.0,square-0-0,251,0.99
4347,square,0000-0076,noise_sampled_s_1_m_08000_a_02000_d_03000_l_01000_p_00990,40.0,40.0,0.0,7.0,76,0.0,square-0-0,252,0.99
4348,square,0000-0080,noise_sampled_s_1_m_08000_a_02000_d_03000_l_01000_p_00990,40.0,40.0,9.0,4.0,80,0.0,square-0-0,253,0.99
4349,square,0000-0084,noise_sampled_s_1_m_08000_a_02000_d_03000_l_01000_p_00990,40.0,40.0,0.0,7.0,84,0.0,square-0-0,254,0.99
4350,square,0000-0088,noise_sampled_s_1_m_08000_a_02000_d_03000_l_01000_p_00990,40.0,40.0,9.0,4.0,88,0.0,square-0-0,255,0.99
4351,square,0000-0092,noise_sampled_s_1_m_08000_a_02000_d_03000_l_01000_p_00990,40.0,40.0,0.0,7.0,92,0.0,square-0-0,256,0.99
4352,square,0000-0096,noise_sampled_s_1_m_08000_a_02000_d_03000_l_01000_p_00990,40.0,40.0,9.0,4.0,96,0.0,square-0-0,257,0.99
4353,square,0000-0100,noise_sampled_s_1_m_08000_a_02000_d_03000_l_01000_p_00990,40.0,40.0,0.0,7.0,100,0.0,square-0-0,258,0.99
4354,square,0000-0104,noise_sampled_s_1_m_08000_a_02000_d_03000_l_01000_p_00990,40.0,40.0,9.0,4.0,104,0.0,square-0-0,259,0.99
4355,square,0000-0108,noise_sampled_s_1_m_08000_a_02000_d_03000_l_01000_p_00990,40.0,40.0,0.0,7.0,108,0.0,square-0-0,260,0.99
4356,square,0000-0112,noise_sampled_s_1_m_08000_a_02000_d_03000_l_01000_p_00990,40.0,40.0,9.0,4.0,112,0.0,square-0-0,261,0.99
4357,square,0000-0116,noise_sampled_s_1_m_08000_a_02000_d_03000_l_01000_p_00990,40.0,40.0,0.0,7.0,116,0.0,square-0-0,262,0.99
4358,square,0000-0120,noise_sampled_s_1_m_08000_a_02000_d_03000_l_01000_p_00990,40.0,40.0,9.0,4.0,120,0.0,square-0-0,263,0.99
4359,square,0000-0124,noise_sampled_s_1_m_08000_a_02000_d_03000_l_01000_p_00990,40.0,40.0,0.0,7.0,124,0.0,square-0-0,264,0.99
4360,square,0000-0128,noise_sampled_s_1_m_08000_a_02000_d_03000_l_01000_p_00990,40.0,40.0,9.0,4.0,128,0.0,square-0-0,265,0.99
4361,square,0000-0132,noise_sampled_s_1_m_08000_a_02000_d_03000_l_01000_p_00990,40.0,40.0,0.0,7.0,132,0.0,square-0-0,266,0.99
4362,square,0000-0136,noise_sampled_s_1_m_08000_a_02000_d_03000_l_01000_p_00990,40.0,40.0,9.0,4.0,136,0.0,square-0-0,267,0.99
4363,square,0000-0140,noise_sampled_s_1_m_08000_a_02000_d_03000_l_01000_p_00990,40.0,40.0,0.0,7.0,140,0.0,square-0-0,268,0.99
4364,square,0000-0144,noise_sampled_s_1_m_08000_a_02000_d_03000_l_01000_p_00990,40.0,40.0,9.0,4.0,144,0.0,square-0-0,269,0.99
4365,square,0000-0148,noise_sampled_s_1_m_08000_a_02000_d_03000_l_01000_p_00990,40.0,40.0,0.0,7.0,148,0.0,square-0-0,270,0.99
4366,square,0000-0152,noise_sampled_s_1_m_08000_a_02000_d_03000_l_01000_p_00990,40.0,40.0,9.0,4.0,152,0.0,square-0-0,271,0.99
4367,square,0000-0156,noise_sampled_s_1_m_08000_a_02000_d_03000_l_01000_p_00990,40.0,40.0,0.0,7.0,156,0.0,square-0-0,272,0.99
4368,square,0000-0004,noise_sampled_s_1_m_08000_a_02000_d_03000_l_01000_p_00990,40.0,40.0,6.0,2.0,4,34.37746770784939,square-0-6,234,0.99
4369,square,0000-0008,noise_sampled_s_1_m_08000_a_02000_d_03000_l_01000_p_00990,40.0,40.0,2.0,9.0,8,34.37746770784939,square-0-6,235,0.99
4370,square,0000-0012,noise_sampled_s_1_m_08000_a_02000_d_03000_l_01000_p_00990,40.0,40.0,6.0,2.0,12,34.37746770784939,square-0-6,236,0.99
4371,square,0000-0016,noise_sampled_s_1_m_08000_a_02000_d_03000_l_01000_p_00990,40.0,40.0,2.0,9.0,16,34.37746770784939,square-0-6,237,0.99
4372,square,0000-0020,noise_sampled_s_1_m_08000_a_02000_d_03000_l_01000_p_00990,40.0,40.0,6.0,2.0,20,34.37746770784939,square-0-6,238,0.99
4373,square,0000-0024,noise_sampled_s_1_m_08000_a_02000_d_03000_l_01000_p_00990,40.0,40.0,2.0,9.0,24,34.37746770784939,square-0-6,239,0.99
4374,square,0000-0028,noise_sampled_s_1_m_08000_a_02000_d_03000_l_01000_p_00990,40.0,40.0,6.0,2.0,28,34.37746770784939,square-0-6,240,0.99
4375,square,0000-0032,noise_sampled_s_1_m_08000_a_02000_d_03000_l_01000_p_00990,40.0,40.0,2.0,9.0,32,34.37746770784939,square-0-6,241,0.99
4376,square,0000-0036,noise_sampled_s_1_m_08000_a_02000_d_03000_l_01000_p_00990,40.0,40.0,6.0,2.0,36,34.37746770784939,square-0-6,242,0.99
4377,square,0000-0040,noise_sampled_s_1_m_08000_a_02000_d_03000_l_01000_p_00990,40.0,40.0,2.0,9.0,40,34.37746770784939,square-0-6,243,0.99
4378,square,0000-0044,noise_sampled_s_1_m_08000_a_02000_d_03000_l_01000_p_00990,40.0,40.0,6.0,2.0,44,34.37746770784939,square-0-6,244,0.99
4379,square,0000-0048,noise_sampled_s_1_m_08000_a_02000_d_03000_l_01000_p_00990,40.0,40.0,2.0,9.0,48,34.37746770784939,square-0-6,245,0.99
4380,square,0000-0052,noise_sampled_s_1_m_08000_a_02000_d_03000_l_01000_p_00990,40.0,40.0,6.0,2.0,52,34.37746770784939,square-0-6,246,0.99
4381,square,0000-0056,noise_sampled_s_1_m_08000_a_02000_d_03000_l_01000_p_00990,40.0,40.0,2.0,9.0,56,34.37746770784939,square-0-6,247,0.99
4382,square,0000-0060,noise_sampled_s_1_m_08000_a_02000_d_03000_l_01000_p_00990,40.0,40.0,6.0,2.0,60,34.37746770784939,square-0-6,248,0.99
4383,square,0000-0064,noise_sampled_s_1_m_08000_a_02000_d_03000_l_01000_p_00990,40.0,40.0,2.0,9.0,64,34.37746770784939,square-0-6,249,0.99
4384,square,0000-0068,noise_sampled_s_1_m_08000_a_02000_d_03000_l_01000_p_00990,40.0,40.0,6.0,2.0,68,34.37746770784939,square-0-6,250,0.99
4385,square,0000-0072,noise_sampled_s_1_m_08000_a_02000_d_03000_l_01000_p_00990,40.0,40.0,2.0,9.0,72,34.37746770784939,square-0-6,251,0.99
4386,square,0000-0076,noise_sampled_s_1_m_08000_a_02000_d_03000_l_01000_p_00990,40.0,40.0,6.0,2.0,76,34.37746770784939,square-0-6,252,0.99
4387,square,0000-0080,noise_sampled_s_1_m_08000_a_02000_d_03000_l_01000_p_00990,40.0,40.0,2.0,9.0,80,34.37746770784939,square-0-6,253,0.99
4388,square,0000-0084,noise_sampled_s_1_m_08000_a_02000_d_03000_l_01000_p_00990,40.0,40.0,6.0,2.0,84,34.37746770784939,square-0-6,254,0.99
4389,square,0000-0088,noise_sampled_s_1_m_08000_a_02000_d_03000_l_01000_p_00990,40.0,40.0,2.0,9.0,88,34.37746770784939,square-0-6,255,0.99
4390,square,0000-0092,noise_sampled_s_1_m_08000_a_02000_d_03000_l_01000_p_00990,40.0,40.0,6.0,2.0,92,34.37746770784939,square-0-6,256,0.99
4391,square,0000-0096,noise_sampled_s_1_m_08000_a_02000_d_03000_l_01000_p_00990,40.0,40.0,2.0,9.0,96,34.37746770784939,square-0-6,257,0.99
4392,square,0000-0100,noise_sampled_s_1_m_08000_a_02000_d_03000_l_01000_p_00990,40.0,40.0,6.0,2.0,100,34.37746770784939,square-0-6,258,0.99
4393,square,0000-0104,noise_sampled_s_1_m_08000_a_02000_d_03000_l_01000_p_00990,40.0,40.0,2.0,9.0,104,34.37746770784939,square-0-6,259,0.99
4394,square,0000-0108,noise_sampled_s_1_m_08000_a_02000_d_03000_l_01000_p_00990,40.0,40.0,6.0,2.0,108,34.37746770784939,square-0-6,260,0.99
4395,square,0000-0112,noise_sampled_s_1_m_08000_a_02000_d_03000_l_01000_p_00990,40.0,40.0,2.0,9.0,112,34.37746770784939,square-0-6,261,0.99
4396,square,0000-0116,noise_sampled_s_1_m_08000_a_02000_d_03000_l_01000_p_00990,40.0,40.0,6.0,2.0,116,34.37746770784939,square-0-6,262,0.99
4397,square,0000-0120,noise_sampled_s_1_m_08000_a_02000_d_03000_l_01000_p_00990,40.0,40.0,2.0,9.0,120,34.37746770784939,square-0-6,263,0.99
4398,square,0000-0124,noise_sampled_s_1_m_08000_a_02000_d_03000_l_01000_p_00990,40.0,40.0,6.0,2.0,124,34.37746770784939,square-0-6,264,0.99
4399,square,0000-0128,noise_sampled_s_1_m_08000_a_02000_d_03000_l_01000_p_00990,40.0,40.0,2.0,9.0,128,34.37746770784939,square-0-6,265,0.99
4400,square,0000-0132,noise_sampled_s_1_m_08000_a_02000_d_03000_l_01000_p_00990,40.0,40.0,6.0,2.0,132,34.37746770784939,square-0-6,266,0.99
4401,square,0000-0136,noise_sampled_s_1_m_08000_a_02000_d_03000_l_01000_p_00990,40.0,40.0,2.0,9.0,136,34.37746770784939,square-0-6,267,0.99
4402,square,0000-0140,noise_sampled_s_1_m_08000_a_02000_d_03000_l_01000_p_00990,40.0,40.0,6.0,2.0,140,34.37746770784939,square-0-6,268,0.99
4403,square,0000-0144,noise_sampled_s_1_m_08000_a_02000_d_03000_l_01000_p_00990,40.0,40.0,2.0,9.0,144,34.37746770784939,square-0-6,269,0.99
4404,square,0000-0148,noise_sampled_s_1_m_08000_a_02000_d_03000_l_01000_p_00990,40.0,40.0,6.0,2.0,148,34.37746770784939,square-0-6,270,0.99
4405,square,0000-0152,noise_sampled_s_1_m_08000_a_02000_d_03000_l_01000_p_00990,40.0,40.0,2.0,9.0,152,34.37746770784939,square-0-6,271,0.99
4406,square,0000-0156,noise_sampled_s_1_m_08000_a_02000_d_03000_l_01000_p_00990,40.0,40.0,6.0,2.0,156,34.37746770784939,square-0-6,272,0.99
4407,triangle,0000-0004,noise_sampled_s_1_m_08000_a_02000_d_03000_l_01000_p_00990,40.0,40.0,3.0,4.0,4,68.75493541569878,triangle-1-2,234,0.99
4408,triangle,0000-0008,noise_sampled_s_1_m_08000_a_02000_d_03000_l_01000_p_00990,40.0,40.0,5.0,4.0,8,68.75493541569878,triangle-1-2,235,0.99
4409,triangle,0000-0012,noise_sampled_s_1_m_08000_a_02000_d_03000_l_01000_p_00990,40.0,40.0,3.0,4.0,12,68.75493541569878,triangle-1-2,236,0.99
4410,triangle,0000-0016,noise_sampled_s_1_m_08000_a_02000_d_03000_l_01000_p_00990,40.0,40.0,5.0,4.0,16,68.75493541569878,triangle-1-2,237,0.99
4411,triangle,0000-0020,noise_sampled_s_1_m_08000_a_02000_d_03000_l_01000_p_00990,40.0,40.0,3.0,4.0,20,68.75493541569878,triangle-1-2,238,0.99
4412,triangle,0000-0024,noise_sampled_s_1_m_08000_a_02000_d_03000_l_01000_p_00990,40.0,40.0,5.0,4.0,24,68.75493541569878,triangle-1-2,239,0.99
4413,triangle,0000-0028,noise_sampled_s_1_m_08000_a_02000_d_03000_l_01000_p_00990,40.0,40.0,3.0,4.0,28,68.75493541569878,triangle-1-2,240,0.99
4414,triangle,0000-0032,noise_sampled_s_1_m_08000_a_02000_d_03000_l_01000_p_00990,40.0,40.0,5.0,4.0,32,68.75493541569878,triangle-1-2,241,0.99
4415,triangle,0000-0036,noise_sampled_s_1_m_08000_a_02000_d_03000_l_01000_p_00990,40.0,40.0,3.0,4.0,36,68.75493541569878,triangle-1-2,242,0.99
4416,triangle,0000-0040,noise_sampled_s_1_m_08000_a_02000_d_03000_l_01000_p_00990,40.0,40.0,5.0,4.0,40,68.75493541569878,triangle-1-2,243,0.99
4417,triangle,0000-0044,noise_sampled_s_1_m_08000_a_02000_d_03000_l_01000_p_00990,40.0,40.0,3.0,4.0,44,68.75493541569878,triangle-1-2,244,0.99
4418,triangle,0000-0048,noise_sampled_s_1_m_08000_a_02000_d_03000_l_01000_p_00990,40.0,40.0,5.0,4.0,48,68.75493541569878,triangle-1-2,245,0.99
4419,triangle,0000-0052,noise_sampled_s_1_m_08000_a_02000_d_03000_l_01000_p_00990,40.0,40.0,3.0,4.0,52,68.75493541569878,triangle-1-2,246,0.99
4420,triangle,0000-0056,noise_sampled_s_1_m_08000_a_02000_d_03000_l_01000_p_00990,40.0,40.0,5.0,4.0,56,68.75493541569878,triangle-1-2,247,0.99
4421,triangle,0000-0060,noise_sampled_s_1_m_08000_a_02000_d_03000_l_01000_p_00990,40.0,40.0,3.0,4.0,60,68.75493541569878,triangle-1-2,248,0.99
4422,triangle,0000-0064,noise_sampled_s_1_m_08000_a_02000_d_03000_l_01000_p_00990,40.0,40.0,5.0,4.0,64,68.75493541569878,triangle-1-2,249,0.99
4423,triangle,0000-0068,noise_sampled_s_1_m_08000_a_02000_d_03000_l_01000_p_00990,40.0,40.0,3.0,4.0,68,68.75493541569878,triangle-1-2,250,0.99
4424,triangle,0000-0072,noise_sampled_s_1_m_08000_a_02000_d_03000_l_01000_p_00990,40.0,40.0,5.0,4.0,72,68.75493541569878,triangle-1-2,251,0.99
4425,triangle,0000-0076,noise_sampled_s_1_m_08000_a_02000_d_03000_l_01000_p_00990,40.0,40.0,3.0,4.0,76,68.75493541569878,triangle-1-2,252,0.99
4426,triangle,0000-0080,noise_sampled_s_1_m_08000_a_02000_d_03000_l_01000_p_00990,40.0,40.0,5.0,4.0,80,68.75493541569878,triangle-1-2,253,0.99
4427,triangle,0000-0084,noise_sampled_s_1_m_08000_a_02000_d_03000_l_01000_p_00990,40.0,40.0,3.0,4.0,84,68.75493541569878,triangle-1-2,254,0.99
4428,triangle,0000-0088,noise_sampled_s_1_m_08000_a_02000_d_03000_l_01000_p_00990,40.0,40.0,5.0,4.0,88,68.75493541569878,triangle-1-2,255,0.99
4429,triangle,0000-0092,noise_sampled_s_1_m_08000_a_02000_d_03000_l_01000_p_00990,40.0,40.0,3.0,4.0,92,68.75493541569878,triangle-1-2,256,0.99
4430,triangle,0000-0096,noise_sampled_s_1_m_08000_a_02000_d_03000_l_01000_p_00990,40.0,40.0,5.0,4.0,96,68.75493541569878,triangle-1-2,257,0.99
4431,triangle,0000-0100,noise_sampled_s_1_m_08000_a_02000_d_03000_l_01000_p_00990,40.0,40.0,3.0,4.0,100,68.75493541569878,triangle-1-2,258,0.99
4432,triangle,0000-0104,noise_sampled_s_1_m_08000_a_02000_d_03000_l_01000_p_00990,40.0,40.0,5.0,4.0,104,68.75493541569878,triangle-1-2,259,0.99
4433,triangle,0000-0108,noise_sampled_s_1_m_08000_a_02000_d_03000_l_01000_p_00990,40.0,40.0,3.0,4.0,108,68.75493541569878,triangle-1-2,260,0.99
4434,triangle,0000-0112,noise_sampled_s_1_m_08000_a_02000_d_03000_l_01000_p_00990,40.0,40.0,5.0,4.0,112,68.75493541569878,triangle-1-2,261,0.99
4435,triangle,0000-0116,noise_sampled_s_1_m_08000_a_02000_d_03000_l_01000_p_00990,40.0,40.0,3.0,4.0,116,68.75493541569878,triangle-1-2,262,0.99
4436,triangle,0000-0120,noise_sampled_s_1_m_08000_a_02000_d_03000_l_01000_p_00990,40.0,40.0,5.0,4.0,120,68.75493541569878,triangle-1-2,263,0.99
4437,triangle,0000-0124,noise_sampled_s_1_m_08000_a_02000_d_03000_l_01000_p_00990,40.0,40.0,3.0,4.0,124,68.75493541569878,triangle-1-2,264,0.99
4438,triangle,0000-0128,noise_sampled_s_1_m_08000_a_02000_d_03000_l_01000_p_00990,40.0,40.0,5.0,4.0,128,68.75493541569878,triangle-1-2,265,0.99
4439,triangle,0000-0132,noise_sampled_s_1_m_08000_a_02000_d_03000_l_01000_p_00990,40.0,40.0,3.0,4.0,132,68.75493541569878,triangle-1-2,266,0.99
4440,triangle,0000-0136,noise_sampled_s_1_m_08000_a_02000_d_03000_l_01000_p_00990,40.0,40.0,5.0,4.0,136,68.75493541569878,triangle-1-2,267,0.99
4441,triangle,0000-0140,noise_sampled_s_1_m_08000_a_02000_d_03000_l_01000_p_00990,40.0,40.0,3.0,4.0,140,68.75493541569878,triangle-1-2,268,0.99
4442,triangle,0000-0144,noise_sampled_s_1_m_08000_a_02000_d_03000_l_01000_p_00990,40.0,40.0,5.0,4.0,144,68.75493541569878,triangle-1-2,269,0.99
4443,triangle,0000-0148,noise_sampled_s_1_m_08000_a_02000_d_03000_l_01000_p_00990,40.0,40.0,3.0,4.0,148,68.75493541569878,triangle-1-2,270,0.99
4444,triangle,0000-0152,noise_sampled_s_1_m_08000_a_02000_d_03000_l_01000_p_00990,40.0,40.0,5.0,4.0,152,68.75493541569878,triangle-1-2,271,0.99
4445,triangle,0000-0156,noise_sampled_s_1_m_08000_a_02000_d_03000_l_01000_p_00990,40.0,40.0,3.0,4.0,156,68.75493541569878,triangle-1-2,272,0.99
4446,triangle,0000-0004,noise_sampled_s_1_m_08000_a_02000_d_03000_l_01000_p_00990,40.0,40.0,3.0,4.0,4,80.21409131831524,triangle-1-4,234,0.99
4447,triangle,0000-0008,noise_sampled_s_1_m_08000_a_02000_d_03000_l_01000_p_00990,40.0,40.0,5.0,3.0,8,80.21409131831524,triangle-1-4,235,0.99
4448,triangle,0000-0012,noise_sampled_s_1_m_08000_a_02000_d_03000_l_01000_p_00990,40.0,40.0,3.0,4.0,12,80.21409131831524,triangle-1-4,236,0.99
4449,triangle,0000-0016,noise_sampled_s_1_m_08000_a_02000_d_03000_l_01000_p_00990,40.0,40.0,5.0,3.0,16,80.21409131831524,triangle-1-4,237,0.99
4450,triangle,0000-0020,noise_sampled_s_1_m_08000_a_02000_d_03000_l_01000_p_00990,40.0,40.0,2.0,5.0,20,80.21409131831524,triangle-1-4,238,0.99
4451,triangle,0000-0024,noise_sampled_s_1_m_08000_a_02000_d_03000_l_01000_p_00990,40.0,40.0,5.0,3.0,24,80.21409131831524,triangle-1-4,239,0.99
4452,triangle,0000-0028,noise_sampled_s_1_m_08000_a_02000_d_03000_l_01000_p_00990,40.0,40.0,2.0,5.0,28,80.21409131831524,triangle-1-4,240,0.99
4453,triangle,0000-0032,noise_sampled_s_1_m_08000_a_02000_d_03000_l_01000_p_00990,40.0,40.0,5.0,3.0,32,80.21409131831524,triangle-1-4,241,0.99
4454,triangle,0000-0036,noise_sampled_s_1_m_08000_a_02000_d_03000_l_01000_p_00990,40.0,40.0,2.0,5.0,36,80.21409131831524,triangle-1-4,242,0.99
4455,triangle,0000-0040,noise_sampled_s_1_m_08000_a_02000_d_03000_l_01000_p_00990,40.0,40.0,5.0,3.0,40,80.21409131831524,triangle-1-4,243,0.99
4456,triangle,0000-0044,noise_sampled_s_1_m_08000_a_02000_d_03000_l_01000_p_00990,40.0,40.0,2.0,5.0,44,80.21409131831524,triangle-1-4,244,0.99
4457,triangle,0000-0048,noise_sampled_s_1_m_08000_a_02000_d_03000_l_01000_p_00990,40.0,40.0,5.0,3.0,48,80.21409131831524,triangle-1-4,245,0.99
4458,triangle,0000-0052,noise_sampled_s_1_m_08000_a_02000_d_03000_l_01000_p_00990,40.0,40.0,2.0,5.0,52,80.21409131831524,triangle-1-4,246,0.99
4459,triangle,0000-0056,noise_sampled_s_1_m_08000_a_02000_d_03000_l_01000_p_00990,40.0,40.0,5.0,3.0,56,80.21409131831524,triangle-1-4,247,0.99
4460,triangle,0000-0060,noise_sampled_s_1_m_08000_a_02000_d_03000_l_01000_p_00990,40.0,40.0,3.0,4.0,60,80.21409131831524,triangle-1-4,248,0.99
4461,triangle,0000-0064,noise_sampled_s_1_m_08000_a_02000_d_03000_l_01000_p_00990,40.0,40.0,5.0,3.0,64,80.21409131831524,triangle-1-4,249,0.99
4462,triangle,0000-0068,noise_sampled_s_1_m_08000_a_02000_d_03000_l_01000_p_00990,40.0,40.0,2.0,5.0,68,80.21409131831524,triangle-1-4,250,0.99
4463,triangle,0000-0072,noise_sampled_s_1_m_08000_a_02000_d_03000_l_01000_p_00990,40.0,40.0,5.0,3.0,72,80.21409131831524,triangle-1-4,251,0.99
4464,triangle,0000-0076,noise_sampled_s_1_m_08000_a_02000_d_03000_l_01000_p_00990,40.0,40.0,2.0,5.0,76,80.21409131831524,triangle-1-4,252,0.99
4465,triangle,0000-0080,noise_sampled_s_1_m_08000_a_02000_d_03000_l_01000_p_00990,40.0,40.0,5.0,3.0,80,80.21409131831524,triangle-1-4,253,0.99
4466,triangle,0000-0084,noise_sampled_s_1_m_08000_a_02000_d_03000_l_01000_p_00990,40.0,40.0,2.0,5.0,84,80.21409131831524,triangle-1-4,254,0.99
4467,triangle,0000-0088,noise_sampled_s_1_m_08000_a_02000_d_03000_l_01000_p_00990,40.0,40.0,5.0,3.0,88,80.21409131831524,triangle-1-4,255,0.99
4468,triangle,0000-0092,noise_sampled_s_1_m_08000_a_02000_d_03000_l_01000_p_00990,40.0,40.0,2.0,5.0,92,80.21409131831524,triangle-1-4,256,0.99
4469,triangle,0000-0096,noise_sampled_s_1_m_08000_a_02000_d_03000_l_01000_p_00990,40.0,40.0,5.0,3.0,96,80.21409131831524,triangle-1-4,257,0.99
4470,triangle,0000-0100,noise_sampled_s_1_m_08000_a_02000_d_03000_l_01000_p_00990,40.0,40.0,3.0,4.0,100,80.21409131831524,triangle-1-4,258,0.99
4471,triangle,0000-0104,noise_sampled_s_1_m_08000_a_02000_d_03000_l_01000_p_00990,40.0,40.0,5.0,3.0,104,80.21409131831524,triangle-1-4,259,0.99
4472,triangle,0000-0108,noise_sampled_s_1_m_08000_a_02000_d_03000_l_01000_p_00990,40.0,40.0,2.0,5.0,108,80.21409131831524,triangle-1-4,260,0.99
4473,triangle,0000-0112,noise_sampled_s_1_m_08000_a_02000_d_03000_l_01000_p_00990,40.0,40.0,5.0,3.0,112,80.21409131831524,triangle-1-4,261,0.99
4474,triangle,0000-0116,noise_sampled_s_1_m_08000_a_02000_d_03000_l_01000_p_00990,40.0,40.0,3.0,4.0,116,80.21409131831524,triangle-1-4,262,0.99
4475,triangle,0000-0120,noise_sampled_s_1_m_08000_a_02000_d_03000_l_01000_p_00990,40.0,40.0,5.0,3.0,120,80.21409131831524,triangle-1-4,263,0.99
4476,triangle,0000-0124,noise_sampled_s_1_m_08000_a_02000_d_03000_l_01000_p_00990,40.0,40.0,2.0,5.0,124,80.21409131831524,triangle-1-4,264,0.99
4477,triangle,0000-0128,noise_sampled_s_1_m_08000_a_02000_d_03000_l_01000_p_00990,40.0,40.0,5.0,3.0,128,80.21409131831524,triangle-1-4,265,0.99
4478,triangle,0000-0132,noise_sampled_s_1_m_08000_a_02000_d_03000_l_01000_p_00990,40.0,40.0,3.0,4.0,132,80.21409131831524,triangle-1-4,266,0.99
4479,triangle,0000-0136,noise_sampled_s_1_m_08000_a_02000_d_03000_l_01000_p_00990,40.0,40.0,5.0,3.0,136,80.21409131831524,triangle-1-4,267,0.99
4480,triangle,0000-0140,noise_sampled_s_1_m_08000_a_02000_d_03000_l_01000_p_00990,40.0,40.0,2.0,5.0,140,80.21409131831524,triangle-1-4,268,0.99
4481,triangle,0000-0144,noise_sampled_s_1_m_08000_a_02000_d_03000_l_01000_p_00990,40.0,40.0,5.0,3.0,144,80.21409131831524,triangle-1-4,269,0.99
4482,triangle,0000-0148,noise_sampled_s_1_m_08000_a_02000_d_03000_l_01000_p_00990,40.0,40.0,2.0,5.0,148,80.21409131831524,triangle-1-4,270,0.99
4483,triangle,0000-0152,noise_sampled_s_1_m_08000_a_02000_d_03000_l_01000_p_00990,40.0,40.0,5.0,3.0,152,80.21409131831524,triangle-1-4,271,0.99
4484,triangle,0000-0156,noise_sampled_s_1_m_08000_a_02000_d_03000_l_01000_p_00990,40.0,40.0,2.0,5.0,156,80.21409131831524,triangle-1-4,272,0.99
4485,triangle,0000-0004,noise_sampled_s_1_m_08000_a_02000_d_03000_l_01000_p_00990,40.0,40.0,4.0,4.0,4,0.0,triangle-0-0,234,0.99
4486,triangle,0000-0008,noise_sampled_s_1_m_08000_a_02000_d_03000_l_01000_p_00990,40.0,40.0,4.0,6.0,8,0.0,triangle-0-0,235,0.99
4487,triangle,0000-0012,noise_sampled_s_1_m_08000_a_02000_d_03000_l_01000_p_00990,40.0,40.0,4.0,4.0,12,0.0,triangle-0-0,236,0.99
4488,triangle,0000-0016,noise_sampled_s_1_m_08000_a_02000_d_03000_l_01000_p_00990,40.0,40.0,4.0,6.0,16,0.0,triangle-0-0,237,0.99
4489,triangle,0000-0020,noise_sampled_s_1_m_08000_a_02000_d_03000_l_01000_p_00990,40.0,40.0,4.0,4.0,20,0.0,triangle-0-0,238,0.99
4490,triangle,0000-0024,noise_sampled_s_1_m_08000_a_02000_d_03000_l_01000_p_00990,40.0,40.0,4.0,6.0,24,0.0,triangle-0-0,239,0.99
4491,triangle,0000-0028,noise_sampled_s_1_m_08000_a_02000_d_03000_l_01000_p_00990,40.0,40.0,4.0,4.0,28,0.0,triangle-0-0,240,0.99
4492,triangle,0000-0032,noise_sampled_s_1_m_08000_a_02000_d_03000_l_01000_p_00990,40.0,40.0,4.0,6.0,32,0.0,triangle-0-0,241,0.99
4493,triangle,0000-0036,noise_sampled_s_1_m_08000_a_02000_d_03000_l_01000_p_00990,40.0,40.0,4.0,4.0,36,0.0,triangle-0-0,242,0.99
4494,triangle,0000-0040,noise_sampled_s_1_m_08000_a_02000_d_03000_l_01000_p_00990,40.0,40.0,4.0,6.0,40,0.0,triangle-0-0,243,0.99
4495,triangle,0000-0044,noise_sampled_s_1_m_08000_a_02000_d_03000_l_01000_p_00990,40.0,40.0,4.0,4.0,44,0.0,triangle-0-0,244,0.99
4496,triangle,0000-0048,noise_sampled_s_1_m_08000_a_02000_d_03000_l_01000_p_00990,40.0,40.0,4.0,6.0,48,0.0,triangle-0-0,245,0.99
4497,triangle,0000-0052,noise_sampled_s_1_m_08000_a_02000_d_03000_l_01000_p_00990,40.0,40.0,4.0,4.0,52,0.0,triangle-0-0,246,0.99
4498,triangle,0000-0056,noise_sampled_s_1_m_08000_a_02000_d_03000_l_01000_p_00990,40.0,40.0,4.0,6.0,56,0.0,triangle-0-0,247,0.99
4499,triangle,0000-0060,noise_sampled_s_1_m_08000_a_02000_d_03000_l_01000_p_00990,40.0,40.0,2.0,2.0,60,0.0,triangle-0-0,248,0.99
4500,triangle,0000-0064,noise_sampled_s_1_m_08000_a_02000_d_03000_l_01000_p_00990,40.0,40.0,4.0,4.0,64,0.0,triangle-0-0,249,0.99
4501,triangle,0000-0068,noise_sampled_s_1_m_08000_a_02000_d_03000_l_01000_p_00990,40.0,40.0,4.0,6.0,68,0.0,triangle-0-0,250,0.99
4502,triangle,0000-0072,noise_sampled_s_1_m_08000_a_02000_d_03000_l_01000_p_00990,40.0,40.0,4.0,4.0,72,0.0,triangle-0-0,251,0.99
4503,triangle,0000-0076,noise_sampled_s_1_m_08000_a_02000_d_03000_l_01000_p_00990,40.0,40.0,4.0,6.0,76,0.0,triangle-0-0,252,0.99
4504,triangle,0000-0080,noise_sampled_s_1_m_08000_a_02000_d_03000_l_01000_p_00990,40.0,40.0,4.0,4.0,80,0.0,triangle-0-0,253,0.99
4505,triangle,0000-0084,noise_sampled_s_1_m_08000_a_02000_d_03000_l_01000_p_00990,40.0,40.0,4.0,6.0,84,0.0,triangle-0-0,254,0.99
4506,triangle,0000-0088,noise_sampled_s_1_m_08000_a_02000_d_03000_l_01000_p_00990,40.0,40.0,4.0,4.0,88,0.0,triangle-0-0,255,0.99
4507,triangle,0000-0092,noise_sampled_s_1_m_08000_a_02000_d_03000_l_01000_p_00990,40.0,40.0,4.0,6.0,92,0.0,triangle-0-0,256,0.99
4508,triangle,0000-0096,noise_sampled_s_1_m_08000_a_02000_d_03000_l_01000_p_00990,40.0,40.0,4.0,4.0,96,0.0,triangle-0-0,257,0.99
4509,triangle,0000-0100,noise_sampled_s_1_m_08000_a_02000_d_03000_l_01000_p_00990,40.0,40.0,4.0,6.0,100,0.0,triangle-0-0,258,0.99
4510,triangle,0000-0104,noise_sampled_s_1_m_08000_a_02000_d_03000_l_01000_p_00990,40.0,40.0,4.0,4.0,104,0.0,triangle-0-0,259,0.99
4511,triangle,0000-0108,noise_sampled_s_1_m_08000_a_02000_d_03000_l_01000_p_00990,40.0,40.0,4.0,6.0,108,0.0,triangle-0-0,260,0.99
4512,triangle,0000-0112,noise_sampled_s_1_m_08000_a_02000_d_03000_l_01000_p_00990,40.0,40.0,4.0,4.0,112,0.0,triangle-0-0,261,0.99
4513,triangle,0000-0116,noise_sampled_s_1_m_08000_a_02000_d_03000_l_01000_p_00990,40.0,40.0,4.0,6.0,116,0.0,triangle-0-0,262,0.99
4514,triangle,0000-0120,noise_sampled_s_1_m_08000_a_02000_d_03000_l_01000_p_00990,40.0,40.0,4.0,4.0,120,0.0,triangle-0-0,263,0.99
4515,triangle,0000-0124,noise_sampled_s_1_m_08000_a_02000_d_03000_l_01000_p_00990,40.0,40.0,4.0,6.0,124,0.0,triangle-0-0,264,0.99
4516,triangle,0000-0128,noise_sampled_s_1_m_08000_a_02000_d_03000_l_01000_p_00990,40.0,40.0,4.0,4.0,128,0.0,triangle-0-0,265,0.99
4517,triangle,0000-0132,noise_sampled_s_1_m_08000_a_02000_d_03000_l_01000_p_00990,40.0,40.0,4.0,6.0,132,0.0,triangle-0-0,266,0.99
4518,triangle,0000-0136,noise_sampled_s_1_m_08000_a_02000_d_03000_l_01000_p_00990,40.0,40.0,4.0,4.0,136,0.0,triangle-0-0,267,0.99
4519,triangle,0000-0140,noise_sampled_s_1_m_08000_a_02000_d_03000_l_01000_p_00990,40.0,40.0,4.0,6.0,140,0.0,triangle-0-0,268,0.99
4520,triangle,0000-0144,noise_sampled_s_1_m_08000_a_02000_d_03000_l_01000_p_00990,40.0,40.0,4.0,4.0,144,0.0,triangle-0-0,269,0.99
4521,triangle,0000-0148,noise_sampled_s_1_m_08000_a_02000_d_03000_l_01000_p_00990,40.0,40.0,4.0,6.0,148,0.0,triangle-0-0,270,0.99
4522,triangle,0000-0152,noise_sampled_s_1_m_08000_a_02000_d_03000_l_01000_p_00990,40.0,40.0,4.0,4.0,152,0.0,triangle-0-0,271,0.99
4523,triangle,0000-0156,noise_sampled_s_1_m_08000_a_02000_d_03000_l_01000_p_00990,40.0,40.0,4.0,6.0,156,0.0,triangle-0-0,272,0.99
4524,square,0000-0004,noise_sampled_s_1_m_08000_a_02000_d_03000_l_01000_p_00990,40.0,40.0,4.0,0.0,4,68.75493541569878,square-1-2,234,0.99
4525,square,0000-0008,noise_sampled_s_1_m_08000_a_02000_d_03000_l_01000_p_00990,40.0,40.0,5.0,8.0,8,68.75493541569878,square-1-2,235,0.99
4526,square,0000-0012,noise_sampled_s_1_m_08000_a_02000_d_03000_l_01000_p_00990,40.0,40.0,8.0,1.0,12,68.75493541569878,square-1-2,236,0.99
4527,square,0000-0016,noise_sampled_s_1_m_08000_a_02000_d_03000_l_01000_p_00990,40.0,40.0,5.0,8.0,16,68.75493541569878,square-1-2,237,0.99
4528,square,0000-0020,noise_sampled_s_1_m_08000_a_02000_d_03000_l_01000_p_00990,40.0,40.0,8.0,1.0,20,68.75493541569878,square-1-2,238,0.99
4529,square,0000-0024,noise_sampled_s_1_m_08000_a_02000_d_03000_l_01000_p_00990,40.0,40.0,5.0,8.0,24,68.75493541569878,square-1-2,239,0.99
4530,square,0000-0028,noise_sampled_s_1_m_08000_a_02000_d_03000_l_01000_p_00990,40.0,40.0,8.0,1.0,28,68.75493541569878,square-1-2,240,0.99
4531,square,0000-0032,noise_sampled_s_1_m_08000_a_02000_d_03000_l_01000_p_00990,40.0,40.0,5.0,8.0,32,68.75493541569878,square-1-2,241,0.99
4532,square,0000-0036,noise_sampled_s_1_m_08000_a_02000_d_03000_l_01000_p_00990,40.0,40.0,8.0,1.0,36,68.75493541569878,square-1-2,242,0.99
4533,square,0000-0040,noise_sampled_s_1_m_08000_a_02000_d_03000_l_01000_p_00990,40.0,40.0,5.0,8.0,40,68.75493541569878,square-1-2,243,0.99
4534,square,0000-0044,noise_sampled_s_1_m_08000_a_02000_d_03000_l_01000_p_00990,40.0,40.0,8.0,1.0,44,68.75493541569878,square-1-2,244,0.99
4535,square,0000-0048,noise_sampled_s_1_m_08000_a_02000_d_03000_l_01000_p_00990,40.0,40.0,5.0,8.0,48,68.75493541569878,square-1-2,245,0.99
4536,square,0000-0052,noise_sampled_s_1_m_08000_a_02000_d_03000_l_01000_p_00990,40.0,40.0,8.0,1.0,52,68.75493541569878,square-1-2,246,0.99
4537,square,0000-0056,noise_sampled_s_1_m_08000_a_02000_d_03000_l_01000_p_00990,40.0,40.0,5.0,8.0,56,68.75493541569878,square-1-2,247,0.99
4538,square,0000-0060,noise_sampled_s_1_m_08000_a_02000_d_03000_l_01000_p_00990,40.0,40.0,8.0,1.0,60,68.75493541569878,square-1-2,248,0.99
4539,square,0000-0064,noise_sampled_s_1_m_08000_a_02000_d_03000_l_01000_p_00990,40.0,40.0,5.0,8.0,64,68.75493541569878,square-1-2,249,0.99
4540,square,0000-0068,noise_sampled_s_1_m_08000_a_02000_d_03000_l_01000_p_00990,40.0,40.0,8.0,1.0,68,68.75493541569878,square-1-2,250,0.99
4541,square,0000-0072,noise_sampled_s_1_m_08000_a_02000_d_03000_l_01000_p_00990,40.0,40.0,5.0,8.0,72,68.75493541569878,square-1-2,251,0.99
4542,square,0000-0076,noise_sampled_s_1_m_08000_a_02000_d_03000_l_01000_p_00990,40.0,40.0,8.0,1.0,76,68.75493541569878,square-1-2,252,0.99
4543,square,0000-0080,noise_sampled_s_1_m_08000_a_02000_d_03000_l_01000_p_00990,40.0,40.0,5.0,8.0,80,68.75493541569878,square-1-2,253,0.99
4544,square,0000-0084,noise_sampled_s_1_m_08000_a_02000_d_03000_l_01000_p_00990,40.0,40.0,8.0,1.0,84,68.75493541569878,square-1-2,254,0.99
4545,square,0000-0088,noise_sampled_s_1_m_08000_a_02000_d_03000_l_01000_p_00990,40.0,40.0,5.0,8.0,88,68.75493541569878,square-1-2,255,0.99
4546,square,0000-0092,noise_sampled_s_1_m_08000_a_02000_d_03000_l_01000_p_00990,40.0,40.0,8.0,1.0,92,68.75493541569878,square-1-2,256,0.99
4547,square,0000-0096,noise_sampled_s_1_m_08000_a_02000_d_03000_l_01000_p_00990,40.0,40.0,5.0,8.0,96,68.75493541569878,square-1-2,257,0.99
4548,square,0000-0100,noise_sampled_s_1_m_08000_a_02000_d_03000_l_01000_p_00990,40.0,40.0,8.0,1.0,100,68.75493541569878,square-1-2,258,0.99
4549,square,0000-0104,noise_sampled_s_1_m_08000_a_02000_d_03000_l_01000_p_00990,40.0,40.0,5.0,8.0,104,68.75493541569878,square-1-2,259,0.99
4550,square,0000-0108,noise_sampled_s_1_m_08000_a_02000_d_03000_l_01000_p_00990,40.0,40.0,8.0,1.0,108,68.75493541569878,square-1-2,260,0.99
4551,square,0000-0112,noise_sampled_s_1_m_08000_a_02000_d_03000_l_01000_p_00990,40.0,40.0,5.0,8.0,112,68.75493541569878,square-1-2,261,0.99
4552,square,0000-0116,noise_sampled_s_1_m_08000_a_02000_d_03000_l_01000_p_00990,40.0,40.0,8.0,1.0,116,68.75493541569878,square-1-2,262,0.99
4553,square,0000-0120,noise_sampled_s_1_m_08000_a_02000_d_03000_l_01000_p_00990,40.0,40.0,5.0,8.0,120,68.75493541569878,square-1-2,263,0.99
4554,square,0000-0124,noise_sampled_s_1_m_08000_a_02000_d_03000_l_01000_p_00990,40.0,40.0,8.0,1.0,124,68.75493541569878,square-1-2,264,0.99
4555,square,0000-0128,noise_sampled_s_1_m_08000_a_02000_d_03000_l_01000_p_00990,40.0,40.0,5.0,8.0,128,68.75493541569878,square-1-2,265,0.99
4556,square,0000-0132,noise_sampled_s_1_m_08000_a_02000_d_03000_l_01000_p_00990,40.0,40.0,8.0,1.0,132,68.75493541569878,square-1-2,266,0.99
4557,square,0000-0136,noise_sampled_s_1_m_08000_a_02000_d_03000_l_01000_p_00990,40.0,40.0,5.0,8.0,136,68.75493541569878,square-1-2,267,0.99
4558,square,0000-0140,noise_sampled_s_1_m_08000_a_02000_d_03000_l_01000_p_00990,40.0,40.0,8.0,1.0,140,68.75493541569878,square-1-2,268,0.99
4559,square,0000-0144,noise_sampled_s_1_m_08000_a_02000_d_03000_l_01000_p_00990,40.0,40.0,5.0,8.0,144,68.75493541569878,square-1-2,269,0.99
4560,square,0000-0148,noise_sampled_s_1_m_08000_a_02000_d_03000_l_01000_p_00990,40.0,40.0,8.0,1.0,148,68.75493541569878,square-1-2,270,0.99
4561,square,0000-0152,noise_sampled_s_1_m_08000_a_02000_d_03000_l_01000_p_00990,40.0,40.0,5.0,8.0,152,68.75493541569878,square-1-2,271,0.99
4562,square,0000-0156,noise_sampled_s_1_m_08000_a_02000_d_03000_l_01000_p_00990,40.0,40.0,8.0,1.0,156,68.75493541569878,square-1-2,272,0.99
4563,square,0000-0004,noise_sampled_s_1_m_08000_a_02000_d_03000_l_01000_p_00990,40.0,40.0,0.0,7.0,4,91.67324722093171,square-1-6,234,0.99
4564,square,0000-0008,noise_sampled_s_1_m_08000_a_02000_d_03000_l_01000_p_00990,40.0,40.0,9.0,4.0,8,91.67324722093171,square-1-6,235,0.99
4565,square,0000-0012,noise_sampled_s_1_m_08000_a_02000_d_03000_l_01000_p_00990,40.0,40.0,0.0,7.0,12,91.67324722093171,square-1-6,236,0.99
4566,square,0000-0016,noise_sampled_s_1_m_08000_a_02000_d_03000_l_01000_p_00990,40.0,40.0,9.0,4.0,16,91.67324722093171,square-1-6,237,0.99
4567,square,0000-0020,noise_sampled_s_1_m_08000_a_02000_d_03000_l_01000_p_00990,40.0,40.0,0.0,7.0,20,91.67324722093171,square-1-6,238,0.99
4568,square,0000-0024,noise_sampled_s_1_m_08000_a_02000_d_03000_l_01000_p_00990,40.0,40.0,9.0,4.0,24,91.67324722093171,square-1-6,239,0.99
4569,square,0000-0028,noise_sampled_s_1_m_08000_a_02000_d_03000_l_01000_p_00990,40.0,40.0,0.0,7.0,28,91.67324722093171,square-1-6,240,0.99
4570,square,0000-0032,noise_sampled_s_1_m_08000_a_02000_d_03000_l_01000_p_00990,40.0,40.0,9.0,4.0,32,91.67324722093171,square-1-6,241,0.99
4571,square,0000-0036,noise_sampled_s_1_m_08000_a_02000_d_03000_l_01000_p_00990,40.0,40.0,0.0,7.0,36,91.67324722093171,square-1-6,242,0.99
4572,square,0000-0040,noise_sampled_s_1_m_08000_a_02000_d_03000_l_01000_p_00990,40.0,40.0,9.0,4.0,40,91.67324722093171,square-1-6,243,0.99
4573,square,0000-0044,noise_sampled_s_1_m_08000_a_02000_d_03000_l_01000_p_00990,40.0,40.0,0.0,7.0,44,91.67324722093171,square-1-6,244,0.99
4574,square,0000-0048,noise_sampled_s_1_m_08000_a_02000_d_03000_l_01000_p_00990,40.0,40.0,9.0,4.0,48,91.67324722093171,square-1-6,245,0.99
4575,square,0000-0052,noise_sampled_s_1_m_08000_a_02000_d_03000_l_01000_p_00990,40.0,40.0,0.0,7.0,52,91.67324722093171,square-1-6,246,0.99
4576,square,0000-0056,noise_sampled_s_1_m_08000_a_02000_d_03000_l_01000_p_00990,40.0,40.0,9.0,4.0,56,91.67324722093171,square-1-6,247,0.99
4577,square,0000-0060,noise_sampled_s_1_m_08000_a_02000_d_03000_l_01000_p_00990,40.0,40.0,0.0,7.0,60,91.67324722093171,square-1-6,248,0.99
4578,square,0000-0064,noise_sampled_s_1_m_08000_a_02000_d_03000_l_01000_p_00990,40.0,40.0,9.0,4.0,64,91.67324722093171,square-1-6,249,0.99
4579,square,0000-0068,noise_sampled_s_1_m_08000_a_02000_d_03000_l_01000_p_00990,40.0,40.0,0.0,7.0,68,91.67324722093171,square-1-6,250,0.99
4580,square,0000-0072,noise_sampled_s_1_m_08000_a_02000_d_03000_l_01000_p_00990,40.0,40.0,9.0,4.0,72,91.67324722093171,square-1-6,251,0.99
4581,square,0000-0076,noise_sampled_s_1_m_08000_a_02000_d_03000_l_01000_p_00990,40.0,40.0,0.0,7.0,76,91.67324722093171,square-1-6,252,0.99
4582,square,0000-0080,noise_sampled_s_1_m_08000_a_02000_d_03000_l_01000_p_00990,40.0,40.0,9.0,4.0,80,91.67324722093171,square-1-6,253,0.99
4583,square,0000-0084,noise_sampled_s_1_m_08000_a_02000_d_03000_l_01000_p_00990,40.0,40.0,0.0,7.0,84,91.67324722093171,square-1-6,254,0.99
4584,square,0000-0088,noise_sampled_s_1_m_08000_a_02000_d_03000_l_01000_p_00990,40.0,40.0,9.0,4.0,88,91.67324722093171,square-1-6,255,0.99
4585,square,0000-0092,noise_sampled_s_1_m_08000_a_02000_d_03000_l_01000_p_00990,40.0,40.0,0.0,7.0,92,91.67324722093171,square-1-6,256,0.99
4586,square,0000-0096,noise_sampled_s_1_m_08000_a_02000_d_03000_l_01000_p_00990,40.0,40.0,9.0,4.0,96,91.67324722093171,square-1-6,257,0.99
4587,square,0000-0100,noise_sampled_s_1_m_08000_a_02000_d_03000_l_01000_p_00990,40.0,40.0,0.0,7.0,100,91.67324722093171,square-1-6,258,0.99
4588,square,0000-0104,noise_sampled_s_1_m_08000_a_02000_d_03000_l_01000_p_00990,40.0,40.0,9.0,4.0,104,91.67324722093171,square-1-6,259,0.99
4589,square,0000-0108,noise_sampled_s_1_m_08000_a_02000_d_03000_l_01000_p_00990,40.0,40.0,0.0,7.0,108,91.67324722093171,square-1-6,260,0.99
4590,square,0000-0112,noise_sampled_s_1_m_08000_a_02000_d_03000_l_01000_p_00990,40.0,40.0,9.0,4.0,112,91.67324722093171,square-1-6,261,0.99
4591,square,0000-0116,noise_sampled_s_1_m_08000_a_02000_d_03000_l_01000_p_00990,40.0,40.0,0.0,7.0,116,91.67324722093171,square-1-6,262,0.99
4592,square,0000-0120,noise_sampled_s_1_m_08000_a_02000_d_03000_l_01000_p_00990,40.0,40.0,9.0,4.0,120,91.67324722093171,square-1-6,263,0.99
4593,square,0000-0124,noise_sampled_s_1_m_08000_a_02000_d_03000_l_01000_p_00990,40.0,40.0,0.0,7.0,124,91.67324722093171,square-1-6,264,0.99
4594,square,0000-0128,noise_sampled_s_1_m_08000_a_02000_d_03000_l_01000_p_00990,40.0,40.0,9.0,4.0,128,91.67324722093171,square-1-6,265,0.99
4595,square,0000-0132,noise_sampled_s_1_m_08000_a_02000_d_03000_l_01000_p_00990,40.0,40.0,0.0,7.0,132,91.67324722093171,square-1-6,266,0.99
4596,square,0000-0136,noise_sampled_s_1_m_08000_a_02000_d_03000_l_01000_p_00990,40.0,40.0,9.0,4.0,136,91.67324722093171,square-1-6,267,0.99
4597,square,0000-0140,noise_sampled_s_1_m_08000_a_02000_d_03000_l_01000_p_00990,40.0,40.0,0.0,7.0,140,91.67324722093171,square-1-6,268,0.99
4598,square,0000-0144,noise_sampled_s_1_m_08000_a_02000_d_03000_l_01000_p_00990,40.0,40.0,9.0,4.0,144,91.67324722093171,square-1-6,269,0.99
4599,square,0000-0148,noise_sampled_s_1_m_08000_a_02000_d_03000_l_01000_p_00990,40.0,40.0,0.0,7.0,148,91.67324722093171,square-1-6,270,0.99
4600,square,0000-0152,noise_sampled_s_1_m_08000_a_02000_d_03000_l_01000_p_00990,40.0,40.0,9.0,4.0,152,91.67324722093171,square-1-6,271,0.99
4601,square,0000-0156,noise_sampled_s_1_m_08000_a_02000_d_03000_l_01000_p_00990,40.0,40.0,0.0,7.0,156,91.67324722093171,square-1-6,272,0.99
4602,triangle,0000-0004,noise_sampled_s_1_m_08000_a_02000_d_03000_l_01000_p_00990,40.0,40.0,5.0,4.0,4,45.83662361046586,triangle-0-8,234,0.99
4603,triangle,0000-0008,noise_sampled_s_1_m_08000_a_02000_d_03000_l_01000_p_00990,40.0,40.0,5.0,4.0,8,45.83662361046586,triangle-0-8,235,0.99
4604,triangle,0000-0012,noise_sampled_s_1_m_08000_a_02000_d_03000_l_01000_p_00990,40.0,40.0,5.0,4.0,12,45.83662361046586,triangle-0-8,236,0.99
4605,triangle,0000-0016,noise_sampled_s_1_m_08000_a_02000_d_03000_l_01000_p_00990,40.0,40.0,5.0,4.0,16,45.83662361046586,triangle-0-8,237,0.99
4606,triangle,0000-0020,noise_sampled_s_1_m_08000_a_02000_d_03000_l_01000_p_00990,40.0,40.0,5.0,4.0,20,45.83662361046586,triangle-0-8,238,0.99
4607,triangle,0000-0024,noise_sampled_s_1_m_08000_a_02000_d_03000_l_01000_p_00990,40.0,40.0,5.0,4.0,24,45.83662361046586,triangle-0-8,239,0.99
4608,triangle,0000-0028,noise_sampled_s_1_m_08000_a_02000_d_03000_l_01000_p_00990,40.0,40.0,5.0,4.0,28,45.83662361046586,triangle-0-8,240,0.99
4609,triangle,0000-0032,noise_sampled_s_1_m_08000_a_02000_d_03000_l_01000_p_00990,40.0,40.0,5.0,4.0,32,45.83662361046586,triangle-0-8,241,0.99
4610,triangle,0000-0036,noise_sampled_s_1_m_08000_a_02000_d_03000_l_01000_p_00990,40.0,40.0,5.0,4.0,36,45.83662361046586,triangle-0-8,242,0.99
4611,triangle,0000-0040,noise_sampled_s_1_m_08000_a_02000_d_03000_l_01000_p_00990,40.0,40.0,5.0,4.0,40,45.83662361046586,triangle-0-8,243,0.99
4612,triangle,0000-0044,noise_sampled_s_1_m_08000_a_02000_d_03000_l_01000_p_00990,40.0,40.0,5.0,4.0,44,45.83662361046586,triangle-0-8,244,0.99
4613,triangle,0000-0048,noise_sampled_s_1_m_08000_a_02000_d_03000_l_01000_p_00990,40.0,40.0,5.0,4.0,48,45.83662361046586,triangle-0-8,245,0.99
4614,triangle,0000-0052,noise_sampled_s_1_m_08000_a_02000_d_03000_l_01000_p_00990,40.0,40.0,5.0,4.0,52,45.83662361046586,triangle-0-8,246,0.99
4615,triangle,0000-0056,noise_sampled_s_1_m_08000_a_02000_d_03000_l_01000_p_00990,40.0,40.0,5.0,4.0,56,45.83662361046586,triangle-0-8,247,0.99
4616,triangle,0000-0060,noise_sampled_s_1_m_08000_a_02000_d_03000_l_01000_p_00990,40.0,40.0,5.0,4.0,60,45.83662361046586,triangle-0-8,248,0.99
4617,triangle,0000-0064,noise_sampled_s_1_m_08000_a_02000_d_03000_l_01000_p_00990,40.0,40.0,5.0,4.0,64,45.83662361046586,triangle-0-8,249,0.99
4618,triangle,0000-0068,noise_sampled_s_1_m_08000_a_02000_d_03000_l_01000_p_00990,40.0,40.0,5.0,4.0,68,45.83662361046586,triangle-0-8,250,0.99
4619,triangle,0000-0072,noise_sampled_s_1_m_08000_a_02000_d_03000_l_01000_p_00990,40.0,40.0,5.0,4.0,72,45.83662361046586,triangle-0-8,251,0.99
4620,triangle,0000-0076,noise_sampled_s_1_m_08000_a_02000_d_03000_l_01000_p_00990,40.0,40.0,5.0,4.0,76,45.83662361046586,triangle-0-8,252,0.99
4621,triangle,0000-0080,noise_sampled_s_1_m_08000_a_02000_d_03000_l_01000_p_00990,40.0,40.0,5.0,4.0,80,45.83662361046586,triangle-0-8,253,0.99
4622,triangle,0000-0084,noise_sampled_s_1_m_08000_a_02000_d_03000_l_01000_p_00990,40.0,40.0,5.0,4.0,84,45.83662361046586,triangle-0-8,254,0.99
4623,triangle,0000-0088,noise_sampled_s_1_m_08000_a_02000_d_03000_l_01000_p_00990,40.0,40.0,5.0,4.0,88,45.83662361046586,triangle-0-8,255,0.99
4624,triangle,0000-0092,noise_sampled_s_1_m_08000_a_02000_d_03000_l_01000_p_00990,40.0,40.0,5.0,4.0,92,45.83662361046586,triangle-0-8,256,0.99
4625,triangle,0000-0096,noise_sampled_s_1_m_08000_a_02000_d_03000_l_01000_p_00990,40.0,40.0,5.0,4.0,96,45.83662361046586,triangle-0-8,257,0.99
4626,triangle,0000-0100,noise_sampled_s_1_m_08000_a_02000_d_03000_l_01000_p_00990,40.0,40.0,5.0,4.0,100,45.83662361046586,triangle-0-8,258,0.99
4627,triangle,0000-0104,noise_sampled_s_1_m_08000_a_02000_d_03000_l_01000_p_00990,40.0,40.0,5.0,4.0,104,45.83662361046586,triangle-0-8,259,0.99
4628,triangle,0000-0108,noise_sampled_s_1_m_08000_a_02000_d_03000_l_01000_p_00990,40.0,40.0,5.0,4.0,108,45.83662361046586,triangle-0-8,260,0.99
4629,triangle,0000-0112,noise_sampled_s_1_m_08000_a_02000_d_03000_l_01000_p_00990,40.0,40.0,5.0,4.0,112,45.83662361046586,triangle-0-8,261,0.99
4630,triangle,0000-0116,noise_sampled_s_1_m_08000_a_02000_d_03000_l_01000_p_00990,40.0,40.0,5.0,4.0,116,45.83662361046586,triangle-0-8,262,0.99
4631,triangle,0000-0120,noise_sampled_s_1_m_08000_a_02000_d_03000_l_01000_p_00990,40.0,40.0,5.0,4.0,120,45.83662361046586,triangle-0-8,263,0.99
4632,triangle,0000-0124,noise_sampled_s_1_m_08000_a_02000_d_03000_l_01000_p_00990,40.0,40.0,5.0,4.0,124,45.83662361046586,triangle-0-8,264,0.99
4633,triangle,0000-0128,noise_sampled_s_1_m_08000_a_02000_d_03000_l_01000_p_00990,40.0,40.0,5.0,4.0,128,45.83662361046586,triangle-0-8,265,0.99
4634,triangle,0000-0132,noise_sampled_s_1_m_08000_a_02000_d_03000_l_01000_p_00990,40.0,40.0,5.0,4.0,132,45.83662361046586,triangle-0-8,266,0.99
4635,triangle,0000-0136,noise_sampled_s_1_m_08000_a_02000_d_03000_l_01000_p_00990,40.0,40.0,5.0,4.0,136,45.83662361046586,triangle-0-8,267,0.99
4636,triangle,0000-0140,noise_sampled_s_1_m_08000_a_02000_d_03000_l_01000_p_00990,40.0,40.0,5.0,4.0,140,45.83662361046586,triangle-0-8,268,0.99
4637,triangle,0000-0144,noise_sampled_s_1_m_08000_a_02000_d_03000_l_01000_p_00990,40.0,40.0,5.0,4.0,144,45.83662361046586,triangle-0-8,269,0.99
4638,triangle,0000-0148,noise_sampled_s_1_m_08000_a_02000_d_03000_l_01000_p_00990,40.0,40.0,5.0,4.0,148,45.83662361046586,triangle-0-8,270,0.99
4639,triangle,0000-0152,noise_sampled_s_1_m_08000_a_02000_d_03000_l_01000_p_00990,40.0,40.0,5.0,4.0,152,45.83662361046586,triangle-0-8,271,0.99
4640,triangle,0000-0156,noise_sampled_s_1_m_08000_a_02000_d_03000_l_01000_p_00990,40.0,40.0,5.0,4.0,156,45.83662361046586,triangle-0-8,272,0.99
4641,square,0000-0004,noise_sampled_s_1_m_08000_a_02000_d_03000_l_01000_p_00990,40.0,40.0,5.0,0.0,4,57.29577951308232,square-1-0,234,0.99
4642,square,0000-0008,noise_sampled_s_1_m_08000_a_02000_d_03000_l_01000_p_00990,40.0,40.0,4.0,8.0,8,57.29577951308232,square-1-0,235,0.99
4643,square,0000-0012,noise_sampled_s_1_m_08000_a_02000_d_03000_l_01000_p_00990,40.0,40.0,8.0,0.0,12,57.29577951308232,square-1-0,236,0.99
4644,square,0000-0016,noise_sampled_s_1_m_08000_a_02000_d_03000_l_01000_p_00990,40.0,40.0,4.0,8.0,16,57.29577951308232,square-1-0,237,0.99
4645,square,0000-0020,noise_sampled_s_1_m_08000_a_02000_d_03000_l_01000_p_00990,40.0,40.0,8.0,0.0,20,57.29577951308232,square-1-0,238,0.99
4646,square,0000-0024,noise_sampled_s_1_m_08000_a_02000_d_03000_l_01000_p_00990,40.0,40.0,4.0,8.0,24,57.29577951308232,square-1-0,239,0.99
4647,square,0000-0028,noise_sampled_s_1_m_08000_a_02000_d_03000_l_01000_p_00990,40.0,40.0,8.0,0.0,28,57.29577951308232,square-1-0,240,0.99
4648,square,0000-0032,noise_sampled_s_1_m_08000_a_02000_d_03000_l_01000_p_00990,40.0,40.0,4.0,8.0,32,57.29577951308232,square-1-0,241,0.99
4649,square,0000-0036,noise_sampled_s_1_m_08000_a_02000_d_03000_l_01000_p_00990,40.0,40.0,9.0,0.0,36,57.29577951308232,square-1-0,242,0.99
4650,square,0000-0040,noise_sampled_s_1_m_08000_a_02000_d_03000_l_01000_p_00990,40.0,40.0,4.0,8.0,40,57.29577951308232,square-1-0,243,0.99
4651,square,0000-0044,noise_sampled_s_1_m_08000_a_02000_d_03000_l_01000_p_00990,40.0,40.0,9.0,0.0,44,57.29577951308232,square-1-0,244,0.99
4652,square,0000-0048,noise_sampled_s_1_m_08000_a_02000_d_03000_l_01000_p_00990,40.0,40.0,4.0,8.0,48,57.29577951308232,square-1-0,245,0.99
4653,square,0000-0052,noise_sampled_s_1_m_08000_a_02000_d_03000_l_01000_p_00990,40.0,40.0,9.0,0.0,52,57.29577951308232,square-1-0,246,0.99
4654,square,0000-0056,noise_sampled_s_1_m_08000_a_02000_d_03000_l_01000_p_00990,40.0,40.0,4.0,8.0,56,57.29577951308232,square-1-0,247,0.99
4655,square,0000-0060,noise_sampled_s_1_m_08000_a_02000_d_03000_l_01000_p_00990,40.0,40.0,8.0,0.0,60,57.29577951308232,square-1-0,248,0.99
4656,square,0000-0064,noise_sampled_s_1_m_08000_a_02000_d_03000_l_01000_p_00990,40.0,40.0,4.0,8.0,64,57.29577951308232,square-1-0,249,0.99
4657,square,0000-0068,noise_sampled_s_1_m_08000_a_02000_d_03000_l_01000_p_00990,40.0,40.0,9.0,0.0,68,57.29577951308232,square-1-0,250,0.99
4658,square,0000-0072,noise_sampled_s_1_m_08000_a_02000_d_03000_l_01000_p_00990,40.0,40.0,4.0,8.0,72,57.29577951308232,square-1-0,251,0.99
4659,square,0000-0076,noise_sampled_s_1_m_08000_a_02000_d_03000_l_01000_p_00990,40.0,40.0,9.0,0.0,76,57.29577951308232,square-1-0,252,0.99
4660,square,0000-0080,noise_sampled_s_1_m_08000_a_02000_d_03000_l_01000_p_00990,40.0,40.0,4.0,8.0,80,57.29577951308232,square-1-0,253,0.99
4661,square,0000-0084,noise_sampled_s_1_m_08000_a_02000_d_03000_l_01000_p_00990,40.0,40.0,8.0,0.0,84,57.29577951308232,square-1-0,254,0.99
4662,square,0000-0088,noise_sampled_s_1_m_08000_a_02000_d_03000_l_01000_p_00990,40.0,40.0,4.0,8.0,88,57.29577951308232,square-1-0,255,0.99
4663,square,0000-0092,noise_sampled_s_1_m_08000_a_02000_d_03000_l_01000_p_00990,40.0,40.0,8.0,0.0,92,57.29577951308232,square-1-0,256,0.99
4664,square,0000-0096,noise_sampled_s_1_m_08000_a_02000_d_03000_l_01000_p_00990,40.0,40.0,4.0,8.0,96,57.29577951308232,square-1-0,257,0.99
4665,square,0000-0100,noise_sampled_s_1_m_08000_a_02000_d_03000_l_01000_p_00990,40.0,40.0,8.0,0.0,100,57.29577951308232,square-1-0,258,0.99
4666,square,0000-0104,noise_sampled_s_1_m_08000_a_02000_d_03000_l_01000_p_00990,40.0,40.0,4.0,8.0,104,57.29577951308232,square-1-0,259,0.99
4667,square,0000-0108,noise_sampled_s_1_m_08000_a_02000_d_03000_l_01000_p_00990,40.0,40.0,9.0,0.0,108,57.29577951308232,square-1-0,260,0.99
4668,square,0000-0112,noise_sampled_s_1_m_08000_a_02000_d_03000_l_01000_p_00990,40.0,40.0,4.0,8.0,112,57.29577951308232,square-1-0,261,0.99
4669,square,0000-0116,noise_sampled_s_1_m_08000_a_02000_d_03000_l_01000_p_00990,40.0,40.0,8.0,0.0,116,57.29577951308232,square-1-0,262,0.99
4670,square,0000-0120,noise_sampled_s_1_m_08000_a_02000_d_03000_l_01000_p_00990,40.0,40.0,4.0,8.0,120,57.29577951308232,square-1-0,263,0.99
4671,square,0000-0124,noise_sampled_s_1_m_08000_a_02000_d_03000_l_01000_p_00990,40.0,40.0,8.0,0.0,124,57.29577951308232,square-1-0,264,0.99
4672,square,0000-0128,noise_sampled_s_1_m_08000_a_02000_d_03000_l_01000_p_00990,40.0,40.0,4.0,8.0,128,57.29577951308232,square-1-0,265,0.99
4673,square,0000-0132,noise_sampled_s_1_m_08000_a_02000_d_03000_l_01000_p_00990,40.0,40.0,9.0,0.0,132,57.29577951308232,square-1-0,266,0.99
4674,square,0000-0136,noise_sampled_s_1_m_08000_a_02000_d_03000_l_01000_p_00990,40.0,40.0,4.0,8.0,136,57.29577951308232,square-1-0,267,0.99
4675,square,0000-0140,noise_sampled_s_1_m_08000_a_02000_d_03000_l_01000_p_00990,40.0,40.0,8.0,0.0,140,57.29577951308232,square-1-0,268,0.99
4676,square,0000-0144,noise_sampled_s_1_m_08000_a_02000_d_03000_l_01000_p_00990,40.0,40.0,4.0,8.0,144,57.29577951308232,square-1-0,269,0.99
4677,square,0000-0148,noise_sampled_s_1_m_08000_a_02000_d_03000_l_01000_p_00990,40.0,40.0,8.0,0.0,148,57.29577951308232,square-1-0,270,0.99
4678,square,0000-0152,noise_sampled_s_1_m_08000_a_02000_d_03000_l_01000_p_00990,40.0,40.0,4.0,8.0,152,57.29577951308232,square-1-0,271,0.99
4679,square,0000-0156,noise_sampled_s_1_m_08000_a_02000_d_03000_l_01000_p_00990,40.0,40.0,8.0,0.0,156,57.29577951308232,square-1-0,272,0.99
4680,triangle,0000-0004,noise_sampled_s_1_m_08000_a_02000_d_03000_l_01000_p_00990,40.0,40.0,4.0,4.0,4,34.37746770784939,triangle-0-6,234,0.99
4681,triangle,0000-0008,noise_sampled_s_1_m_08000_a_02000_d_03000_l_01000_p_00990,40.0,40.0,5.0,5.0,8,34.37746770784939,triangle-0-6,235,0.99
4682,triangle,0000-0012,noise_sampled_s_1_m_08000_a_02000_d_03000_l_01000_p_00990,40.0,40.0,4.0,4.0,12,34.37746770784939,triangle-0-6,236,0.99
4683,triangle,0000-0016,noise_sampled_s_1_m_08000_a_02000_d_03000_l_01000_p_00990,40.0,40.0,5.0,5.0,16,34.37746770784939,triangle-0-6,237,0.99
4684,triangle,0000-0020,noise_sampled_s_1_m_08000_a_02000_d_03000_l_01000_p_00990,40.0,40.0,4.0,4.0,20,34.37746770784939,triangle-0-6,238,0.99
4685,triangle,0000-0024,noise_sampled_s_1_m_08000_a_02000_d_03000_l_01000_p_00990,40.0,40.0,5.0,5.0,24,34.37746770784939,triangle-0-6,239,0.99
4686,triangle,0000-0028,noise_sampled_s_1_m_08000_a_02000_d_03000_l_01000_p_00990,40.0,40.0,4.0,4.0,28,34.37746770784939,triangle-0-6,240,0.99
4687,triangle,0000-0032,noise_sampled_s_1_m_08000_a_02000_d_03000_l_01000_p_00990,40.0,40.0,5.0,5.0,32,34.37746770784939,triangle-0-6,241,0.99
4688,triangle,0000-0036,noise_sampled_s_1_m_08000_a_02000_d_03000_l_01000_p_00990,40.0,40.0,4.0,4.0,36,34.37746770784939,triangle-0-6,242,0.99
4689,triangle,0000-0040,noise_sampled_s_1_m_08000_a_02000_d_03000_l_01000_p_00990,40.0,40.0,5.0,5.0,40,34.37746770784939,triangle-0-6,243,0.99
4690,triangle,0000-0044,noise_sampled_s_1_m_08000_a_02000_d_03000_l_01000_p_00990,40.0,40.0,4.0,4.0,44,34.37746770784939,triangle-0-6,244,0.99
4691,triangle,0000-0048,noise_sampled_s_1_m_08000_a_02000_d_03000_l_01000_p_00990,40.0,40.0,5.0,5.0,48,34.37746770784939,triangle-0-6,245,0.99
4692,triangle,0000-0052,noise_sampled_s_1_m_08000_a_02000_d_03000_l_01000_p_00990,40.0,40.0,4.0,4.0,52,34.37746770784939,triangle-0-6,246,0.99
4693,triangle,0000-0056,noise_sampled_s_1_m_08000_a_02000_d_03000_l_01000_p_00990,40.0,40.0,5.0,5.0,56,34.37746770784939,triangle-0-6,247,0.99
4694,triangle,0000-0060,noise_sampled_s_1_m_08000_a_02000_d_03000_l_01000_p_00990,40.0,40.0,4.0,4.0,60,34.37746770784939,triangle-0-6,248,0.99
4695,triangle,0000-0064,noise_sampled_s_1_m_08000_a_02000_d_03000_l_01000_p_00990,40.0,40.0,5.0,5.0,64,34.37746770784939,triangle-0-6,249,0.99
4696,triangle,0000-0068,noise_sampled_s_1_m_08000_a_02000_d_03000_l_01000_p_00990,40.0,40.0,4.0,4.0,68,34.37746770784939,triangle-0-6,250,0.99
4697,triangle,0000-0072,noise_sampled_s_1_m_08000_a_02000_d_03000_l_01000_p_00990,40.0,40.0,5.0,5.0,72,34.37746770784939,triangle-0-6,251,0.99
4698,triangle,0000-0076,noise_sampled_s_1_m_08000_a_02000_d_03000_l_01000_p_00990,40.0,40.0,4.0,4.0,76,34.37746770784939,triangle-0-6,252,0.99
4699,triangle,0000-0080,noise_sampled_s_1_m_08000_a_02000_d_03000_l_01000_p_00990,40.0,40.0,5.0,5.0,80,34.37746770784939,triangle-0-6,253,0.99
4700,triangle,0000-0084,noise_sampled_s_1_m_08000_a_02000_d_03000_l_01000_p_00990,40.0,40.0,4.0,4.0,84,34.37746770784939,triangle-0-6,254,0.99
4701,triangle,0000-0088,noise_sampled_s_1_m_08000_a_02000_d_03000_l_01000_p_00990,40.0,40.0,5.0,5.0,88,34.37746770784939,triangle-0-6,255,0.99
4702,triangle,0000-0092,noise_sampled_s_1_m_08000_a_02000_d_03000_l_01000_p_00990,40.0,40.0,4.0,4.0,92,34.37746770784939,triangle-0-6,256,0.99
4703,triangle,0000-0096,noise_sampled_s_1_m_08000_a_02000_d_03000_l_01000_p_00990,40.0,40.0,5.0,5.0,96,34.37746770784939,triangle-0-6,257,0.99
4704,triangle,0000-0100,noise_sampled_s_1_m_08000_a_02000_d_03000_l_01000_p_00990,40.0,40.0,4.0,4.0,100,34.37746770784939,triangle-0-6,258,0.99
4705,triangle,0000-0104,noise_sampled_s_1_m_08000_a_02000_d_03000_l_01000_p_00990,40.0,40.0,5.0,5.0,104,34.37746770784939,triangle-0-6,259,0.99
4706,triangle,0000-0108,noise_sampled_s_1_m_08000_a_02000_d_03000_l_01000_p_00990,40.0,40.0,4.0,4.0,108,34.37746770784939,triangle-0-6,260,0.99
4707,triangle,0000-0112,noise_sampled_s_1_m_08000_a_02000_d_03000_l_01000_p_00990,40.0,40.0,5.0,5.0,112,34.37746770784939,triangle-0-6,261,0.99
4708,triangle,0000-0116,noise_sampled_s_1_m_08000_a_02000_d_03000_l_01000_p_00990,40.0,40.0,4.0,4.0,116,34.37746770784939,triangle-0-6,262,0.99
4709,triangle,0000-0120,noise_sampled_s_1_m_08000_a_02000_d_03000_l_01000_p_00990,40.0,40.0,5.0,5.0,120,34.37746770784939,triangle-0-6,263,0.99
4710,triangle,0000-0124,noise_sampled_s_1_m_08000_a_02000_d_03000_l_01000_p_00990,40.0,40.0,4.0,4.0,124,34.37746770784939,triangle-0-6,264,0.99
4711,triangle,0000-0128,noise_sampled_s_1_m_08000_a_02000_d_03000_l_01000_p_00990,40.0,40.0,5.0,5.0,128,34.37746770784939,triangle-0-6,265,0.99
4712,triangle,0000-0132,noise_sampled_s_1_m_08000_a_02000_d_03000_l_01000_p_00990,40.0,40.0,4.0,4.0,132,34.37746770784939,triangle-0-6,266,0.99
4713,triangle,0000-0136,noise_sampled_s_1_m_08000_a_02000_d_03000_l_01000_p_00990,40.0,40.0,5.0,5.0,136,34.37746770784939,triangle-0-6,267,0.99
4714,triangle,0000-0140,noise_sampled_s_1_m_08000_a_02000_d_03000_l_01000_p_00990,40.0,40.0,4.0,4.0,140,34.37746770784939,triangle-0-6,268,0.99
4715,triangle,0000-0144,noise_sampled_s_1_m_08000_a_02000_d_03000_l_01000_p_00990,40.0,40.0,5.0,5.0,144,34.37746770784939,triangle-0-6,269,0.99
4716,triangle,0000-0148,noise_sampled_s_1_m_08000_a_02000_d_03000_l_01000_p_00990,40.0,40.0,4.0,4.0,148,34.37746770784939,triangle-0-6,270,0.99
4717,triangle,0000-0152,noise_sampled_s_1_m_08000_a_02000_d_03000_l_01000_p_00990,40.0,40.0,5.0,5.0,152,34.37746770784939,triangle-0-6,271,0.99
4718,triangle,0000-0156,noise_sampled_s_1_m_08000_a_02000_d_03000_l_01000_p_00990,40.0,40.0,4.0,4.0,156,34.37746770784939,triangle-0-6,272,0.99
4719,square,0000-0004,noise_sampled_s_1_m_08000_a_02000_d_03000_l_01000_p_00990,40.0,40.0,6.0,0.0,4,45.83662361046586,square-0-8,234,0.99
4720,square,0000-0008,noise_sampled_s_1_m_08000_a_02000_d_03000_l_01000_p_00990,40.0,40.0,3.0,8.0,8,45.83662361046586,square-0-8,235,0.99
4721,square,0000-0012,noise_sampled_s_1_m_08000_a_02000_d_03000_l_01000_p_00990,40.0,40.0,6.0,1.0,12,45.83662361046586,square-0-8,236,0.99
4722,square,0000-0016,noise_sampled_s_1_m_08000_a_02000_d_03000_l_01000_p_00990,40.0,40.0,3.0,8.0,16,45.83662361046586,square-0-8,237,0.99
4723,square,0000-0020,noise_sampled_s_1_m_08000_a_02000_d_03000_l_01000_p_00990,40.0,40.0,6.0,1.0,20,45.83662361046586,square-0-8,238,0.99
4724,square,0000-0024,noise_sampled_s_1_m_08000_a_02000_d_03000_l_01000_p_00990,40.0,40.0,3.0,8.0,24,45.83662361046586,square-0-8,239,0.99
4725,square,0000-0028,noise_sampled_s_1_m_08000_a_02000_d_03000_l_01000_p_00990,40.0,40.0,6.0,1.0,28,45.83662361046586,square-0-8,240,0.99
4726,square,0000-0032,noise_sampled_s_1_m_08000_a_02000_d_03000_l_01000_p_00990,40.0,40.0,3.0,8.0,32,45.83662361046586,square-0-8,241,0.99
4727,square,0000-0036,noise_sampled_s_1_m_08000_a_02000_d_03000_l_01000_p_00990,40.0,40.0,6.0,0.0,36,45.83662361046586,square-0-8,242,0.99
4728,square,0000-0040,noise_sampled_s_1_m_08000_a_02000_d_03000_l_01000_p_00990,40.0,40.0,3.0,8.0,40,45.83662361046586,square-0-8,243,0.99
4729,square,0000-0044,noise_sampled_s_1_m_08000_a_02000_d_03000_l_01000_p_00990,40.0,40.0,6.0,0.0,44,45.83662361046586,square-0-8,244,0.99
4730,square,0000-0048,noise_sampled_s_1_m_08000_a_02000_d_03000_l_01000_p_00990,40.0,40.0,3.0,8.0,48,45.83662361046586,square-0-8,245,0.99
4731,square,0000-0052,noise_sampled_s_1_m_08000_a_02000_d_03000_l_01000_p_00990,40.0,40.0,6.0,1.0,52,45.83662361046586,square-0-8,246,0.99
4732,square,0000-0056,noise_sampled_s_1_m_08000_a_02000_d_03000_l_01000_p_00990,40.0,40.0,3.0,8.0,56,45.83662361046586,square-0-8,247,0.99
4733,square,0000-0060,noise_sampled_s_1_m_08000_a_02000_d_03000_l_01000_p_00990,40.0,40.0,6.0,0.0,60,45.83662361046586,square-0-8,248,0.99
4734,square,0000-0064,noise_sampled_s_1_m_08000_a_02000_d_03000_l_01000_p_00990,40.0,40.0,3.0,8.0,64,45.83662361046586,square-0-8,249,0.99
4735,square,0000-0068,noise_sampled_s_1_m_08000_a_02000_d_03000_l_01000_p_00990,40.0,40.0,6.0,0.0,68,45.83662361046586,square-0-8,250,0.99
4736,square,0000-0072,noise_sampled_s_1_m_08000_a_02000_d_03000_l_01000_p_00990,40.0,40.0,3.0,8.0,72,45.83662361046586,square-0-8,251,0.99
4737,square,0000-0076,noise_sampled_s_1_m_08000_a_02000_d_03000_l_01000_p_00990,40.0,40.0,6.0,0.0,76,45.83662361046586,square-0-8,252,0.99
4738,square,0000-0080,noise_sampled_s_1_m_08000_a_02000_d_03000_l_01000_p_00990,40.0,40.0,3.0,8.0,80,45.83662361046586,square-0-8,253,0.99
4739,square,0000-0084,noise_sampled_s_1_m_08000_a_02000_d_03000_l_01000_p_00990,40.0,40.0,6.0,0.0,84,45.83662361046586,square-0-8,254,0.99
4740,square,0000-0088,noise_sampled_s_1_m_08000_a_02000_d_03000_l_01000_p_00990,40.0,40.0,3.0,8.0,88,45.83662361046586,square-0-8,255,0.99
4741,square,0000-0092,noise_sampled_s_1_m_08000_a_02000_d_03000_l_01000_p_00990,40.0,40.0,6.0,1.0,92,45.83662361046586,square-0-8,256,0.99
4742,square,0000-0096,noise_sampled_s_1_m_08000_a_02000_d_03000_l_01000_p_00990,40.0,40.0,3.0,8.0,96,45.83662361046586,square-0-8,257,0.99
4743,square,0000-0100,noise_sampled_s_1_m_08000_a_02000_d_03000_l_01000_p_00990,40.0,40.0,6.0,0.0,100,45.83662361046586,square-0-8,258,0.99
4744,square,0000-0104,noise_sampled_s_1_m_08000_a_02000_d_03000_l_01000_p_00990,40.0,40.0,3.0,8.0,104,45.83662361046586,square-0-8,259,0.99
4745,square,0000-0108,noise_sampled_s_1_m_08000_a_02000_d_03000_l_01000_p_00990,40.0,40.0,6.0,1.0,108,45.83662361046586,square-0-8,260,0.99
4746,square,0000-0112,noise_sampled_s_1_m_08000_a_02000_d_03000_l_01000_p_00990,40.0,40.0,3.0,8.0,112,45.83662361046586,square-0-8,261,0.99
4747,square,0000-0116,noise_sampled_s_1_m_08000_a_02000_d_03000_l_01000_p_00990,40.0,40.0,6.0,1.0,116,45.83662361046586,square-0-8,262,0.99
4748,square,0000-0120,noise_sampled_s_1_m_08000_a_02000_d_03000_l_01000_p_00990,40.0,40.0,3.0,8.0,120,45.83662361046586,square-0-8,263,0.99
4749,square,0000-0124,noise_sampled_s_1_m_08000_a_02000_d_03000_l_01000_p_00990,40.0,40.0,6.0,1.0,124,45.83662361046586,square-0-8,264,0.99
4750,square,0000-0128,noise_sampled_s_1_m_08000_a_02000_d_03000_l_01000_p_00990,40.0,40.0,3.0,8.0,128,45.83662361046586,square-0-8,265,0.99
4751,square,0000-0132,noise_sampled_s_1_m_08000_a_02000_d_03000_l_01000_p_00990,40.0,40.0,6.0,1.0,132,45.83662361046586,square-0-8,266,0.99
4752,square,0000-0136,noise_sampled_s_1_m_08000_a_02000_d_03000_l_01000_p_00990,40.0,40.0,3.0,8.0,136,45.83662361046586,square-0-8,267,0.99
4753,square,0000-0140,noise_sampled_s_1_m_08000_a_02000_d_03000_l_01000_p_00990,40.0,40.0,6.0,1.0,140,45.83662361046586,square-0-8,268,0.99
4754,square,0000-0144,noise_sampled_s_1_m_08000_a_02000_d_03000_l_01000_p_00990,40.0,40.0,3.0,8.0,144,45.83662361046586,square-0-8,269,0.99
4755,square,0000-0148,noise_sampled_s_1_m_08000_a_02000_d_03000_l_01000_p_00990,40.0,40.0,6.0,1.0,148,45.83662361046586,square-0-8,270,0.99
4756,square,0000-0152,noise_sampled_s_1_m_08000_a_02000_d_03000_l_01000_p_00990,40.0,40.0,3.0,8.0,152,45.83662361046586,square-0-8,271,0.99
4757,square,0000-0156,noise_sampled_s_1_m_08000_a_02000_d_03000_l_01000_p_00990,40.0,40.0,6.0,1.0,156,45.83662361046586,square-0-8,272,0.99
4758,triangle,0000-0004,noise_sampled_s_1_m_08000_a_02000_d_03000_l_01000_p_00990,40.0,40.0,4.0,4.0,4,22.91831180523293,triangle-0-4,234,0.99
4759,triangle,0000-0008,noise_sampled_s_1_m_08000_a_02000_d_03000_l_01000_p_00990,40.0,40.0,5.0,5.0,8,22.91831180523293,triangle-0-4,235,0.99
4760,triangle,0000-0012,noise_sampled_s_1_m_08000_a_02000_d_03000_l_01000_p_00990,40.0,40.0,5.0,5.0,12,22.91831180523293,triangle-0-4,236,0.99
4761,triangle,0000-0016,noise_sampled_s_1_m_08000_a_02000_d_03000_l_01000_p_00990,40.0,40.0,5.0,5.0,16,22.91831180523293,triangle-0-4,237,0.99
4762,triangle,0000-0020,noise_sampled_s_1_m_08000_a_02000_d_03000_l_01000_p_00990,40.0,40.0,5.0,5.0,20,22.91831180523293,triangle-0-4,238,0.99
4763,triangle,0000-0024,noise_sampled_s_1_m_08000_a_02000_d_03000_l_01000_p_00990,40.0,40.0,5.0,5.0,24,22.91831180523293,triangle-0-4,239,0.99
4764,triangle,0000-0028,noise_sampled_s_1_m_08000_a_02000_d_03000_l_01000_p_00990,40.0,40.0,5.0,5.0,28,22.91831180523293,triangle-0-4,240,0.99
4765,triangle,0000-0032,noise_sampled_s_1_m_08000_a_02000_d_03000_l_01000_p_00990,40.0,40.0,5.0,5.0,32,22.91831180523293,triangle-0-4,241,0.99
4766,triangle,0000-0036,noise_sampled_s_1_m_08000_a_02000_d_03000_l_01000_p_00990,40.0,40.0,5.0,5.0,36,22.91831180523293,triangle-0-4,242,0.99
4767,triangle,0000-0040,noise_sampled_s_1_m_08000_a_02000_d_03000_l_01000_p_00990,40.0,40.0,5.0,5.0,40,22.91831180523293,triangle-0-4,243,0.99
4768,triangle,0000-0044,noise_sampled_s_1_m_08000_a_02000_d_03000_l_01000_p_00990,40.0,40.0,5.0,5.0,44,22.91831180523293,triangle-0-4,244,0.99
4769,triangle,0000-0048,noise_sampled_s_1_m_08000_a_02000_d_03000_l_01000_p_00990,40.0,40.0,5.0,5.0,48,22.91831180523293,triangle-0-4,245,0.99
4770,triangle,0000-0052,noise_sampled_s_1_m_08000_a_02000_d_03000_l_01000_p_00990,40.0,40.0,5.0,5.0,52,22.91831180523293,triangle-0-4,246,0.99
4771,triangle,0000-0056,noise_sampled_s_1_m_08000_a_02000_d_03000_l_01000_p_00990,40.0,40.0,5.0,5.0,56,22.91831180523293,triangle-0-4,247,0.99
4772,triangle,0000-0060,noise_sampled_s_1_m_08000_a_02000_d_03000_l_01000_p_00990,40.0,40.0,5.0,5.0,60,22.91831180523293,triangle-0-4,248,0.99
4773,triangle,0000-0064,noise_sampled_s_1_m_08000_a_02000_d_03000_l_01000_p_00990,40.0,40.0,5.0,5.0,64,22.91831180523293,triangle-0-4,249,0.99
4774,triangle,0000-0068,noise_sampled_s_1_m_08000_a_02000_d_03000_l_01000_p_00990,40.0,40.0,5.0,5.0,68,22.91831180523293,triangle-0-4,250,0.99
4775,triangle,0000-0072,noise_sampled_s_1_m_08000_a_02000_d_03000_l_01000_p_00990,40.0,40.0,5.0,5.0,72,22.91831180523293,triangle-0-4,251,0.99
4776,triangle,0000-0076,noise_sampled_s_1_m_08000_a_02000_d_03000_l_01000_p_00990,40.0,40.0,5.0,5.0,76,22.91831180523293,triangle-0-4,252,0.99
4777,triangle,0000-0080,noise_sampled_s_1_m_08000_a_02000_d_03000_l_01000_p_00990,40.0,40.0,5.0,5.0,80,22.91831180523293,triangle-0-4,253,0.99
4778,triangle,0000-0084,noise_sampled_s_1_m_08000_a_02000_d_03000_l_01000_p_00990,40.0,40.0,5.0,5.0,84,22.91831180523293,triangle-0-4,254,0.99
4779,triangle,0000-0088,noise_sampled_s_1_m_08000_a_02000_d_03000_l_01000_p_00990,40.0,40.0,5.0,5.0,88,22.91831180523293,triangle-0-4,255,0.99
4780,triangle,0000-0092,noise_sampled_s_1_m_08000_a_02000_d_03000_l_01000_p_00990,40.0,40.0,5.0,5.0,92,22.91831180523293,triangle-0-4,256,0.99
4781,triangle,0000-0096,noise_sampled_s_1_m_08000_a_02000_d_03000_l_01000_p_00990,40.0,40.0,5.0,5.0,96,22.91831180523293,triangle-0-4,257,0.99
4782,triangle,0000-0100,noise_sampled_s_1_m_08000_a_02000_d_03000_l_01000_p_00990,40.0,40.0,5.0,5.0,100,22.91831180523293,triangle-0-4,258,0.99
4783,triangle,0000-0104,noise_sampled_s_1_m_08000_a_02000_d_03000_l_01000_p_00990,40.0,40.0,5.0,5.0,104,22.91831180523293,triangle-0-4,259,0.99
4784,triangle,0000-0108,noise_sampled_s_1_m_08000_a_02000_d_03000_l_01000_p_00990,40.0,40.0,5.0,5.0,108,22.91831180523293,triangle-0-4,260,0.99
4785,triangle,0000-0112,noise_sampled_s_1_m_08000_a_02000_d_03000_l_01000_p_00990,40.0,40.0,5.0,5.0,112,22.91831180523293,triangle-0-4,261,0.99
4786,triangle,0000-0116,noise_sampled_s_1_m_08000_a_02000_d_03000_l_01000_p_00990,40.0,40.0,5.0,5.0,116,22.91831180523293,triangle-0-4,262,0.99
4787,triangle,0000-0120,noise_sampled_s_1_m_08000_a_02000_d_03000_l_01000_p_00990,40.0,40.0,5.0,5.0,120,22.91831180523293,triangle-0-4,263,0.99
4788,triangle,0000-0124,noise_sampled_s_1_m_08000_a_02000_d_03000_l_01000_p_00990,40.0,40.0,5.0,5.0,124,22.91831180523293,triangle-0-4,264,0.99
4789,triangle,0000-0128,noise_sampled_s_1_m_08000_a_02000_d_03000_l_01000_p_00990,40.0,40.0,5.0,5.0,128,22.91831180523293,triangle-0-4,265,0.99
4790,triangle,0000-0132,noise_sampled_s_1_m_08000_a_02000_d_03000_l_01000_p_00990,40.0,40.0,5.0,5.0,132,22.91831180523293,triangle-0-4,266,0.99
4791,triangle,0000-0136,noise_sampled_s_1_m_08000_a_02000_d_03000_l_01000_p_00990,40.0,40.0,5.0,5.0,136,22.91831180523293,triangle-0-4,267,0.99
4792,triangle,0000-0140,noise_sampled_s_1_m_08000_a_02000_d_03000_l_01000_p_00990,40.0,40.0,5.0,5.0,140,22.91831180523293,triangle-0-4,268,0.99
4793,triangle,0000-0144,noise_sampled_s_1_m_08000_a_02000_d_03000_l_01000_p_00990,40.0,40.0,5.0,5.0,144,22.91831180523293,triangle-0-4,269,0.99
4794,triangle,0000-0148,noise_sampled_s_1_m_08000_a_02000_d_03000_l_01000_p_00990,40.0,40.0,5.0,5.0,148,22.91831180523293,triangle-0-4,270,0.99
4795,triangle,0000-0152,noise_sampled_s_1_m_08000_a_02000_d_03000_l_01000_p_00990,40.0,40.0,5.0,5.0,152,22.91831180523293,triangle-0-4,271,0.99
4796,triangle,0000-0156,noise_sampled_s_1_m_08000_a_02000_d_03000_l_01000_p_00990,40.0,40.0,5.0,5.0,156,22.91831180523293,triangle-0-4,272,0.99
4797,triangle,0000-0004,noise_sampled_s_1_m_08000_a_02000_d_03000_l_01000_p_00990,40.0,40.0,3.0,4.0,4,57.29577951308232,triangle-1-0,234,0.99
4798,triangle,0000-0008,noise_sampled_s_1_m_08000_a_02000_d_03000_l_01000_p_00990,40.0,40.0,5.0,4.0,8,57.29577951308232,triangle-1-0,235,0.99
4799,triangle,0000-0012,noise_sampled_s_1_m_08000_a_02000_d_03000_l_01000_p_00990,40.0,40.0,5.0,4.0,12,57.29577951308232,triangle-1-0,236,0.99
4800,triangle,0000-0016,noise_sampled_s_1_m_08000_a_02000_d_03000_l_01000_p_00990,40.0,40.0,5.0,4.0,16,57.29577951308232,triangle-1-0,237,0.99
4801,triangle,0000-0020,noise_sampled_s_1_m_08000_a_02000_d_03000_l_01000_p_00990,40.0,40.0,5.0,4.0,20,57.29577951308232,triangle-1-0,238,0.99
4802,triangle,0000-0024,noise_sampled_s_1_m_08000_a_02000_d_03000_l_01000_p_00990,40.0,40.0,5.0,4.0,24,57.29577951308232,triangle-1-0,239,0.99
4803,triangle,0000-0028,noise_sampled_s_1_m_08000_a_02000_d_03000_l_01000_p_00990,40.0,40.0,5.0,4.0,28,57.29577951308232,triangle-1-0,240,0.99
4804,triangle,0000-0032,noise_sampled_s_1_m_08000_a_02000_d_03000_l_01000_p_00990,40.0,40.0,5.0,4.0,32,57.29577951308232,triangle-1-0,241,0.99
4805,triangle,0000-0036,noise_sampled_s_1_m_08000_a_02000_d_03000_l_01000_p_00990,40.0,40.0,5.0,4.0,36,57.29577951308232,triangle-1-0,242,0.99
4806,triangle,0000-0040,noise_sampled_s_1_m_08000_a_02000_d_03000_l_01000_p_00990,40.0,40.0,5.0,4.0,40,57.29577951308232,triangle-1-0,243,0.99
4807,triangle,0000-0044,noise_sampled_s_1_m_08000_a_02000_d_03000_l_01000_p_00990,40.0,40.0,5.0,4.0,44,57.29577951308232,triangle-1-0,244,0.99
4808,triangle,0000-0048,noise_sampled_s_1_m_08000_a_02000_d_03000_l_01000_p_00990,40.0,40.0,5.0,4.0,48,57.29577951308232,triangle-1-0,245,0.99
4809,triangle,0000-0052,noise_sampled_s_1_m_08000_a_02000_d_03000_l_01000_p_00990,40.0,40.0,5.0,4.0,52,57.29577951308232,triangle-1-0,246,0.99
4810,triangle,0000-0056,noise_sampled_s_1_m_08000_a_02000_d_03000_l_01000_p_00990,40.0,40.0,5.0,4.0,56,57.29577951308232,triangle-1-0,247,0.99
4811,triangle,0000-0060,noise_sampled_s_1_m_08000_a_02000_d_03000_l_01000_p_00990,40.0,40.0,5.0,4.0,60,57.29577951308232,triangle-1-0,248,0.99
4812,triangle,0000-0064,noise_sampled_s_1_m_08000_a_02000_d_03000_l_01000_p_00990,40.0,40.0,5.0,4.0,64,57.29577951308232,triangle-1-0,249,0.99
4813,triangle,0000-0068,noise_sampled_s_1_m_08000_a_02000_d_03000_l_01000_p_00990,40.0,40.0,5.0,4.0,68,57.29577951308232,triangle-1-0,250,0.99
4814,triangle,0000-0072,noise_sampled_s_1_m_08000_a_02000_d_03000_l_01000_p_00990,40.0,40.0,5.0,4.0,72,57.29577951308232,triangle-1-0,251,0.99
4815,triangle,0000-0076,noise_sampled_s_1_m_08000_a_02000_d_03000_l_01000_p_00990,40.0,40.0,5.0,4.0,76,57.29577951308232,triangle-1-0,252,0.99
4816,triangle,0000-0080,noise_sampled_s_1_m_08000_a_02000_d_03000_l_01000_p_00990,40.0,40.0,5.0,4.0,80,57.29577951308232,triangle-1-0,253,0.99
4817,triangle,0000-0084,noise_sampled_s_1_m_08000_a_02000_d_03000_l_01000_p_00990,40.0,40.0,5.0,4.0,84,57.29577951308232,triangle-1-0,254,0.99
4818,triangle,0000-0088,noise_sampled_s_1_m_08000_a_02000_d_03000_l_01000_p_00990,40.0,40.0,5.0,4.0,88,57.29577951308232,triangle-1-0,255,0.99
4819,triangle,0000-0092,noise_sampled_s_1_m_08000_a_02000_d_03000_l_01000_p_00990,40.0,40.0,5.0,4.0,92,57.29577951308232,triangle-1-0,256,0.99
4820,triangle,0000-0096,noise_sampled_s_1_m_08000_a_02000_d_03000_l_01000_p_00990,40.0,40.0,5.0,4.0,96,57.29577951308232,triangle-1-0,257,0.99
4821,triangle,0000-0100,noise_sampled_s_1_m_08000_a_02000_d_03000_l_01000_p_00990,40.0,40.0,5.0,4.0,100,57.29577951308232,triangle-1-0,258,0.99
4822,triangle,0000-0104,noise_sampled_s_1_m_08000_a_02000_d_03000_l_01000_p_00990,40.0,40.0,5.0,4.0,104,57.29577951308232,triangle-1-0,259,0.99
4823,triangle,0000-0108,noise_sampled_s_1_m_08000_a_02000_d_03000_l_01000_p_00990,40.0,40.0,5.0,4.0,108,57.29577951308232,triangle-1-0,260,0.99
4824,triangle,0000-0112,noise_sampled_s_1_m_08000_a_02000_d_03000_l_01000_p_00990,40.0,40.0,5.0,4.0,112,57.29577951308232,triangle-1-0,261,0.99
4825,triangle,0000-0116,noise_sampled_s_1_m_08000_a_02000_d_03000_l_01000_p_00990,40.0,40.0,5.0,4.0,116,57.29577951308232,triangle-1-0,262,0.99
4826,triangle,0000-0120,noise_sampled_s_1_m_08000_a_02000_d_03000_l_01000_p_00990,40.0,40.0,5.0,4.0,120,57.29577951308232,triangle-1-0,263,0.99
4827,triangle,0000-0124,noise_sampled_s_1_m_08000_a_02000_d_03000_l_01000_p_00990,40.0,40.0,5.0,4.0,124,57.29577951308232,triangle-1-0,264,0.99
4828,triangle,0000-0128,noise_sampled_s_1_m_08000_a_02000_d_03000_l_01000_p_00990,40.0,40.0,5.0,4.0,128,57.29577951308232,triangle-1-0,265,0.99
4829,triangle,0000-0132,noise_sampled_s_1_m_08000_a_02000_d_03000_l_01000_p_00990,40.0,40.0,5.0,4.0,132,57.29577951308232,triangle-1-0,266,0.99
4830,triangle,0000-0136,noise_sampled_s_1_m_08000_a_02000_d_03000_l_01000_p_00990,40.0,40.0,5.0,4.0,136,57.29577951308232,triangle-1-0,267,0.99
4831,triangle,0000-0140,noise_sampled_s_1_m_08000_a_02000_d_03000_l_01000_p_00990,40.0,40.0,5.0,4.0,140,57.29577951308232,triangle-1-0,268,0.99
4832,triangle,0000-0144,noise_sampled_s_1_m_08000_a_02000_d_03000_l_01000_p_00990,40.0,40.0,5.0,4.0,144,57.29577951308232,triangle-1-0,269,0.99
4833,triangle,0000-0148,noise_sampled_s_1_m_08000_a_02000_d_03000_l_01000_p_00990,40.0,40.0,5.0,4.0,148,57.29577951308232,triangle-1-0,270,0.99
4834,triangle,0000-0152,noise_sampled_s_1_m_08000_a_02000_d_03000_l_01000_p_00990,40.0,40.0,5.0,4.0,152,57.29577951308232,triangle-1-0,271,0.99
4835,triangle,0000-0156,noise_sampled_s_1_m_08000_a_02000_d_03000_l_01000_p_00990,40.0,40.0,5.0,4.0,156,57.29577951308232,triangle-1-0,272,0.99
4836,square,0000-0004,noise_sampled_s_1_m_08000_a_02000_d_03000_l_01000_p_00990,40.0,40.0,0.0,6.0,4,80.21409131831524,square-1-4,234,0.99
4837,square,0000-0008,noise_sampled_s_1_m_08000_a_02000_d_03000_l_01000_p_00990,40.0,40.0,9.0,5.0,8,80.21409131831524,square-1-4,235,0.99
4838,square,0000-0012,noise_sampled_s_1_m_08000_a_02000_d_03000_l_01000_p_00990,40.0,40.0,0.0,6.0,12,80.21409131831524,square-1-4,236,0.99
4839,square,0000-0016,noise_sampled_s_1_m_08000_a_02000_d_03000_l_01000_p_00990,40.0,40.0,9.0,5.0,16,80.21409131831524,square-1-4,237,0.99
4840,square,0000-0020,noise_sampled_s_1_m_08000_a_02000_d_03000_l_01000_p_00990,40.0,40.0,0.0,7.0,20,80.21409131831524,square-1-4,238,0.99
4841,square,0000-0024,noise_sampled_s_1_m_08000_a_02000_d_03000_l_01000_p_00990,40.0,40.0,9.0,5.0,24,80.21409131831524,square-1-4,239,0.99
4842,square,0000-0028,noise_sampled_s_1_m_08000_a_02000_d_03000_l_01000_p_00990,40.0,40.0,0.0,7.0,28,80.21409131831524,square-1-4,240,0.99
4843,square,0000-0032,noise_sampled_s_1_m_08000_a_02000_d_03000_l_01000_p_00990,40.0,40.0,9.0,5.0,32,80.21409131831524,square-1-4,241,0.99
4844,square,0000-0036,noise_sampled_s_1_m_08000_a_02000_d_03000_l_01000_p_00990,40.0,40.0,0.0,6.0,36,80.21409131831524,square-1-4,242,0.99
4845,square,0000-0040,noise_sampled_s_1_m_08000_a_02000_d_03000_l_01000_p_00990,40.0,40.0,9.0,5.0,40,80.21409131831524,square-1-4,243,0.99
4846,square,0000-0044,noise_sampled_s_1_m_08000_a_02000_d_03000_l_01000_p_00990,40.0,40.0,0.0,6.0,44,80.21409131831524,square-1-4,244,0.99
4847,square,0000-0048,noise_sampled_s_1_m_08000_a_02000_d_03000_l_01000_p_00990,40.0,40.0,9.0,5.0,48,80.21409131831524,square-1-4,245,0.99
4848,square,0000-0052,noise_sampled_s_1_m_08000_a_02000_d_03000_l_01000_p_00990,40.0,40.0,0.0,6.0,52,80.21409131831524,square-1-4,246,0.99
4849,square,0000-0056,noise_sampled_s_1_m_08000_a_02000_d_03000_l_01000_p_00990,40.0,40.0,9.0,5.0,56,80.21409131831524,square-1-4,247,0.99
4850,square,0000-0060,noise_sampled_s_1_m_08000_a_02000_d_03000_l_01000_p_00990,40.0,40.0,0.0,6.0,60,80.21409131831524,square-1-4,248,0.99
4851,square,0000-0064,noise_sampled_s_1_m_08000_a_02000_d_03000_l_01000_p_00990,40.0,40.0,9.0,5.0,64,80.21409131831524,square-1-4,249,0.99
4852,square,0000-0068,noise_sampled_s_1_m_08000_a_02000_d_03000_l_01000_p_00990,40.0,40.0,0.0,6.0,68,80.21409131831524,square-1-4,250,0.99
4853,square,0000-0072,noise_sampled_s_1_m_08000_a_02000_d_03000_l_01000_p_00990,40.0,40.0,9.0,5.0,72,80.21409131831524,square-1-4,251,0.99
4854,square,0000-0076,noise_sampled_s_1_m_08000_a_02000_d_03000_l_01000_p_00990,40.0,40.0,0.0,6.0,76,80.21409131831524,square-1-4,252,0.99
4855,square,0000-0080,noise_sampled_s_1_m_08000_a_02000_d_03000_l_01000_p_00990,40.0,40.0,9.0,5.0,80,80.21409131831524,square-1-4,253,0.99
4856,square,0000-0084,noise_sampled_s_1_m_08000_a_02000_d_03000_l_01000_p_00990,40.0,40.0,0.0,6.0,84,80.21409131831524,square-1-4,254,0.99
4857,square,0000-0088,noise_sampled_s_1_m_08000_a_02000_d_03000_l_01000_p_00990,40.0,40.0,9.0,5.0,88,80.21409131831524,square-1-4,255,0.99
4858,square,0000-0092,noise_sampled_s_1_m_08000_a_02000_d_03000_l_01000_p_00990,40.0,40.0,0.0,6.0,92,80.21409131831524,square-1-4,256,0.99
4859,square,0000-0096,noise_sampled_s_1_m_08000_a_02000_d_03000_l_01000_p_00990,40.0,40.0,9.0,5.0,96,80.21409131831524,square-1-4,257,0.99
4860,square,0000-0100,noise_sampled_s_1_m_08000_a_02000_d_03000_l_01000_p_00990,40.0,40.0,0.0,6.0,100,80.21409131831524,square-1-4,258,0.99
4861,square,0000-0104,noise_sampled_s_1_m_08000_a_02000_d_03000_l_01000_p_00990,40.0,40.0,9.0,5.0,104,80.21409131831524,square-1-4,259,0.99
4862,square,0000-0108,noise_sampled_s_1_m_08000_a_02000_d_03000_l_01000_p_00990,40.0,40.0,0.0,6.0,108,80.21409131831524,square-1-4,260,0.99
4863,square,0000-0112,noise_sampled_s_1_m_08000_a_02000_d_03000_l_01000_p_00990,40.0,40.0,9.0,5.0,112,80.21409131831524,square-1-4,261,0.99
4864,square,0000-0116,noise_sampled_s_1_m_08000_a_02000_d_03000_l_01000_p_00990,40.0,40.0,0.0,6.0,116,80.21409131831524,square-1-4,262,0.99
4865,square,0000-0120,noise_sampled_s_1_m_08000_a_02000_d_03000_l_01000_p_00990,40.0,40.0,9.0,5.0,120,80.21409131831524,square-1-4,263,0.99
4866,square,0000-0124,noise_sampled_s_1_m_08000_a_02000_d_03000_l_01000_p_00990,40.0,40.0,0.0,7.0,124,80.21409131831524,square-1-4,264,0.99
4867,square,0000-0128,noise_sampled_s_1_m_08000_a_02000_d_03000_l_01000_p_00990,40.0,40.0,9.0,5.0,128,80.21409131831524,square-1-4,265,0.99
4868,square,0000-0132,noise_sampled_s_1_m_08000_a_02000_d_03000_l_01000_p_00990,40.0,40.0,0.0,6.0,132,80.21409131831524,square-1-4,266,0.99
4869,square,0000-0136,noise_sampled_s_1_m_08000_a_02000_d_03000_l_01000_p_00990,40.0,40.0,9.0,5.0,136,80.21409131831524,square-1-4,267,0.99
4870,square,0000-0140,noise_sampled_s_1_m_08000_a_02000_d_03000_l_01000_p_00990,40.0,40.0,0.0,6.0,140,80.21409131831524,square-1-4,268,0.99
4871,square,0000-0144,noise_sampled_s_1_m_08000_a_02000_d_03000_l_01000_p_00990,40.0,40.0,9.0,5.0,144,80.21409131831524,square-1-4,269,0.99
4872,square,0000-0148,noise_sampled_s_1_m_08000_a_02000_d_03000_l_01000_p_00990,40.0,40.0,0.0,7.0,148,80.21409131831524,square-1-4,270,0.99
4873,square,0000-0152,noise_sampled_s_1_m_08000_a_02000_d_03000_l_01000_p_00990,40.0,40.0,9.0,5.0,152,80.21409131831524,square-1-4,271,0.99
4874,square,0000-0156,noise_sampled_s_1_m_08000_a_02000_d_03000_l_01000_p_00990,40.0,40.0,0.0,6.0,156,80.21409131831524,square-1-4,272,0.99
4875,triangle,0000-0004,noise_sampled_s_1_m_08000_a_02000_d_03000_l_01000_p_00990,40.0,40.0,2.0,5.0,4,91.67324722093171,triangle-1-6,234,0.99
4876,triangle,0000-0008,noise_sampled_s_1_m_08000_a_02000_d_03000_l_01000_p_00990,40.0,40.0,4.0,2.0,8,91.67324722093171,triangle-1-6,235,0.99
4877,triangle,0000-0012,noise_sampled_s_1_m_08000_a_02000_d_03000_l_01000_p_00990,40.0,40.0,3.0,4.0,12,91.67324722093171,triangle-1-6,236,0.99
4878,triangle,0000-0016,noise_sampled_s_1_m_08000_a_02000_d_03000_l_01000_p_00990,40.0,40.0,3.0,4.0,16,91.67324722093171,triangle-1-6,237,0.99
4879,triangle,0000-0020,noise_sampled_s_1_m_08000_a_02000_d_03000_l_01000_p_00990,40.0,40.0,4.0,2.0,20,91.67324722093171,triangle-1-6,238,0.99
4880,triangle,0000-0024,noise_sampled_s_1_m_08000_a_02000_d_03000_l_01000_p_00990,40.0,40.0,3.0,4.0,24,91.67324722093171,triangle-1-6,239,0.99
4881,triangle,0000-0028,noise_sampled_s_1_m_08000_a_02000_d_03000_l_01000_p_00990,40.0,40.0,4.0,2.0,28,91.67324722093171,triangle-1-6,240,0.99
4882,triangle,0000-0032,noise_sampled_s_1_m_08000_a_02000_d_03000_l_01000_p_00990,40.0,40.0,3.0,4.0,32,91.67324722093171,triangle-1-6,241,0.99
4883,triangle,0000-0036,noise_sampled_s_1_m_08000_a_02000_d_03000_l_01000_p_00990,40.0,40.0,3.0,4.0,36,91.67324722093171,triangle-1-6,242,0.99
4884,triangle,0000-0040,noise_sampled_s_1_m_08000_a_02000_d_03000_l_01000_p_00990,40.0,40.0,3.0,4.0,40,91.67324722093171,triangle-1-6,243,0.99
4885,triangle,0000-0044,noise_sampled_s_1_m_08000_a_02000_d_03000_l_01000_p_00990,40.0,40.0,4.0,2.0,44,91.67324722093171,triangle-1-6,244,0.99
4886,triangle,0000-0048,noise_sampled_s_1_m_08000_a_02000_d_03000_l_01000_p_00990,40.0,40.0,3.0,4.0,48,91.67324722093171,triangle-1-6,245,0.99
4887,triangle,0000-0052,noise_sampled_s_1_m_08000_a_02000_d_03000_l_01000_p_00990,40.0,40.0,4.0,2.0,52,91.67324722093171,triangle-1-6,246,0.99
4888,triangle,0000-0056,noise_sampled_s_1_m_08000_a_02000_d_03000_l_01000_p_00990,40.0,40.0,3.0,4.0,56,91.67324722093171,triangle-1-6,247,0.99
4889,triangle,0000-0060,noise_sampled_s_1_m_08000_a_02000_d_03000_l_01000_p_00990,40.0,40.0,3.0,4.0,60,91.67324722093171,triangle-1-6,248,0.99
4890,triangle,0000-0064,noise_sampled_s_1_m_08000_a_02000_d_03000_l_01000_p_00990,40.0,40.0,4.0,2.0,64,91.67324722093171,triangle-1-6,249,0.99
4891,triangle,0000-0068,noise_sampled_s_1_m_08000_a_02000_d_03000_l_01000_p_00990,40.0,40.0,3.0,4.0,68,91.67324722093171,triangle-1-6,250,0.99
4892,triangle,0000-0072,noise_sampled_s_1_m_08000_a_02000_d_03000_l_01000_p_00990,40.0,40.0,3.0,4.0,72,91.67324722093171,triangle-1-6,251,0.99
4893,triangle,0000-0076,noise_sampled_s_1_m_08000_a_02000_d_03000_l_01000_p_00990,40.0,40.0,3.0,4.0,76,91.67324722093171,triangle-1-6,252,0.99
4894,triangle,0000-0080,noise_sampled_s_1_m_08000_a_02000_d_03000_l_01000_p_00990,40.0,40.0,4.0,2.0,80,91.67324722093171,triangle-1-6,253,0.99
4895,triangle,0000-0084,noise_sampled_s_1_m_08000_a_02000_d_03000_l_01000_p_00990,40.0,40.0,3.0,4.0,84,91.67324722093171,triangle-1-6,254,0.99
4896,triangle,0000-0088,noise_sampled_s_1_m_08000_a_02000_d_03000_l_01000_p_00990,40.0,40.0,3.0,4.0,88,91.67324722093171,triangle-1-6,255,0.99
4897,triangle,0000-0092,noise_sampled_s_1_m_08000_a_02000_d_03000_l_01000_p_00990,40.0,40.0,3.0,4.0,92,91.67324722093171,triangle-1-6,256,0.99
4898,triangle,0000-0096,noise_sampled_s_1_m_08000_a_02000_d_03000_l_01000_p_00990,40.0,40.0,4.0,2.0,96,91.67324722093171,triangle-1-6,257,0.99
4899,triangle,0000-0100,noise_sampled_s_1_m_08000_a_02000_d_03000_l_01000_p_00990,40.0,40.0,3.0,4.0,100,91.67324722093171,triangle-1-6,258,0.99
4900,triangle,0000-0104,noise_sampled_s_1_m_08000_a_02000_d_03000_l_01000_p_00990,40.0,40.0,3.0,4.0,104,91.67324722093171,triangle-1-6,259,0.99
4901,triangle,0000-0108,noise_sampled_s_1_m_08000_a_02000_d_03000_l_01000_p_00990,40.0,40.0,4.0,2.0,108,91.67324722093171,triangle-1-6,260,0.99
4902,triangle,0000-0112,noise_sampled_s_1_m_08000_a_02000_d_03000_l_01000_p_00990,40.0,40.0,3.0,4.0,112,91.67324722093171,triangle-1-6,261,0.99
4903,triangle,0000-0116,noise_sampled_s_1_m_08000_a_02000_d_03000_l_01000_p_00990,40.0,40.0,3.0,4.0,116,91.67324722093171,triangle-1-6,262,0.99
4904,triangle,0000-0120,noise_sampled_s_1_m_08000_a_02000_d_03000_l_01000_p_00990,40.0,40.0,3.0,4.0,120,91.67324722093171,triangle-1-6,263,0.99
4905,triangle,0000-0124,noise_sampled_s_1_m_08000_a_02000_d_03000_l_01000_p_00990,40.0,40.0,3.0,4.0,124,91.67324722093171,triangle-1-6,264,0.99
4906,triangle,0000-0128,noise_sampled_s_1_m_08000_a_02000_d_03000_l_01000_p_00990,40.0,40.0,4.0,2.0,128,91.67324722093171,triangle-1-6,265,0.99
4907,triangle,0000-0132,noise_sampled_s_1_m_08000_a_02000_d_03000_l_01000_p_00990,40.0,40.0,3.0,4.0,132,91.67324722093171,triangle-1-6,266,0.99
4908,triangle,0000-0136,noise_sampled_s_1_m_08000_a_02000_d_03000_l_01000_p_00990,40.0,40.0,4.0,2.0,136,91.67324722093171,triangle-1-6,267,0.99
4909,triangle,0000-0140,noise_sampled_s_1_m_08000_a_02000_d_03000_l_01000_p_00990,40.0,40.0,3.0,4.0,140,91.67324722093171,triangle-1-6,268,0.99
4910,triangle,0000-0144,noise_sampled_s_1_m_08000_a_02000_d_03000_l_01000_p_00990,40.0,40.0,3.0,4.0,144,91.67324722093171,triangle-1-6,269,0.99
4911,triangle,0000-0148,noise_sampled_s_1_m_08000_a_02000_d_03000_l_01000_p_00990,40.0,40.0,3.0,4.0,148,91.67324722093171,triangle-1-6,270,0.99
4912,triangle,0000-0152,noise_sampled_s_1_m_08000_a_02000_d_03000_l_01000_p_00990,40.0,40.0,3.0,4.0,152,91.67324722093171,triangle-1-6,271,0.99
4913,triangle,0000-0156,noise_sampled_s_1_m_08000_a_02000_d_03000_l_01000_p_00990,40.0,40.0,4.0,2.0,156,91.67324722093171,triangle-1-6,272,0.99
