{
    "gravity": {
        "y": 0,
        "x": 0
    },
    "autoClearForces": true,
    "continuousPhysics": true,
    "subStepping": false,
    "warmStarting": true,
    "body": [
        {
            "angle": 0.0,
            "name": "red_triangle",
            "color": [
                1.0,
                0.0,
                0.0
            ],
            "position": {
                "x": 0,
                "y": 0
            },
            "type": 0,
            "zorder": 10,
            "fixture": [
                {
                    "density": 0.0,
                    "group_index": 0,
                    "polygon": {
                        "vertices": {
                            "x": [
                                -11.508987,
                                -11.508987,
                                11.94448,
                                0.21774247,
                                -11.508987,
                                -11.508987
                            ],
                            "y": [
                                7.4671608,
                                7.4671608,
                                7.4671608,
                                -12.869793,
                                7.4671608,
                                7.4671608
                            ]
                        }
                    }
                }
            ]
        },
        {
            "angle": 0.0,
            "name": "blue_square",
            "color": [
                0.0,
                0.0,
                1.0
            ],
            "position": {
                "x": 1e10,
                "y": 1e10
            },
            "type": 0,
            "zorder": 11,
            "fixture": [
                {
                    "density": 0.0,
                    "group_index": 0,
                    "polygon": {
                        "vertices": {
                            "x": [
                                -6.5762505,
                                -6.5762505,
                                6.9261569,
                                6.9261569,
                                -6.5762505,
                                -6.5762505,
                                -6.5762505
                            ],
                            "y": [
                                -6.0821201,
                                -6.0821201,
                                -6.0821201,
                                7.4251088,
                                7.4251088,
                                -6.0821201,
                                -6.0821201
                            ]
                        }
                    }
                }
            ]
        },
        {
            "angle": 0.0,
            "name": "mask",
            "color": [
                1.0,
                1.0,
                1.0
            ],
            "position": {
                "x": 1e10,
                "y": 1e10
            },
            "type": 0,
            "zorder": 0,
            "fixture": [
                {
                    "density": 0.0,
                    "group_index": 0,
                    "polygon": {
                        "vertices": {
                            "x": [
                                3.5562441,
                                3.5562441,
                                0.20292189,
                                -3.1719464,
                                -5.6273042,
                                -6.50524,
                                -5.57051,
                                -3.0735759999999996,
                                0.3165109000000004,
                                3.6913798000000004,
                                6.1467376,
                                7.0246733,
                                6.0899443,
                                3.5562441,
                                3.5562441,
                                3.5562441
                            ],
                            "y": [
                                6.6444422,
                                6.6444422,
                                7.5122418,
                                6.5775126,
                                4.0805786,
                                0.69049176,
                                -2.6843778,
                                -5.1397356,
                                -6.0176707,
                                -5.0829412000000005,
                                -2.5860072000000005,
                                0.8040797399999997,
                                4.178949,
                                6.6444422,
                                6.6444422,
                                6.6444422
                            ]
                        }
                    }
                }
            ]
        },
        {
            "angle": 0.0,
            "name": "green_circle",
            "color": [
                0.0,
                1.0,
                0.0
            ],
            "position": {
                "x": 1e10,
                "y": 1e10
            },
            "type": 0,
            "zorder": 12,
            "fixture": [
                {
                    "density": 0.0,
                    "group_index": 0,
                    "polygon": {
                        "vertices": {
                            "x": [
                                3.5562441,
                                3.5562441,
                                0.20292189,
                                -3.1719464,
                                -5.6273042,
                                -6.50524,
                                -5.57051,
                                -3.0735759999999996,
                                0.3165109000000004,
                                3.6913798000000004,
                                6.1467376,
                                7.0246733,
                                6.0899443,
                                3.5562441,
                                3.5562441,
                                3.5562441
                            ],
                            "y": [
                                6.6444422,
                                6.6444422,
                                7.5122418,
                                6.5775126,
                                4.0805786,
                                0.69049176,
                                -2.6843778,
                                -5.1397356,
                                -6.0176707,
                                -5.0829412000000005,
                                -2.5860072000000005,
                                0.8040797399999997,
                                4.178949,
                                6.6444422,
                                6.6444422,
                                6.6444422
                            ]
                        }
                    }
                }
            ]
        }
    ],
    "joint": []
}
