{
    "gravity": {
        "y": 0,
        "x": 0
    },
    "autoClearForces": true,
    "continuousPhysics": true,
    "subStepping": false,
    "warmStarting": true,
    "body": [
        {
            "angle": 0.0,
            "name": "blue_square",
            "color": [
                0.0,
                0.0,
                1.0
            ],
            "position": {
                "x":1e10,
                "y":1e10
            },
            "type": 0,
            "zorder": 13,
            "fixture": [
                {
                    "density": 0.0,
                    "group_index": 0,
                    "polygon": {
                        "vertices": {
                            "x": [
                                -20.440325,
                                -20.440325,
                                11.221761,
                                11.221761,
                                -20.440324999999998,
                                -20.440325,
                                -20.440325
                            ],
                            "y": [
                                -19.039692,
                                -19.039692,
                                -19.039692,
                                7.4436912,
                                7.4436912,
                                -19.039692,
                                -19.039692
                            ]
                        }
                    }
                }
            ]
        },
        {
            "angle": 0.0,
            "name": "green_circle",
            "color": [
                0.0,
                1.0,
                0.0
            ],
            "position": {
                "x":1e10,
                "y":1e10
            },
            "type": 0,
            "zorder": 12,
            "fixture": [
                {
                    "density": 0.0,
                    "group_index": 0,
                    "polygon": {
                        "vertices": {
                            "x": [
                                2.2647657,
                                2.2647657,
                                -4.7565991,
                                -11.823077999999999,
                                -16.964236999999997,
                                -18.802505999999997,
                                -16.845318,
                                -11.617104999999999,
                                -4.518760399999999,
                                2.547720000000001,
                                7.688879000000001,
                                9.527147500000002,
                                7.5699622,
                                2.2647657,
                                2.2647657,
                                2.2647657
                            ],
                            "y": [
                                6.9565791,
                                6.9565791,
                                8.7750321,
                                6.8163299,
                                1.5840653000000007,
                                -5.5197793,
                                -12.591736999999998,
                                -17.736879,
                                -19.576572,
                                -17.617869,
                                -12.385603999999999,
                                -5.281758299999999,
                                1.790198,
                                6.9565791,
                                6.9565791,
                                6.9565791
                            ]
                        }
                    }
                }
            ]
        },
        {
            "angle": 0.0,
            "name": "red_triangle",
            "color": [
                1.0,
                0.0,
                0.0
            ],
            "position": {
                "x":1e10,
                "y":1e10
            },
            "type": 0,
            "zorder": 11,
            "fixture": [
                {
                    "density": 0.0,
                    "group_index": 0,
                    "polygon": {
                        "vertices": {
                            "x": [
                                -21.371218,
                                -21.371218,
                                11.932626,
                                -4.7193016,
                                -21.371218,
                                -21.371218
                            ],
                            "y": [
                                7.4959962,
                                7.4959962,
                                7.4959962,
                                -21.404824,
                                7.4959962,
                                7.4959962
                            ]
                        }
                    }
                }
            ]
        },
        {
            "angle": 0.0,
            "name": "mask",
            "color": [
                1.0,
                1.0,
                1.0
            ],
            "position": {
                "x":1e10,
                "y":1e10
            },
            "type": 0,
            "zorder": 1,
            "fixture": [
                {
                    "density": 0.0,
                    "group_index": 0,
                    "polygon": {
                        "vertices": {
                            "x": [
                                2.02500915,
                                2.02500915,
                                -6.97248135,
                                -16.027783500000002,
                                -22.615894500000003,
                                -24.971535,
                                -22.463505000000002,
                                -15.763840500000002,
                                -6.6677043000000015,
                                2.3875995,
                                8.975710799999997,
                                11.33135025,
                                8.8233255,
                                2.02500915,
                                2.02500915,
                                2.02500915
                            ],
                            "y": [
                                12.66432285,
                                12.66432285,
                                14.99457105,
                                12.4846011,
                                5.779739999999999,
                                -3.3234489000000014,
                                -12.3857757,
                                -18.9789945,
                                -21.3364605,
                                -18.8264895,
                                -12.1216272,
                                -3.018437999999999,
                                6.04388775,
                                12.66432285,
                                12.66432285,
                                12.66432285
                            ]
                        }
                    }
                }
            ]
        }
    ],
    "joint": []
}
