{
    "gravity": {
        "y": 0,
        "x": 0
    },
    "autoClearForces": true,
    "continuousPhysics": true,
    "subStepping": false,
    "warmStarting": true,
    "body": [
        {
            "angle": 0.0,
            "name": "blue_square",
            "color": [
                0.0,
                0.0,
                1.0
            ],
            "position": {
                "x": 1e10,
                "y": 1e10
            },
            "type": 0,
            "zorder": 13,
            "fixture": [
                {
                    "density": 0.0,
                    "group_index": 0,
                    "polygon": {
                        "vertices": {
                            "x": [
                                -20.440325,
                                -20.440325,
                                11.221761,
                                11.221761,
                                -20.440324999999998,
                                -20.440325,
                                -20.440325
                            ],
                            "y": [
                                -19.039692,
                                -19.039692,
                                -19.039692,
                                7.4436912,
                                7.4436912,
                                -19.039692,
                                -19.039692
                            ]
                        }
                    }
                }
            ]
        },
        {
            "angle": 0.0,
            "name": "green_circle",
            "color": [
                0.0,
                1.0,
                0.0
            ],
            "position": {
                "x": 1e10,
                "y": 1e10
            },
            "type": 0,
            "zorder": 12,
            "fixture": [
                {
                    "density": 0.0,
                    "group_index": 0,
                    "polygon": {
                        "vertices": {
                            "x": [
                                2.2647657,
                                2.2647657,
                                -4.7565991,
                                -11.823077999999999,
                                -16.964236999999997,
                                -18.802505999999997,
                                -16.845318,
                                -11.617104999999999,
                                -4.518760399999999,
                                2.547720000000001,
                                7.688879000000001,
                                9.527147500000002,
                                7.5699622,
                                2.2647657,
                                2.2647657,
                                2.2647657
                            ],
                            "y": [
                                6.9565791,
                                6.9565791,
                                8.7750321,
                                6.8163299,
                                1.5840653000000007,
                                -5.5197793,
                                -12.591736999999998,
                                -17.736879,
                                -19.576572,
                                -17.617869,
                                -12.385603999999999,
                                -5.281758299999999,
                                1.790198,
                                6.9565791,
                                6.9565791,
                                6.9565791
                            ]
                        }
                    }
                }
            ]
        },
        {
            "angle": 0.0,
            "name": "red_triangle",
            "color": [
                1.0,
                0.0,
                0.0
            ],
            "position": {
                "x": 1e10,
                "y": 1e10
            },
            "type": 0,
            "zorder": 11,
            "fixture": [
                {
                    "density": 0.0,
                    "group_index": 0,
                    "polygon": {
                        "vertices": {
                            "x": [
                                -21.371218,
                                -21.371218,
                                11.932626,
                                -4.7193016,
                                -21.371218,
                                -21.371218
                            ],
                            "y": [
                                7.4959962,
                                7.4959962,
                                7.4959962,
                                -21.404824,
                                7.4959962,
                                7.4959962
                            ]
                        }
                    }
                }
            ]
        },
        {
            "angle": 0.0,
            "name": "mask",
            "color": [
                0.3,
                0.3,
                0.3
            ],
            "position": {
                "x": 1e10,
                "y": 1e10
            },
            "type": 0,
            "zorder": 1,
            "fixture": [
                {
                    "density": 0.0,
                    "group_index": 0,
                    "polygon": {
                        "vertices": {
                            "x": [
                                3.038,
                                3.038,
                                -10.459,
                                -24.042,
                                -33.924,
                                -37.457,
                                -33.695,
                                -23.646,
                                -10.002,
                                3.581,
                                13.464,
                                16.997,
                                13.235,
                                3.038,
                                3.038,
                                3.038
                            ],
                            "y": [
                                18.996,
                                18.996,
                                22.492,
                                18.727,
                                8.67,
                                -4.985,
                                -18.579,
                                -28.468,
                                -32.005,
                                -28.24,
                                -18.182,
                                -4.528,
                                9.066,
                                18.996,
                                18.996,
                                18.996
                            ]
                        }
                    }
                }
            ]
        },
        {
            "angle": 0.0,
            "name": "mask_conc",
            "color": [
                1.0,
                1.0,
                1.0
            ],
            "position": {
                "x": 1e10,
                "y": 1e10
            },
            "type": 0,
            "zorder": 2,
            "fixture": [
                {
                    "density": 0.0,
                    "group_index": 0,